city,GEOID,lon,lat,pct_black,local_coef,local_t,local_sig
Chicago,17031300600,-87.717568,41.847679,0.1306486320319705,-0.23531732743417758,-1.2680631097636983,False
Chicago,17031530200,-87.632123,41.681625,0.9278100775193798,-0.21491166581078552,-1.3327066156732124,False
Chicago,17031814800,-87.7977,41.850897,0.11404189294026378,-0.17144140372559785,-1.1102264203847945,False
Chicago,17031491000,-87.627754,41.699275,0.9222484896243761,-0.20770088608893228,-1.1781079473947222,False
Chicago,17031809300,-87.685261,42.056485,0.0975609756097561,0.5159976358898235,2.3674020318342084,True
Chicago,17031841100,-87.635047,41.851049,0.03969548667754214,-0.4339471913347531,-3.3377707824068965,True
Chicago,17031826201,-87.568206,41.603056,0.8454734651404787,-0.052208252229222527,-0.37497265801303703,False
Chicago,17031820901,-87.782458,41.752458,0.0220351128627732,-0.032060824055739116,-0.268874601039137,False
Chicago,17031815300,-87.794883,41.839526,0.04153354632587859,-0.22314350019309404,-1.4025309948107765,False
Chicago,17031833000,-87.654376,41.883491,0.06812134113890367,-0.07650682902528166,-0.5374206594518686,False
Chicago,17031824507,-87.783617,41.59223,0.058027079303675046,0.1702024347803108,2.180053709771124,True
Chicago,17031231100,-87.715324,41.898708,0.47611202635914335,-0.007579008792226498,-0.051195786939937545,False
Chicago,17031500300,-87.607696,41.688814,0.45116572148708256,-0.05032119377133164,-0.23048092820660274,False
Chicago,17031260700,-87.727931,41.877218,0.8432879952690716,0.009402083946838904,0.06529420878494911,False
Chicago,17031491400,-87.616044,41.688845,0.9236405707674509,-0.14713841310837272,-0.7776490509562777,False
Chicago,17031815600,-87.826707,41.845259,0.055456490727532094,-0.010213482574275463,-0.07848329984368464,False
Chicago,17031838000,-87.680551,41.877866,0.6325914749151264,-0.15072556975179094,-0.9361609713073868,False
Chicago,17031230700,-87.721849,41.906478,0.08845287873914442,-0.03267823351918268,-0.20903417473516403,False
Chicago,17031292200,-87.715793,41.856697,0.8511216859279401,-0.1529676773023594,-0.934685303947905,False
Chicago,17031842400,-87.630788,41.747588,0.9565932259125288,-0.4396864922045237,-1.7445847115649513,False
Chicago,17031808702,-87.678057,42.053875,0.0582010582010582,0.49400865734009647,2.277055029693361,True
Chicago,17031081800,-87.638912,41.893404,0.02180603182977227,0.02898214531340168,0.2008146005689094,False
Chicago,17031843400,-87.731788,41.850302,0.5990813648293963,-0.17916964313665162,-0.9250365957435546,False
Chicago,17031813500,-87.775714,41.858253,0.05258752964151207,-0.35843090887511697,-1.796749410548806,False
Chicago,17031814200,-87.748982,41.838079,0.01329683222526398,-0.49078517635742236,-2.424384838285289,True
Chicago,17031081000,-87.63218,41.90072,0.10782071804253374,0.08631213200901744,0.5719442975540904,False
Chicago,17031161200,-87.738098,41.942209,0.024822695035460994,-0.0904435617107359,-0.611249655200876,False
Chicago,17031810400,-87.82898,41.988349,0.004252172305416898,0.022580713679595105,0.1458496596646332,False
Chicago,17031283800,-87.654047,41.863246,0.44780137600957226,-0.3525023963891857,-2.5232049922306645,True
Chicago,17031841900,-87.646507,41.867165,0.152,-0.2930063641078487,-2.1457359036034283,True
Chicago,17031420600,-87.61317,41.78302,0.9120443740095087,-0.25309284106465757,-1.3850917554515372,False
Chicago,17031300700,-87.712416,41.847794,0.029387244685285537,-0.2502953780210115,-1.429852391234628,False
Chicago,17031814900,-87.789999,41.853681,0.17980783895073968,-0.22191000851304485,-1.3300796271881645,False
Chicago,17031840700,-87.694963,41.85253,0.03717948717948718,-0.2795245684701805,-1.7100959916692984,False
Chicago,17031813302,-87.746768,41.862636,0.040694660445826855,-0.28462384048014205,-1.5827330339302457,False
Chicago,17031310800,-87.668841,41.855899,0.025389221556886228,-0.41850068108031335,-2.651497596951456,True
Chicago,17031809400,-87.680077,42.046728,0.04819473942166313,0.48138860836016334,2.2448653192546626,True
Chicago,17031281900,-87.64298,41.880252,0.045654956620679844,-0.12839734730399824,-0.9266121540870597,False
Chicago,17031838700,-87.71992,41.862586,0.9027105517909003,-0.08207902129191777,-0.5318782981891114,False
Chicago,17031063301,-87.643009,41.934278,0.05965407695022944,0.43072053328578086,1.6540275599384802,False
Chicago,17031803607,-88.01422,42.117105,0.011828180120356921,3.109047381120648,2.86317218053194,True
Chicago,17031843000,-87.720696,41.867564,0.9253472222222222,-0.05479265257503091,-0.371546037447217,False
Chicago,17031320100,-87.619103,41.885393,0.045764362220058426,-0.06007357243284859,-0.4712481133040951,False
Chicago,17031610300,-87.670976,41.813354,0.03974121996303143,-0.6741738673572614,-3.272923672213045,True
Chicago,17031291200,-87.712774,41.862185,0.9295713035870516,-0.1335412531936631,-0.853095512728373,False
Chicago,17031190900,-87.744265,41.927855,0.0425531914893617,-0.06760209457180832,-0.4732656075555927,False
Chicago,17031826800,-87.670544,41.635343,0.44038294168842473,-0.11337561142499936,-1.1858846182428386,False
Chicago,17031460500,-87.57232,41.747034,0.945925925925926,0.45953784288022415,1.4186081265435466,False
Chicago,17031840800,-87.707824,41.841463,0.0024009603841536613,-0.3254216674736924,-1.7303242088454245,False
Chicago,17031841400,-87.714151,41.85318,0.7634500426985482,-0.19156720781110217,-1.1384304350710974,False
Chicago,17031540102,-87.607377,41.657034,0.9496255956432947,-0.08592169799914728,-0.47740334505365256,False
Chicago,17031151002,-87.748107,41.942525,0.034219703574542286,-0.06672359359562557,-0.4886274871379811,False
Chicago,17031440900,-87.608574,41.729283,0.9553208773354996,0.02548252070770716,0.0828833436750346,False
Chicago,17031190100,-87.744811,41.935803,0.015913978494623657,-0.06347436336212285,-0.44871379520345744,False
Chicago,17031730400,-87.652725,41.717838,0.9527466036621383,-0.19112184746303784,-1.359364356781506,False
Chicago,17197883504,-87.847778,41.498193,0.04987486592777977,0.24704864785281913,3.045249797426216,True
Chicago,17031843100,-87.704245,41.860092,0.81740125930166,-0.1840652746935998,-1.1792349796575723,False
Chicago,17031831400,-87.764639,41.868895,0.6840425531914893,-0.44760514636125587,-1.848069601346218,False
Chicago,17031820700,-87.789682,41.817421,0.02362869198312236,-0.2719908397115764,-1.8751050001116385,False
Chicago,17031835500,-87.633472,41.815247,0.7916666666666666,-0.5124079439221445,-2.938373972971861,True
Chicago,17031809500,-87.687171,42.046133,0.08260469397146801,0.49244832444088216,2.2953408790052814,True
Chicago,17031839100,-87.630639,41.880467,0.11841146465873209,-0.11250505142968245,-0.854919944617235,False
Chicago,17031061100,-87.656966,41.949518,0.018288222384784197,0.7818247719828876,2.3042213785548777,True
Chicago,17031813802,-87.753784,41.847993,0.02601855586930214,-0.4570515992790215,-2.32093856045062,True
Chicago,17031813801,-87.74528,41.850112,0.018557422969187675,-0.3900529208016712,-1.9436361584278823,False
Chicago,17031815500,-87.787288,41.825039,0.030204572803850784,-0.3091415675072474,-1.9413819039974107,False
Chicago,17031301701,-87.719527,41.842433,0.008646880112175742,-0.3021579596637698,-1.389479499837983,False
Chicago,17031440300,-87.619936,41.744749,0.9467607440667094,-0.28425597535919295,-1.0315925957538716,False
Chicago,18089012800,-87.350747,41.599682,0.8518150174042765,0.11625310279804502,1.1116936851631956,False
Chicago,17031010100,-87.669534,42.0212,0.43384301732925584,0.4425719516111083,2.144331076741217,True
Chicago,17031823602,-87.758367,41.654153,0.054276050893863746,0.03460116405556376,0.4135497941417362,False
Chicago,17031806900,-87.754688,42.055146,0.06327218270310744,0.3942468972524612,1.8322331544498955,False
Chicago,17031841500,-87.708207,41.862218,0.9056473829201102,-0.1555957918091388,-0.9978699961970439,False
Chicago,17031830500,-87.722646,41.835226,0.00816326530612245,-0.41153482458758706,-1.5497652359244736,False
Chicago,17031817900,-87.849253,41.861629,0.7339117859725235,0.034385796290563916,0.2839201281835923,False
Chicago,17031330100,-87.623227,41.861111,0.20650289628345525,-0.29748764418470636,-2.4177141350703617,True
Chicago,17031843200,-87.671852,41.851205,0.04376548307184145,-0.46693320320217746,-2.9162943948851945,True
Chicago,17031831700,-87.745151,41.949981,0.029503799731783638,-0.10353531478075417,-0.7450077939192422,False
Chicago,17031282700,-87.687922,41.871308,0.36317435496481626,-0.1643743302975889,-1.0363260202895304,False
Chicago,17031822900,-87.794596,41.727242,0.03657362848893166,0.07911886379279887,0.6128941642440945,False
Chicago,17031300900,-87.702333,41.848223,0.012299582692730068,-0.2831854943822244,-1.691362613490936,False
Chicago,17031440600,-87.619096,41.732749,0.9463927855711423,-0.20984920518181177,-0.8245104412663073,False
Chicago,17031080400,-87.640216,41.907944,0.5296563799518494,0.17794437035262406,1.0986046777759462,False
Chicago,17031823001,-87.784207,41.704155,0.1381340579710145,0.06332047265804105,0.5993237230999594,False
Chicago,17031490902,-87.616133,41.703231,0.9586830213040671,-0.15399097611700518,-0.7356439170442958,False
Chicago,17031490901,-87.616009,41.696641,0.952982662356744,-0.14545511713200238,-0.7224627123190325,False
Chicago,17031300500,-87.721827,41.847101,0.09281529448041936,-0.2307442784556964,-1.140920884628175,False
Chicago,17031760801,-87.842194,41.979101,0.03861003861003861,0.03756258629377082,0.31463690036320024,False
Chicago,17031808800,-87.686875,42.064198,0.03686058174523571,0.5406497150249869,2.444891728177455,True
Chicago,17031280400,-87.671242,41.884277,0.8050365556458164,-0.11276149648506217,-0.7239122439883843,False
Chicago,17031310600,-87.659126,41.857035,0.06529647144416151,-0.4393444283901611,-3.0276831576307073,True
Chicago,17031500200,-87.604764,41.702562,0.9360189573459715,0.010826599806955349,0.04328445099663825,False
Chicago,18089042501,-87.379,41.479473,0.3952937460518004,0.17923497828163754,1.9206621523288476,False
Chicago,17031400800,-87.620527,41.78235,0.934550031466331,-0.2798896868396778,-1.5331116450368556,False
Chicago,17031260100,-87.722175,41.883359,0.9004739336492891,-0.015181962432543106,-0.10759891373352838,False
Chicago,17031081700,-87.631788,41.893082,0.0493046776232617,0.006272728358218329,0.044375935498518544,False
Chicago,17031231500,-87.718114,41.891984,0.7106984969053934,-0.011997446139095147,-0.08301658654931124,False
Chicago,17031292500,-87.729168,41.854535,0.8755237860488045,-0.09011264769441012,-0.5151251917477555,False
Chicago,17031820501,-87.815439,41.750458,0.01930567315834039,0.15347872581903185,0.8981369731040346,False
Chicago,17031710900,-87.640117,41.742173,0.9546858908341915,-0.3173441116349134,-1.7164004839807476,False
Chicago,17031490600,-87.629462,41.718532,0.9487179487179487,-0.2694389913756233,-1.4616903594748423,False
Chicago,17031062100,-87.651583,41.942945,0.0345821325648415,0.6496330133552032,2.1177866376611627,True
Chicago,17031813900,-87.768214,41.846515,0.05230496453900709,-0.45546969920979224,-2.4093412420786606,True
Chicago,17031161300,-87.730974,41.942388,0.03513721467042832,-0.11805324967174423,-0.7605094999886545,False
Chicago,17031838300,-87.638677,41.902537,0.30077519379844964,0.14008790687597197,0.9052303293115336,False
Chicago,17031827804,-87.595383,41.590235,0.8107335662114957,-0.05103279384756094,-0.33692256673314963,False
Chicago,17031251700,-87.745509,41.891966,0.6406829992576095,-0.23624461244434636,-1.0783225743168048,False
Chicago,17031842900,-87.662737,41.8639,0.6568548387096774,-0.3336564461011283,-2.240074116454104,True
Chicago,17031081401,-87.618755,41.894715,0.05063795853269538,0.010163861695035381,0.07409450865545329,False
Chicago,17031081402,-87.615525,41.892166,0.052750992626205334,-0.00856869984229985,-0.06480454919366482,False
Chicago,17031081403,-87.61969,41.891604,0.04033323173829117,-0.011592981390903465,-0.0860136024860426,False
Chicago,17031831000,-87.676648,41.915071,0.01595138625142423,0.16479367245059984,1.0495177472037098,False
Chicago,17031061902,-87.641151,41.94259,0.03879957127545552,0.5860867965258815,1.9822305302352137,True
Chicago,17031063200,-87.640784,41.938308,0.03463768115942029,0.5057483586022637,1.8127253906070728,False
Chicago,17031080300,-87.635499,41.907365,0.051463902527732315,0.17327291882242798,1.0523948784341968,False
Chicago,17031240300,-87.674842,41.912375,0.011013215859030838,0.15648146619410058,1.0331072735173972,False
Chicago,18127050407,-87.193436,41.59102,0.10674950578932504,0.042060237345112994,0.4105299141040519,False
Chicago,17031071800,-87.645775,41.914335,0.14969834087481146,0.19544054370680475,1.136768700394058,False
Chicago,17031070400,-87.656129,41.929172,0.04153846153846154,0.34518883505779113,1.5043728285559153,False
Chicago,17031832000,-87.653646,41.946272,0.02667313288069835,0.7162106683045145,2.2367760449669625,True
Chicago,17031340500,-87.633173,41.836368,0.04419889502762431,-0.5335030217343506,-3.50498090808395,True
Chicago,17031071200,-87.646059,41.92209,0.044735956945845944,0.2428693459789407,1.1937199211865333,False
Chicago,17031170100,-87.791495,41.955931,0.05801376597836775,-0.0015868724092793218,-0.013278397867910196,False
Chicago,17031050900,-87.685613,41.944982,0.014025245441795231,0.7496265834306688,1.851899575217086,False
Chicago,17031100100,-87.783046,41.989742,0.010834236186348862,0.05863669569355304,0.36647071482867843,False
Chicago,17031301801,-87.733317,41.840897,0.006587281479604763,-0.38025674709277507,-1.5414697454143882,False
Chicago,17031160100,-87.741825,41.965286,0.016775777414075287,-0.1873316330254628,-1.1405941344954245,False
Chicago,17031812302,-87.802094,41.896312,0.123834390152928,-0.02912256382409542,-0.22017352732961792,False
Chicago,17031812301,-87.798293,41.889336,0.1597026918441141,-0.05680059278138652,-0.40619856661465636,False
Chicago,17031062000,-87.647034,41.94283,0.027787548364403798,0.625231842734805,2.062889902404301,True
Chicago,17031830700,-87.656857,41.964591,0.3162755866200699,0.7743595244512765,2.5204424949749686,True
Chicago,17031241500,-87.671045,41.908888,0.02877454299255247,0.14757920113007625,0.9855419025877483,False
Chicago,17031031400,-87.648061,41.958923,0.08408350890633978,0.7719611472475857,2.396941752593608,True
Chicago,17031804202,-88.129137,42.121811,0.006159373796997305,1.3090892934796856,1.772907711265366,False
Chicago,17031140400,-87.737314,41.971049,0.012917115177610334,-0.08045439606914517,-0.3541725803524072,False
Chicago,17031832500,-87.662235,41.923054,0.08008398320335933,0.24722531793769434,1.2930063827142464,False
Chicago,17031031502,-87.652057,41.963977,0.4057724957555178,0.7686170206778423,2.4997348497592236,True
Chicago,17031120200,-87.758793,41.997795,0.007792754844144903,0.3006563565976299,1.115317538811889,False
Chicago,17031071500,-87.63571,41.914506,0.039637058261700095,0.20468241124326256,1.1322769111017679,False
Chicago,17031061000,-87.652158,41.949469,0.04300131636682756,0.7530306849900509,2.2921178348210844,True
Chicago,17031812400,-87.791512,41.896046,0.05349913244650087,-0.056729955983029545,-0.39089814385514027,False
Chicago,17031063303,-87.637296,41.934533,0.015698587127158554,0.4262564930565587,1.6271613659425141,False
Chicago,17031842200,-87.645724,41.90348,0.2264957264957265,0.15324125633702027,1.005540811963059,False
Chicago,17031242000,-87.664816,41.899619,0.15579710144927536,0.07615236648492,0.5257961839840521,False
Chicago,17031842300,-87.654555,41.898148,0.12694814395012752,0.09658632758660476,0.6670769998890232,False
Chicago,17031080202,-87.63071,41.90587,0.017278106508875738,0.13256334659149016,0.8345611792699448,False
Chicago,17031835200,-87.745326,41.798688,0.028949950932286556,-0.3665776308615375,-2.456739443227477,True
Chicago,17031832600,-87.652036,41.91552,0.015432843019049916,0.19714632116703754,1.1551939445366286,False
Chicago,17031071100,-87.65125,41.921585,0.03558718861209965,0.23400226127361165,1.211085046749556,False
Chicago,17031062300,-87.661507,41.941775,0.010797840431913617,0.6991581424177985,2.187349650934753,True
Chicago,18073101100,-87.175558,40.939817,0.005547850208044383,0.35414361562694313,3.5996491717357086,True
Chicago,17031030604,-87.654869,41.985458,0.13326197484613325,0.5680053402845487,2.3548877093079894,True
Chicago,17031832900,-87.662272,41.873128,0.042606516290726815,-0.2104042880449938,-1.461237960526848,False
Chicago,17031838100,-87.670666,41.878935,0.5326743547501372,-0.14792090806005337,-0.9688294380158916,False
Chicago,17031210700,-87.703871,41.935138,0.02354747888405426,0.13178333295203348,0.6135196933365881,False
Chicago,17031061200,-87.661489,41.949129,0.027432712215320912,0.7960741902691313,2.298760188171373,True
Chicago,17031062900,-87.656363,41.936443,0.016484848484848484,0.5223586556605445,1.895420806208926,False
Chicago,17031062700,-87.666101,41.936255,0.01895093062605753,0.5493423879947823,1.9983806971279534,True
Chicago,17031320600,-87.625848,41.870049,0.12259577795152463,-0.20992382070821447,-1.694501333975846,False
Chicago,17031600600,-87.654333,41.841073,0.012717536813922356,-0.6333976265888981,-3.986576268769617,True
Chicago,17031070200,-87.646075,41.929115,0.029047619047619048,0.332453596732914,1.4281030757471411,False
Chicago,17031063000,-87.651536,41.93594,0.03189932689493708,0.4920793936263642,1.8115456576570197,False
Chicago,17031843700,-87.687911,41.942738,0.035770440251572326,0.6105773879282036,1.6278555521691163,False
Chicago,17031813200,-87.795763,41.868915,0.13334788302051506,-0.13183557166547355,-0.8580800593339384,False
Chicago,17031071400,-87.637808,41.922222,0.049979846835953246,0.24731064997687952,1.2144348140384194,False
Chicago,17031062400,-87.666099,41.941689,0.019127316198445904,0.6960305542412328,2.1966165922758547,True
Chicago,17031063400,-87.646807,41.934914,0.0430285477865122,0.4498703332422328,1.714704477186393,False
Chicago,17031060400,-87.666667,41.950844,0.012941493664060394,0.8368746219690542,2.280426481362955,True
Chicago,17031081500,-87.626628,41.893162,0.029068784857191145,0.002127418018706767,0.01519444960962213,False
Chicago,17031830900,-87.688557,41.929656,0.04096228868660598,0.253053421524439,1.2628493404633028,False
Chicago,17031240500,-87.684021,41.912013,0.01954022988505747,0.09638684398010781,0.5945440081973188,False
Chicago,55059002904,-88.13802,42.524807,0.0030188679245283017,0.6130134761853564,2.2294256286653655,True
Chicago,17031410800,-87.590123,41.797339,0.2906782492482459,-0.1883077678115781,-1.0555341091013286,False
Chicago,17031061500,-87.66152,41.945462,0.014468558708959377,0.757143473467504,2.274496220249914,True
Chicago,17031161000,-87.730755,41.94977,0.02527646129541864,-0.17595896707625425,-1.0998011894653352,False
Chicago,17043846510,-88.223493,41.749806,0.1247324977071232,1.5965230192519746,4.423816647854499,True
Chicago,17031071000,-87.655942,41.9223,0.04452605003442736,0.2385759423515603,1.259288148743059,False
Chicago,17031062200,-87.656674,41.942525,0.0249691738594328,0.6743244731375424,2.1607369925735322,True
Chicago,17031833100,-87.656873,41.879509,0.08416728115453492,-0.13337928774176236,-0.9353053646857855,False
Chicago,17031110501,-87.762018,41.976771,0.00919348098620978,-0.044179099371551955,-0.30108950011162183,False
Chicago,17031050500,-87.683253,41.950241,0.01387531756888802,0.8226844018469684,2.0034117186494025,True
Chicago,17097865600,-87.776761,42.164979,0.0062911066628538745,1.135832878170798,4.499541021129255,True
Chicago,17031062800,-87.661266,41.936186,0.02233186185406388,0.5363992645127683,1.941220228928477,False
Chicago,17031841000,-87.622965,41.8479,0.4647887323943662,-0.4061967264499764,-3.14843280715866,True
Chicago,17031310200,-87.644368,41.857348,0.09571788413098237,-0.4070679580220068,-3.0700266867139416,True
Chicago,17031081202,-87.625511,41.902345,0.02710753649091451,0.07225011299717543,0.48387602024515425,False
Chicago,17031831900,-87.668457,41.945125,0.01381578947368421,0.787390315001219,2.280745189751032,True
Chicago,17031081201,-87.626453,41.899304,0.047637795275590554,0.05031566034587026,0.34624918652186526,False
Chicago,17097861509,-87.920253,42.360563,0.12655538694992413,0.17588128593675276,0.6808553586444273,False
Chicago,17031831100,-87.720877,41.942338,0.02926683589667015,-0.10332725511027879,-0.5983360140174452,False
Chicago,17031081300,-87.620691,41.898683,0.03375451263537906,0.03637188374824627,0.2568910499631654,False
Chicago,17097864407,-88.08938,42.225563,0.011459589867310011,2.7263299954208042,2.7438418254404997,True
Chicago,17031070300,-87.651219,41.929142,0.01724534375718556,0.3363445878938467,1.4584899635474715,False
Chicago,17031063100,-87.64671,41.938443,0.021464646464646464,0.5343033691544739,1.8755678116993098,False
Chicago,17031071300,-87.641373,41.922083,0.013100436681222707,0.24484676746425077,1.1971930203728647,False
Chicago,17097864409,-88.084119,42.190351,0.016185476815398076,3.0405144067026577,2.9045685680708178,True
Chicago,17031190402,-87.771537,41.93448,0.029089535323007176,-0.0057171934307924804,-0.0462859648583139,False
Chicago,17031051300,-87.67601,41.935755,0.022359821121431027,0.5464887612388101,2.0314646032609467,True
Chicago,17031804701,-88.131925,42.058073,0.10844570617459191,0.4415253031714893,0.646106992199869,False
Chicago,17111871500,-88.490743,42.208614,0.013049683952966764,1.9067086760235767,2.627311373271462,True
Chicago,17031081600,-87.628935,41.892126,0.02783109404990403,-0.005143623128478181,-0.03682154113709901,False
Chicago,17031040600,-87.683992,41.966684,0.01541501976284585,0.6422039913530643,2.209967248779541,True
Chicago,17031840200,-87.649581,41.842421,0.022426912294753704,-0.5890571438591022,-3.9291871755021424,True
Chicago,17031110100,-87.771625,41.986246,0.027658045977011495,0.043582695979961755,0.27721798173118267,False
Chicago,17031280100,-87.6429,41.886263,0.048915240533620806,-0.05416374867603384,-0.38176020180625403,False
Chicago,17031071700,-87.641199,41.912741,0.09397590361445783,0.19374961172719052,1.1161146983088255,False
Chicago,17197880304,-88.156567,41.718581,0.018931845356715823,1.4227296662173154,4.226937540629548,True
Chicago,17197880305,-88.176056,41.701951,0.027911275415896487,1.3869838137192743,4.3513413970808195,True
Chicago,17197880307,-88.197023,41.717611,0.0798697270471464,1.4723191911131157,4.407648611011985,True
Chicago,17043846504,-88.165901,41.772864,0.06881889763779528,1.2556169746412167,3.63548676011175,True
Chicago,17043844402,-87.987444,41.824061,0.058244111349036405,0.27403056473580734,1.8479846309334444,False
Chicago,17043845805,-87.958712,41.734239,0.03594692400482509,0.6410041688698119,2.5521194741037774,True
Chicago,17043846515,-88.240962,41.742147,0.12767527675276752,1.6753632583468343,4.487084652301501,True
Chicago,17197880120,-88.128744,41.696508,0.20315909799438844,1.2449739277068494,3.7931992541275146,True
Chicago,17093890400,-88.417877,41.688372,0.07898844832969092,1.8781237719633639,4.344482185385469,True
Chicago,17043846203,-88.114016,41.743791,0.02213096052931782,1.3762828888002205,3.7242155872550247,True
Chicago,17197880309,-88.195005,41.689568,0.03508771929824561,1.3300166362304455,4.394285475780924,True
Chicago,17197880308,-88.184292,41.661081,0.10355410355410355,0.986308826792383,3.9552337282905605,True
Chicago,17043846206,-88.135836,41.744762,0.02827521206409048,1.3542848954863436,3.9301872063588847,True
Chicago,17043846207,-88.140568,41.735489,0.013657623947614593,1.4007452078524618,4.043197057856979,True
Chicago,17043845704,-88.004824,41.757814,0.08946078431372549,0.9025817148758188,2.4835145930364178,True
Chicago,17197880105,-88.108234,41.69793,0.18913130772319636,1.1826669642115537,3.5368041559121,True
Chicago,17197880306,-88.160664,41.694687,0.07822685788787484,1.3253108915663614,4.267314350011208,True
Chicago,17031811702,-87.90173,41.926249,0.030274888558692422,0.02174235157229082,0.1853504910266802,False
Chicago,18127051002,-87.008212,41.446644,0.013487279043629305,0.09599911763402763,1.0182032267920187,False
Chicago,17043846511,-88.249244,41.730439,0.1335872048743336,1.6584800360551415,4.577621611284469,True
Chicago,17043846209,-88.1386,41.766589,0.0199184065274778,1.1990419159591177,3.559875777593927,True
Chicago,17197880303,-88.175683,41.717152,0.02769006558173427,1.4367428004752305,4.298877692027994,True
Chicago,17089854504,-88.42688,41.787136,0.017000377786173027,2.098664631619126,3.6985256118587895,True
Chicago,17111870902,-88.407842,42.283706,0.023947151114781174,2.0665579516531647,2.212352318885344,True
Chicago,17197883206,-88.149715,41.529488,0.13559724530990264,0.4052658997178462,1.7846930339687204,False
Chicago,17043845810,-87.96578,41.749775,0.09023850504057045,0.5853676319994321,2.6685622921232417,True
Chicago,17031770202,-88.006142,42.005768,0.01383399209486166,-0.17935365289078728,-0.23959770692636115,False
Chicago,17043841207,-88.091212,41.919577,0.03870967741935484,-0.7436125087287846,-1.1519006648425898,False
Chicago,17043846305,-88.051589,41.755817,0.05714788113240724,1.0880314439653165,2.715611154073826,True
Chicago,17043846304,-88.093591,41.743409,0.02348993288590604,1.3009329120286377,3.4722724775854625,True
Chicago,17043846307,-88.037772,41.76733,0.10500841750841751,0.9598564362758084,2.5374115048969057,True
Chicago,17197880312,-88.216439,41.703822,0.04715374935228366,1.4624984203526177,4.509660859165772,True
Chicago,17043846308,-88.034329,41.743439,0.13986928104575164,1.0943977481535088,2.624919757461618,True
Chicago,17043846413,-88.194185,41.796686,0.05528586839266451,1.3160390951207364,3.247397682421651,True
Chicago,17031804603,-88.048488,42.054621,0.07857016457264202,0.7767865435792605,1.098981519917785,False
Chicago,17043846103,-88.125962,41.779883,0.029484496861327755,1.068644381928881,3.142016845414561,True
Chicago,17043846102,-88.104119,41.802264,0.12114633087277464,0.8324768780527259,2.417909454645998,True
Chicago,17043846106,-88.134898,41.800186,0.033800494641384994,0.8982428697607135,2.5639918927048386,True
Chicago,17043846105,-88.13742,41.787438,0.016861960560160046,1.030645208586829,2.97577672169343,True
Chicago,17093890302,-88.337101,41.701838,0.03956657363322935,1.728886342429258,4.237908996039417,True
Chicago,17043841706,-88.039492,41.880476,0.0705521472392638,-0.30385337721276606,-0.7922421847036077,False
Chicago,17043843000,-87.957503,41.896627,0.03890384144849523,0.1045974533400337,0.8043120868235965,False
Chicago,17031823200,-87.748225,41.677621,0.07706806282722513,-0.011443165450905977,-0.12817171169381758,False
Chicago,17043842900,-87.941644,41.898863,0.026901361673862503,0.07657950788486335,0.6102187910162379,False
Chicago,17043846519,-88.189588,41.762362,0.07552491382011908,1.4241944674834084,4.050100068260512,True
Chicago,17043842710,-88.06944,41.846846,0.07122207621550591,0.05822806914847825,0.11864278814887173,False
Chicago,17043842704,-88.084784,41.847633,0.08398849472674975,0.0443890810938638,0.0906692400669415,False
Chicago,17043845300,-87.92602,41.799029,0.005685407454200884,0.25817245510063624,2.149226511602057,True
Chicago,17043846521,-88.175213,41.757443,0.02938840349483717,1.3744059109121225,3.986898007721556,True
Chicago,17197880116,-88.057126,41.709863,0.21730175077239958,1.1289883926084057,3.001805727716402,True
Chicago,17093890102,-88.348951,41.670604,0.053664668342680334,1.5234676935334879,4.222758195489949,True
Chicago,17093890101,-88.284014,41.700734,0.10889838741014184,1.5961552936492214,4.508163512014498,True
Chicago,17043846208,-88.126954,41.76381,0.007864108210128971,1.207894703247735,3.55735408224554,True
Chicago,17197880118,-88.108223,41.721724,0.017750213857998288,1.4002688984113933,3.5311495818460226,True
Chicago,17197880119,-88.134766,41.721848,0.016647919010123736,1.402350177090003,4.079909270177896,True
Chicago,17031800100,-87.752362,42.134393,0.008768267223382045,0.9508160391404693,3.8436778610593145,True
Chicago,17031252102,-87.760301,41.876311,0.9301761758525942,-0.4478572237633426,-1.6364168840020035,False
Chicago,17089852904,-88.27581,41.762549,0.09908609908609908,1.870168534866745,4.263108108638341,True
Chicago,17063000600,-88.448308,41.219713,0.004246284501061571,0.8355719973991863,3.8703360060769216,True
Chicago,17197882000,-88.078467,41.525289,0.4006979695431472,0.37890743986272757,1.6618157158205384,False
Chicago,17043846507,-88.250698,41.769557,0.13392293114339862,1.7536575124362686,4.269931645474149,True
Chicago,17031820101,-87.899313,41.776548,0.018633540372670808,0.1793593970772226,1.559002643912042,False
Chicago,17043846315,-88.063416,41.775029,0.024609559867486985,0.9960736933236397,2.7451226555396833,True
Chicago,17043846408,-88.243773,41.781704,0.06338848753204382,1.7350035531520795,4.062047511007908,True
Chicago,17037002000,-88.61959,41.652863,0.006973795435333897,1.8774198185365352,4.183030466376627,True
Chicago,17197880204,-88.114873,41.644879,0.10796747967479675,0.6896660534667836,3.0570034047888153,True
Chicago,17043846522,-88.190731,41.752662,0.07167572911517549,1.4535157062255526,4.171801072415551,True
Chicago,17043842708,-88.049235,41.846629,0.012152097216777734,0.06584412300228164,0.14583661338350581,False
Chicago,17043846524,-88.174889,41.737351,0.06073476321936717,1.4362641192886423,4.166376325889453,True
Chicago,17141961000,-89.088446,42.089461,0.008170411438576015,1.964318004620056,2.9498214161870813,True
Chicago,17089852401,-88.419081,41.954413,0.010080881491032704,1.5887953972116338,2.7163322341600824,True
Chicago,17037000300,-88.865169,41.951351,0.016666666666666666,2.0138101362760286,3.402090964293258,True
Chicago,17031241600,-87.665426,41.906548,0.03678551216751556,0.14069495244003985,0.9576198071396382,False
Chicago,17043844601,-87.942684,41.845086,0.0242624758753791,0.21768874603388733,1.7552305743226044,False
Chicago,17007010400,-88.827962,42.237926,0.02155671296296296,1.8006293722205564,2.6452026327711216,True
Chicago,17037000200,-88.81081,42.101163,0.005317970307999114,1.9106852295356984,2.9280369330719367,True
Chicago,17103000900,-89.085226,41.684069,0.009262117937635072,1.8684349449703443,3.1329479325749663,True
Chicago,17089852403,-88.543106,41.852288,0.00215222070045001,1.8916454512452765,3.764757137196618,True
Chicago,17089854001,-88.361018,41.753815,0.05733105635520859,2.022586114944693,3.90929947482268,True
Chicago,17031817102,-87.865179,41.877465,0.7476250791640279,0.031080769981741738,0.2699496329610387,False
Chicago,17007010601,-88.78913,42.411386,0.007798284377436964,1.7913579778952864,2.570044362090525,True
Chicago,17099961800,-88.921369,41.565819,0.0018995929443690637,1.8558709844520749,3.6179594036883516,True
Chicago,17031260800,-87.7228,41.877265,0.9088507265521797,-0.018395452341044283,-0.12886871613181206,False
Chicago,17037000500,-88.713878,41.982985,0.055773955773955775,1.9098838571713979,3.173303385392615,True
Chicago,17037001800,-88.828591,41.761823,0.0066418703506907545,1.9730985755753787,3.7007141336641047,True
Chicago,55059000300,-87.822142,42.605594,0.0961873427520805,0.16106927747896554,0.6474522818415536,False
Chicago,17031320400,-87.626385,41.876018,0.08753501400560224,-0.14940433054909102,-1.1882778888686425,False
Chicago,17031824506,-87.780011,41.615156,0.05271870622691965,0.14132087159620835,1.7881434932111095,False
Chicago,17037001002,-88.78066,41.941689,0.3008532423208191,2.003824862478041,3.4511093540594513,True
Chicago,17043841323,-88.169738,41.943239,0.04577691811734365,0.09326509478628986,0.14256710029245714,False
Chicago,17043843100,-87.975615,41.897094,0.0906801007556675,0.10742903093962428,0.7827499032332973,False
Chicago,17111871306,-88.273787,42.2104,0.008062545809919374,1.6230391223949057,1.868231656267219,False
Chicago,17031821101,-87.76212,41.738021,0.008408531583264971,-0.0971619595891351,-0.98740569548758,False
Chicago,17037001300,-88.754785,41.928869,0.07290677805202202,1.9905129243574067,3.528421064973743,True
Chicago,17111871301,-88.317615,42.235804,0.015317739598426828,1.7143655679007463,1.8607579340935196,False
Chicago,17037001600,-88.672439,41.921043,0.026694045174537988,1.9102316081474828,3.356424039782165,True
Chicago,17031803400,-87.971124,42.074947,0.010922330097087379,2.136880388362439,1.9272836108189346,False
Chicago,17031804609,-88.046346,42.030775,0.022938018545632016,0.12607411060032192,0.18836859404479775,False
Chicago,17031816402,-87.852165,41.895072,0.05784753363228699,0.030761953231882785,0.2811148367277864,False
Chicago,17031818401,-87.899042,41.862868,0.32023249377248825,0.07232337389241514,0.604527112389676,False
Chicago,55059000602,-87.859262,42.618157,0.06343623811384655,0.19601260774444518,0.7920068430301515,False
Chicago,17111870200,-88.572044,42.400462,0.003859708004698775,2.1379026113971387,2.9631251994216528,True
Chicago,17037001400,-88.771301,41.916664,0.09182231988698791,2.0033420407507436,3.573916022365359,True
Chicago,17089850703,-88.530047,42.032333,0.0037593984962406013,1.4738139814060638,2.5308189786759168,True
Chicago,17089854501,-88.417712,41.85884,0.013023522662076879,1.9104897797409541,3.3022365587294473,True
Chicago,17037001500,-88.744906,41.917225,0.040459410075698254,1.9895898725095975,3.5424818164185794,True
Chicago,17007010500,-88.883754,42.299984,0.015734265734265736,1.800870078591113,2.5670798228379095,True
Chicago,17089850701,-88.396341,42.067093,0.02059254913464359,1.163926749549622,1.4305431919090883,False
Chicago,17089852601,-88.323746,41.890681,0.006699480448455018,1.713743333976072,3.144002629271587,True
Chicago,17089853001,-88.359743,41.79412,0.09369771332961517,2.062613366345851,3.6791508497148966,True
Chicago,17043846509,-88.222986,41.760648,0.1533356024506467,1.606756510821325,4.30104401480146,True
Chicago,17043846003,-88.067376,41.797648,0.03296213808463252,0.8078639059683278,2.3623209859657828,True
Chicago,17031824107,-87.813457,41.608606,0.03186601452497406,0.18025149076816505,2.238702022988709,True
Chicago,17031804507,-88.228788,42.004951,0.04329411764705882,0.7525912346024586,1.1419918606162351,False
Chicago,17089852906,-88.299557,41.797005,0.10123647604327667,2.0184483470240377,3.8017098261585773,True
Chicago,17201003705,-88.985388,42.211957,0.019161928827121498,1.932075477022197,2.7337348818863574,True
Chicago,17037002200,-88.77418,41.936231,0.30076103500761037,2.0020752182572603,3.4801563357435334,True
Chicago,17037000800,-88.726754,41.940511,0.07596081386586284,1.9646149118257699,3.403898094840418,True
Chicago,17141961100,-89.049093,41.936799,0.02769717752571881,1.962023821189228,3.151597869525338,True
Chicago,17111870101,-88.329233,42.462215,0.009368635437881873,2.3752056539487065,2.4760134631344943,True
Chicago,17031040402,-87.678145,41.971954,0.03034134007585335,0.6220630123532798,2.3462951119215805,True
Chicago,17089852803,-88.290613,41.850559,0.056290064102564104,1.7997454686879264,3.2899700941293935,True
Chicago,17037000600,-88.685187,41.983285,0.030241594863997297,1.8582278390864508,3.046434954774327,True
Chicago,17037000100,-88.6933,42.09448,0.007273267032803918,1.7553925969992175,2.799224517412471,True
Chicago,17103000100,-89.1245,41.837717,0.008689355539464157,1.9196293657304557,3.1210541255150885,True
Chicago,17031560800,-87.772456,41.796552,0.010735656458993312,-0.3157223420454009,-2.3742500543136673,True
Chicago,17031030601,-87.656375,41.988435,0.17066504706954144,0.5372620413226298,2.3012413331448145,True
Chicago,17111870604,-88.264091,42.358357,0.014068378864714542,2.3347068451234585,2.185489853923373,True
Chicago,17043841503,-88.19887,41.870517,0.006388888888888889,0.5622279464734201,0.9646401252544128,False
Chicago,17089850702,-88.491473,42.118609,0.022329566168428728,1.5478610592635036,2.399710288550252,True
Chicago,17111870606,-88.269298,42.337419,0.008365019011406844,2.310027276633289,2.121613130470085,True
Chicago,18181958200,-86.874223,40.863397,0.0037891836031691355,0.27586557253677646,2.740576731503152,True
Chicago,18131959200,-86.791716,40.979837,0.0016983695652173913,0.2219290007182711,2.22256723544156,True
Chicago,18089021100,-87.459982,41.581761,0.1671451355661882,0.13975191945940052,1.268345413901905,False
Chicago,18111100600,-87.335063,40.822853,0.0016038492381716118,0.5043040234979144,4.858055006618964,True
Chicago,18073101200,-87.130134,40.943201,0.004632152588555858,0.3293730473645815,3.3599158442617636,True
Chicago,18073101300,-87.149845,40.825841,0.003861003861003861,0.406032971211567,3.8540074358042555,True
Chicago,17031843900,-87.576105,41.773657,0.8578832515002728,-0.06409732407872595,-0.2908937284834585,False
Chicago,17031430900,-87.580107,41.760866,0.9599332220367279,0.08383943849633811,0.2932837378970222,False
Chicago,17031400500,-87.622957,41.790797,0.9409780775716695,-0.3371715723779737,-1.872404470431396,False
Chicago,17031825900,-87.540042,41.620885,0.5849514563106796,-0.03544090916390904,-0.263597868493163,False
Chicago,17031730700,-87.647713,41.703579,0.9316089434458571,-0.19350206073276255,-1.3827702200882515,False
Chicago,17031381800,-87.621067,41.803988,0.9069767441860465,-0.3847896009141213,-2.1856438491683394,True
Chicago,17031420800,-87.60298,41.776453,0.9124949124949125,-0.1946377478215889,-1.0108956554733668,False
Chicago,17031450300,-87.58052,41.741342,0.9511070110701108,0.5277395027564442,1.5615383839976247,False
Chicago,17031829401,-87.661351,41.497172,0.8112488083889419,0.08443350370403226,0.908772611308849,False
Chicago,17031710500,-87.668261,41.747594,0.9350842418235877,-0.13490272789529878,-0.9325088994801111,False
Chicago,17037001001,-88.76769,41.950954,0.22409435551811288,1.9927981265606576,3.4050771083328746,True
Chicago,17031160200,-87.737337,41.959136,0.03599755948749237,-0.20489058749569547,-1.2745900899585139,False
Chicago,17031430500,-87.580428,41.76437,0.9402147388970229,0.014405538075058092,0.05567629907612439,False
Chicago,17031351000,-87.613201,41.834239,0.7057692307692308,-0.4231997171405739,-2.897685779290636,True
Chicago,17031720100,-87.675003,41.725947,0.32924641148325356,-0.1477135117479675,-1.1659678864481522,False
Chicago,17031836200,-87.599312,41.792601,0.05325987144168962,-0.22351362759498147,-1.239447903827115,False
Chicago,17031840100,-87.639553,41.842142,0.010234400792340706,-0.5394491818567559,-3.6936952848388636,True
Chicago,17031410700,-87.594112,41.798315,0.22259274697790746,-0.20871438177252413,-1.1807181289645523,False
Chicago,17031802100,-87.811292,42.071834,0.007766470273165506,0.610878635427027,1.8447653473644026,False
Chicago,17031730500,-87.638286,41.714388,0.9497630331753555,-0.2416966991312219,-1.491321815278442,False
Chicago,17031490700,-87.628108,41.710904,0.9446536144578314,-0.24053641763782443,-1.3161152542724988,False
Chicago,17031834300,-87.591862,41.745443,0.9389423076923077,0.38849524569339844,1.1127200583602719,False
Chicago,17031827902,-87.537254,41.582021,0.5598946906537955,0.012713826353909337,0.11018258617356377,False
Chicago,17031350100,-87.616122,41.841673,0.4618491921005386,-0.41022066952582414,-3.0586963581575777,True
Chicago,17031690900,-87.610882,41.762075,0.9423529411764706,-0.1390515857574707,-0.47810890260253125,False
Chicago,17031420700,-87.610768,41.776461,0.9175769612711023,-0.22898467282408155,-1.1835648281698237,False
Chicago,17031480400,-87.574949,41.728958,0.9490265486725664,0.5672033980835872,1.9788089111936606,True
Chicago,17031835600,-87.633216,41.801508,0.7483296213808464,-0.4442002214960037,-2.499225853846889,True
Chicago,17031839200,-87.621867,41.842921,0.644234267006184,-0.43176586061375055,-3.2064249247262455,True
Chicago,17031400400,-87.617947,41.791137,0.9423558897243107,-0.31198214562497306,-1.7402895431578242,False
Chicago,17031691500,-87.601782,41.75442,0.9523809523809523,0.062309663681389724,0.20203248255948514,False
Chicago,17031490300,-87.61897,41.725525,0.9470394736842105,-0.1983014763583773,-0.8628648229876916,False
Chicago,17031390500,-87.599049,41.806593,0.5720288115246098,-0.2664500830565667,-1.5025748421184977,False
Chicago,17031431200,-87.571256,41.755304,0.9271911663216011,0.259587539956023,0.8012523974115566,False
Chicago,17031839800,-87.643044,41.835146,0.01154132539091586,-0.6196949223017696,-3.7135866483188518,True
Chicago,17031834400,-87.596683,41.776346,0.8818061088977424,-0.16675796007715227,-0.8483899228865658,False
Chicago,17031805107,-87.970024,42.038747,0.05255409980862653,1.5176236502401594,1.4763691902771408,False
Chicago,17031420200,-87.593887,41.782978,0.755193711398091,-0.16938239030188199,-0.9052665190975218,False
Chicago,17031411000,-87.583753,41.793428,0.3103536647872886,-0.15190608356650112,-0.8260258288053259,False
Chicago,17031826100,-87.533844,41.609328,0.5494857528241444,-0.017400304576120983,-0.13892690227994747,False
Chicago,17031540101,-87.608395,41.654215,0.9343200740055504,-0.1120639492609838,-0.6543333410415622,False
Chicago,17031750200,-87.671363,41.695544,0.5618386243386243,-0.14172970840180418,-1.182667776941031,False
Chicago,17031430101,-87.57378,41.770237,0.9332681495966756,-0.04134523628281507,-0.18351417159004066,False
Chicago,17031430102,-87.568703,41.768186,0.904639175257732,-0.016690754134483718,-0.07188802375839429,False
Chicago,17031380200,-87.615095,41.820188,0.9298172757475083,-0.41989159433676465,-2.4861641215816075,True
Chicago,17031510300,-87.570729,41.716922,0.9503092783505155,0.33559774114820995,1.3623564690523664,False
Chicago,17031805111,-87.939435,42.031597,0.04520935011559209,0.45585329417495785,0.4709208608153104,False
Chicago,17031420100,-87.588614,41.783273,0.9244823386114495,-0.14609866349561623,-0.7729529455604802,False
Chicago,17031490800,-87.615842,41.710379,0.9486007995431183,-0.15748255010053883,-0.7248168592363523,False
Chicago,17031400300,-87.620834,41.796604,0.9348404255319149,-0.3593348328929077,-1.9994219990901063,True
Chicago,17031691400,-87.610055,41.754792,0.941366168279097,-0.08529922105031923,-0.28712054833562606,False
Chicago,18089020600,-87.516325,41.619281,0.5449101796407185,0.007517104888998975,0.05945993209600139,False
Chicago,17031500100,-87.598761,41.715329,0.9613540197461213,0.2412365518360464,0.7817945869978591,False
Chicago,17031390400,-87.604176,41.805979,0.8265412748171369,-0.2909073586177543,-1.6466998611390737,False
Chicago,17031832200,-87.680102,41.919508,0.015810276679841896,0.17193475689480492,1.042762510617967,False
Chicago,17097861609,-87.98393,42.381098,0.10114503816793893,0.18749742257247257,0.763982606379166,False
Chicago,17031410900,-87.584224,41.797205,0.3242506811989101,-0.16390808946850388,-0.8950745813651879,False
Chicago,17031836400,-87.60274,41.820886,0.8748964374482188,-0.35568915435538623,-2.098032432645233,True
Chicago,17031834600,-87.634996,41.787661,0.8722952906236742,-0.3803008113038542,-2.0147608808521174,True
Chicago,17031826000,-87.530463,41.61858,0.493609022556391,-0.020406183357138098,-0.1576634917529172,False
Chicago,17031839600,-87.618657,41.827798,0.8623481781376519,-0.46167574401087164,-2.8638479034604734,True
Chicago,17031390300,-87.604015,41.812113,0.9059992357661445,-0.32262480461916726,-1.8270635340248857,False
Chicago,17031691200,-87.634002,41.755402,0.9648660518225736,-0.48644126631610585,-1.902007909617045,False
Chicago,17031430600,-87.571499,41.764054,0.9041916167664671,0.026051563403158597,0.10277130104489077,False
Chicago,17031430800,-87.570945,41.760684,0.9419978517722879,0.09070393484079037,0.328495671542606,False
Chicago,17031842600,-87.646228,41.813636,0.05041224970553593,-0.5939892152816201,-3.2584095164171827,True
Chicago,17031837800,-87.68311,41.883053,0.6640817765244977,-0.11373471876551389,-0.7074620600915602,False
Chicago,18127050101,-87.077843,41.556981,0.010726072607260726,0.05090441677960689,0.5063401378379311,False
Chicago,17037000900,-88.753402,41.946188,0.06733870967741935,1.9861189447028191,3.4049379046950756,True
Chicago,17031430200,-87.582047,41.770372,0.9007078254030673,-0.06642941752175681,-0.2977502440024199,False
Chicago,17031490500,-87.616172,41.718037,0.931328320802005,-0.16620143559525322,-0.7555101640698053,False
Chicago,17031842000,-87.623646,41.834993,0.4335907335907336,-0.4751812520017855,-3.218210913689709,True
Chicago,17031825803,-87.563821,41.619303,0.8458023019634394,-0.056096418676012776,-0.38049525628928627,False
Chicago,17031750100,-87.651463,41.695812,0.938169164882227,-0.18333706961783994,-1.3817799421955437,False
Chicago,17031834200,-87.582444,41.7547,0.9183890901342425,0.23460749461799518,0.7104319717601547,False
Chicago,17031580400,-87.708285,41.811678,0.014738231412230532,-0.3809616385077428,-1.4914429547807733,False
Chicago,17031390700,-87.586955,41.804818,0.5566442131047152,-0.19963726080784816,-1.1125708983183322,False
Chicago,17031480100,-87.575513,41.735137,0.9675162418790605,0.6045901709454329,1.9599274151425843,False
Chicago,18127050402,-87.157972,41.587841,0.07449127906976744,0.03975498020444987,0.3914453724264668,False
Chicago,17031431400,-87.556333,41.75917,0.9093210244192972,0.11885704668610424,0.4847562600788385,False
Chicago,17031750500,-87.672942,41.685779,0.7386970452118191,-0.14157826511480134,-1.242847293254222,False
Chicago,17031410100,-87.587172,41.801258,0.5013204225352113,-0.18691918658488127,-1.0457270332355364,False
Chicago,17031421200,-87.609154,41.770924,0.9338078291814946,-0.20121200957302332,-0.9223629475671474,False
Chicago,17031340400,-87.632959,41.841857,0.026030368763557483,-0.49471292370037495,-3.522887828862428,True
Chicago,17031440102,-87.602126,41.742511,0.9578860445912469,0.1899229782272063,0.5872819337059006,False
Chicago,17031440101,-87.601516,41.748611,0.9623591464876529,0.14025525501252928,0.4460544176357724,False
Chicago,17031826700,-87.632975,41.636782,0.9214957358408047,-0.18885516291508433,-1.4520622657829245,False
Chicago,17031834700,-87.645951,41.790558,0.877771461057419,-0.42932958225379597,-2.1848540060065793,True
Chicago,17031691100,-87.630701,41.76158,0.946979865771812,-0.4628198817287302,-1.661301442766135,False
Chicago,17031580300,-87.709189,41.823841,0.023282887077997673,-0.5052557371306606,-1.8468899290150504,False
Chicago,17031836100,-87.61979,41.800092,0.93608029582673,-0.3689421580708863,-2.061686507419034,True
Chicago,17031827802,-87.591469,41.600304,0.8258901629450814,-0.06310965735772088,-0.4056502644423842,False
Chicago,17031841800,-87.59828,41.764059,0.9371880199667221,-0.04630293099547884,-0.16897528518665056,False
Chicago,17031770700,-87.870918,41.992371,0.012613322822230981,-0.0017367734901873738,-0.013303183208584098,False
Chicago,17031430300,-87.589283,41.770032,0.9429241594996091,-0.09335327909147793,-0.41963578479341995,False
Chicago,18089020400,-87.505945,41.627083,0.12130177514792899,0.019943771489265825,0.15451469790585753,False
Chicago,18089042801,-87.511479,41.509445,0.04556835252879319,0.14792561319272474,1.5417236149824773,False
Chicago,17031520600,-87.538629,41.691396,0.021343873517786563,0.03542513306078569,0.15610635891280214,False
Chicago,18089030300,-87.464056,41.630466,0.702567760342368,0.07527278242819295,0.601478794703221,False
Chicago,18089041002,-87.421467,41.536911,0.08618391825855176,0.1589967475824712,1.59764327280559,False
Chicago,17031826202,-87.535769,41.593308,0.6399299474605954,-0.00036942991005815135,-0.0031089799110294823,False
Chicago,17031191200,-87.758478,41.920633,0.012073490813648294,-0.07012873017080151,-0.510200580907268,False
Chicago,18089021500,-87.52187,41.58853,0.189507930052867,0.041612044338913384,0.3627668079384766,False
Chicago,18089012600,-87.32712,41.541362,0.8158614402917046,0.14254121460437752,1.4527975920484848,False
Chicago,17031828000,-87.540097,41.572336,0.41692847902420993,0.020224548949798478,0.17990188607310634,False
Chicago,18089042403,-87.333608,41.514529,0.6628779268015458,0.15623600258003484,1.6322238937276572,False
Chicago,18089030400,-87.476642,41.633535,0.21729957805907174,0.057773865594924916,0.44307864320409,False
Chicago,17031770800,-87.867197,41.963429,0.012541953718424306,0.056202394837502584,0.5084194208040208,False
Chicago,17031520200,-87.537446,41.715016,0.10994607549430797,0.08329550222800305,0.3501894093837545,False
Chicago,18089021300,-87.489171,41.586041,0.2846216880633707,0.10800824035219497,0.9559273161519616,False
Chicago,17031827100,-87.647239,41.618472,0.7686534216335541,-0.11460311734905515,-0.9985777258568606,False
Chicago,18089040200,-87.49568,41.679251,0.032088861462511574,-0.09557331127587984,-0.6239174459597404,False
Chicago,17031691000,-87.619755,41.761914,0.9407796101949025,-0.28577405540187734,-1.0289710250489792,False
Chicago,17197883602,-87.744603,41.417122,0.2185911401597676,0.2848021080657558,3.487707344691953,True
Chicago,18089021900,-87.442228,41.593538,0.22985244040862657,0.131368852252798,1.1834994727864494,False
Chicago,18089030800,-87.451596,41.641225,0.36546286876907425,0.07659312627737044,0.5937044207373827,False
Chicago,18089042000,-87.257518,41.519569,0.053452759318116154,0.10381980364433252,1.0868931374586857,False
Chicago,18089030700,-87.457159,41.627272,0.4704968944099379,0.0858813593370048,0.69405999856946,False
Chicago,17031828702,-87.597702,41.542646,0.7602277520033741,-0.012393845139048357,-0.1102189165358672,False
Chicago,18089042300,-87.276057,41.476782,0.20381791483113068,0.13356951489218472,1.428125384758837,False
Chicago,17031828701,-87.630618,41.548922,0.6997354497354498,-0.02386739101529517,-0.2042503730389395,False
Chicago,17031550200,-87.554335,41.660223,0.06298416975412596,0.021010487521585703,0.11026715922573133,False
Chicago,17031822102,-87.73112,41.721009,0.19427175843694494,-0.09453396930176806,-0.9759150252821094,False
Chicago,18089041900,-87.238999,41.539785,0.026833631484794274,0.08452684690734816,0.8700619906574487,False
Chicago,17031828202,-87.561165,41.560884,0.5413943355119826,-0.0052138701888746405,-0.046508955603981994,False
Chicago,18089020700,-87.517983,41.607793,0.4690192860073861,0.02048520175634519,0.16832613514164857,False
Chicago,18089040600,-87.469188,41.557326,0.05340848094471283,0.1571186236925624,1.5044926692436043,False
Chicago,18089041100,-87.415578,41.572589,0.0460205739036275,0.1377150783306718,1.3341546279457044,False
Chicago,17031690300,-87.6291,41.768174,0.9435273675065161,-0.35413066480037225,-1.3795606726682945,False
Chicago,18089020900,-87.473742,41.586223,0.29971112181030335,0.1254754278141233,1.1186335970624053,False
Chicago,17031691300,-87.619339,41.754848,0.9519797809604044,-0.28425124815249914,-0.987852284339198,False
Chicago,17031828900,-87.635824,41.513728,0.35333921741688734,0.01710716396813472,0.16825833854474131,False
Chicago,18089042608,-87.498225,41.443313,0.026064291920069503,0.18704962902406802,2.206760254595765,True
Chicago,18089021000,-87.458527,41.595523,0.17634323951977957,0.12512468018512635,1.1058399995697048,False
Chicago,18089042704,-87.445792,41.492733,0.047228915662650604,0.1826060587424112,1.9699087704822822,True
Chicago,18089042703,-87.481588,41.510055,0.07080213903743315,0.17646019453379663,1.8437672523427124,False
Chicago,18089040100,-87.490106,41.672732,0.030349013657056147,-0.05133874396476265,-0.3555760739090229,False
Chicago,18089012300,-87.327877,41.55235,0.8047389205792014,0.13800768330711566,1.3913569344524113,False
Chicago,17097863702,-87.902243,42.294412,0.030902348578491966,0.3628935005428188,1.3745664282709245,False
Chicago,17031827200,-87.628718,41.612105,0.6880584890333062,-0.11377013689074587,-0.8163015942318248,False
Chicago,17031560900,-87.791281,41.795946,0.005477308294209703,-0.17113862520360767,-1.377978915321537,False
Chicago,18089030100,-87.439034,41.646763,0.8736920777279522,0.08218858531686607,0.6409754645379238,False
Chicago,18089021700,-87.502047,41.578767,0.23809523809523808,0.09815914769733079,0.8772401096155445,False
Chicago,18089030900,-87.441923,41.639448,0.48341102275843156,0.08595369263622857,0.6838748641241212,False
Chicago,18089040502,-87.465732,41.531816,0.08696868008948545,0.1708379367683075,1.7422547460365803,False
Chicago,18089040501,-87.473078,41.542846,0.21472543708446196,0.16536588787307122,1.6303129256737914,False
Chicago,18089041200,-87.395131,41.556445,0.09515011547344111,0.14022291434732875,1.389002344371087,False
Chicago,18089010203,-87.375149,41.601207,0.905327868852459,0.11585752677661007,1.101915877703003,False
Chicago,17031838800,-87.562759,41.702519,0.5177304964539007,0.18781001119695334,0.7863316163773119,False
Chicago,18089020800,-87.50205,41.604663,0.6114232209737828,0.058281781475018626,0.4830191303235647,False
Chicago,17031510100,-87.552532,41.717392,0.06654286598576292,0.17160116394642613,0.72251001627316,False
Chicago,17031803010,-87.982469,42.150012,0.015511119416931415,2.351982960348232,1.9631726252194122,True
Chicago,18089020300,-87.515364,41.638133,0.11303398815091986,-0.011648700615870831,-0.08526128191844905,False
Chicago,17031243500,-87.652378,41.89301,0.09544879898862199,0.0565570295688467,0.3910161031904261,False
Chicago,18089042609,-87.498692,41.465206,0.01916376306620209,0.17983389708086459,2.066405341987308,True
Chicago,18089042607,-87.415702,41.464315,0.029289372599231756,0.1882963195628855,2.0391462394553965,True
Chicago,18089041600,-87.281195,41.556505,0.04404246952418404,0.10706917805369504,1.0966491360082264,False
Chicago,17031550100,-87.541618,41.656657,0.09787719048297479,-0.023191427117655643,-0.13454625790723124,False
Chicago,18089042602,-87.409969,41.488637,0.0749185667752443,0.17711013978144924,1.8791699608561336,False
Chicago,17031828201,-87.562252,41.569907,0.4811845914050323,-0.014499751541157235,-0.12554079981229269,False
Chicago,17031826301,-87.604939,41.615205,0.8376242671424929,-0.10723024440422524,-0.6689895468594685,False
Chicago,18089020500,-87.500607,41.614607,0.21690140845070421,0.04674405842057781,0.37361553122678365,False
Chicago,17031826304,-87.583968,41.617931,0.9112734864300627,-0.08195541793640046,-0.5298789540677005,False
Chicago,18089030200,-87.448913,41.649014,0.49542124542124544,0.07223205993549228,0.5461726987595447,False
Chicago,17031829700,-87.593681,41.498396,0.6623803827751196,0.020714505894349963,0.21282673806801708,False
Chicago,18089021400,-87.512536,41.594647,0.2692702980472765,0.052074207215532464,0.4421234963833849,False
Chicago,18089020100,-87.503884,41.680879,0.048190190618976225,-0.1031387488580156,-0.6278420568223386,False
Chicago,18127050501,-87.207059,41.573671,0.08362427265170408,0.052852293860393834,0.5217863498615144,False
Chicago,18089022000,-87.442945,41.58065,0.3364691753402722,0.14221521371145474,1.3178544562334644,False
Chicago,18089042505,-87.35827,41.460459,0.47892923403127485,0.18730893116331432,1.9885508763201698,True
Chicago,18089040401,-87.494755,41.561439,0.038367500470189955,0.13161916675155663,1.221239411166865,False
Chicago,18089042503,-87.343325,41.479331,0.46389563106796117,0.1742531302298785,1.842611082472937,False
Chicago,18089010302,-87.403005,41.588025,0.8755905511811024,0.12605508207237323,1.1954096388349402,False
Chicago,18089010304,-87.403682,41.601626,0.7765748031496063,0.11863215032330407,1.0981960944407259,False
Chicago,18089040300,-87.518101,41.557807,0.08226443019240257,0.09259601567303699,0.8554415801949165,False
Chicago,17031803605,-88.023728,42.130027,0.028277634961439587,3.1381909990560906,2.937738289086706,True
Chicago,18089020200,-87.504164,41.677719,0.03844613536243492,-0.09703654901978781,-0.6112353295858692,False
Chicago,18089021600,-87.51349,41.581401,0.17250583917250584,0.07103219907347229,0.6274227653731052,False
Chicago,17031520100,-87.534107,41.716046,0.07335243553008595,0.07123476714948099,0.29920266084570657,False
Chicago,17031740200,-87.712105,41.704031,0.02006861063464837,-0.06979637293461069,-0.6349262921600312,False
Chicago,17031828505,-87.545773,41.546041,0.4664771026638731,0.04338426888615267,0.4143875421913445,False
Chicago,18089030600,-87.486116,41.621589,0.22095198503429642,0.05977228856570874,0.46724416765620974,False
Chicago,18089040700,-87.449741,41.561173,0.033647105948327656,0.15692367892813636,1.5110457787603913,False
Chicago,17097866200,-87.907854,42.226555,0.01346965271015904,0.16859166856725527,0.6064833439686501,False
Chicago,17031030101,-87.656454,41.991376,0.18090588554380255,0.5134683586266858,2.271190304427667,True
Chicago,17031030104,-87.657229,41.996993,0.1073558648111332,0.4803340759947597,2.2073066175760334,True
Chicago,17031040100,-87.68117,41.977806,0.05966709346991037,0.5378741938615424,2.176632134282745,True
Chicago,17031030103,-87.657267,41.995104,0.12357414448669202,0.4897276066297708,2.228135662575819,True
Chicago,17031220400,-87.699952,41.928641,0.018224117875145406,0.12876359516227354,0.6676408686875437,False
Chicago,17031806700,-87.722869,42.052683,0.0664288898796255,0.5070027298442819,2.365716069126096,True
Chicago,17031061901,-87.643348,41.942988,0.05186206896551724,0.6071427244979505,2.0239545704282365,True
Chicago,17031050100,-87.676998,41.957861,0.01557632398753894,0.832590124721034,2.2491459629353168,True
Chicago,17031130100,-87.721403,41.992089,0.019020172910662825,0.33602880678370095,1.4218879713211146,False
Chicago,17031030102,-87.656605,41.993529,0.16597244472925343,0.49940181578015896,2.252969006963288,True
Chicago,17031310400,-87.652307,41.856969,0.032,-0.42997932087850627,-3.155876323478751,True
Chicago,17031809200,-87.69937,42.052291,0.5180722891566265,0.5268992584614116,2.4191882443650976,True
Chicago,17031210601,-87.7127,41.937572,0.030180345969819652,0.003332803869466716,0.017386448567804785,False
Chicago,17031160900,-87.722196,41.95036,0.034854771784232366,-0.1976280789521701,-1.0401261638192056,False
Chicago,17031060900,-87.645666,41.949074,0.07404279279279279,0.710877395063226,2.2401998534330567,True
Chicago,17031825400,-87.781027,41.566111,0.0695147086378115,0.189844524077111,2.386912644157238,True
Chicago,17031020902,-87.678649,41.993346,0.17134581105169341,0.4481401455037133,2.0601464018970126,True
Chicago,17031070101,-87.6402,41.929595,0.025653320546631504,0.3418443036195944,1.4281257292132836,False
Chicago,17031100500,-87.819575,41.978016,0.014224983649444082,0.012725691284166646,0.09398792077949943,False
Chicago,17031031501,-87.652621,41.967335,0.3354993983152828,0.7517545355203278,2.543565306798953,True
Chicago,17031030200,-87.664885,41.994744,0.05971210236360405,0.4728749246052826,2.156301324457121,True
Chicago,17031823806,-87.804659,41.689761,0.04548999220171562,0.1645187864614134,1.323583881917648,False
Chicago,17197883514,-87.818745,41.539454,0.05794288882728029,0.2236113331120562,2.802491149794182,True
Chicago,17031030603,-87.657757,41.985604,0.2039119804400978,0.558252736575029,2.338180571392756,True
Chicago,17031130300,-87.713601,41.985668,0.06118433995671847,0.3952255326741815,1.572620466546705,False
Chicago,17031070600,-87.665446,41.92889,0.010437808060307335,0.3581913246160161,1.6195678331921937,False
Chicago,17031040401,-87.68593,41.97227,0.020453819111537232,0.5664009310846388,2.1332572958942597,True
Chicago,17031241200,-87.68456,41.90764,0.038506417736289385,0.06471366760406563,0.3976187805374213,False
Chicago,17031825304,-87.803091,41.573289,0.04358908998215651,0.1972085634735518,2.5200299754654276,True
Chicago,17031010702,-87.672172,42.008846,0.24560301507537688,0.43828288377738744,2.1179141626151234,True
Chicago,17031081100,-87.629064,41.900566,0.08120372581800812,0.06815358114781989,0.4624785166418243,False
Chicago,17031330200,-87.628387,41.859051,0.28892215568862273,-0.33409651083525416,-2.670982736362103,True
Chicago,17031060800,-87.647194,41.953507,0.06345609065155808,0.7566463602278763,2.3228272355906823,True
Chicago,17031032100,-87.653027,41.958332,0.1702240487869548,0.7901386402471332,2.388209297838043,True
Chicago,17031010202,-87.672469,42.01554,0.27571115973741794,0.439873807211415,2.1317100042257735,True
Chicago,17097865400,-87.809819,42.186957,0.019061234214915415,0.690542290170318,2.5006644164861274,True
Chicago,17031841300,-87.682056,41.849204,0.03402827701893123,-0.3971248686319589,-2.440818815027824,True
Chicago,17031242600,-87.694027,41.900707,0.08084730803177405,-0.005007449180385329,-0.031215372040593176,False
Chicago,17031222200,-87.683902,41.91587,0.026437847866419294,0.12121747026281249,0.7436883737773844,False
Chicago,17031051400,-87.680827,41.936528,0.09149277688603531,0.5364372364153445,1.9578802089259653,False
Chicago,17031807800,-87.756281,42.009673,0.013551077136900626,0.2575175186555121,1.1230465744856795,False
Chicago,17031030703,-87.65697,41.97876,0.1873170731707317,0.6250032047476312,2.478868047110857,True
Chicago,17031801500,-87.816798,42.139365,0.01582471089470481,1.130322568581271,3.4436167823888106,True
Chicago,17031030701,-87.657284,41.982755,0.26271693596648715,0.5834757782927485,2.394692562373767,True
Chicago,17031030706,-87.655432,41.980477,0.18479372655983634,0.608534283141745,2.4482501147437015,True
Chicago,17031031700,-87.662927,41.965658,0.16857324435970766,0.7590707902616929,2.5502674502718006,True
Chicago,17031110502,-87.760542,41.970388,0.01956521739130435,-0.07807952896671047,-0.5689304572242855,False
Chicago,17031010400,-87.659582,42.004091,0.1179366016932467,0.4515983879332655,2.1420153456513895,True
Chicago,17031010503,-87.662847,41.999926,0.15906432748538013,0.45906092790843334,2.1621089330054337,True
Chicago,17111870500,-88.338107,42.371526,0.005674232309746329,2.41954675465928,2.369346329660315,True
Chicago,17031061800,-87.646811,41.946435,0.05233111322549953,0.6793977076564193,2.1771768442824686,True
Chicago,17031030400,-87.672024,41.986918,0.0843280708509819,0.49754033020247296,2.1707055069923014,True
Chicago,17031010701,-87.679164,42.009167,0.23876939831200653,0.43374871275625687,2.086400590342382,True
Chicago,17031221100,-87.710409,41.920912,0.052702702702702706,0.0027063873829722765,0.016140352531041135,False
Chicago,17031832100,-87.652795,41.952397,0.1536656891495601,0.7801508275573037,2.3171502397514594,True
Chicago,17031242500,-87.689644,41.899383,0.050788091068301226,-0.006570484976825275,-0.041048796655764885,False
Chicago,17031030500,-87.664966,41.987006,0.07375060650169821,0.5225333201174384,2.250010759333193,True
Chicago,17031221300,-87.699718,41.921174,0.03690398432397126,0.058470864203702635,0.3311248228713714,False
Chicago,17031031300,-87.652825,41.972839,0.18097931239767823,0.6894457749888006,2.5586720540269083,True
Chicago,17031809900,-87.67658,42.036759,0.05351280367695338,0.45641711025523657,2.164749824585836,True
Chicago,17031031200,-87.656692,41.972265,0.28478613968597727,0.696282369132852,2.566038321239242,True
Chicago,17031824123,-87.805157,41.592152,0.05249580807429382,0.18680806422446,2.369385389544642,True
Chicago,17031010600,-87.667654,42.005687,0.19614457831325302,0.4428891926217123,2.1287622029522493,True
Chicago,17031030800,-87.664653,41.979912,0.04341736694677871,0.5936326629135248,2.4082654824053713,True
Chicago,17031241400,-87.675562,41.906057,0.06770339465200076,0.10413070640055104,0.679494486742077,False
Chicago,17031210900,-87.693832,41.934972,0.03753943217665615,0.2590054056131012,1.0778726841708681,False
Chicago,17031040201,-87.694121,41.972449,0.02949438202247191,0.5176750877919556,1.927233847285288,False
Chicago,17031831300,-87.746016,41.907272,0.35411670663469225,-0.16829426858263544,-0.8634880446406563,False
Chicago,17031220500,-87.704868,41.928654,0.04834605597964377,0.07736006763684937,0.41150655737034164,False
Chicago,17099963700,-88.682684,41.255233,0.006045063198387983,1.0950560305530708,3.7228617183631174,True
Chicago,17089851301,-88.273055,42.036928,0.05880822274264897,0.9988205969665772,1.406330334532752,False
Chicago,17043844901,-88.002573,41.798082,0.017222820236813777,0.44327388040183574,2.0896209322743347,True
Chicago,17043844902,-88.020641,41.796176,0.009931425868999763,0.5959632757083293,2.007482904813465,True
Chicago,17031070500,-87.661064,41.928737,0.037928958458759786,0.34807464335282934,1.546278624073252,False
Chicago,17043845508,-87.955951,41.767878,0.013589128697042365,0.39376267205778254,2.8164962349374907,True
Chicago,17031805901,-87.867939,42.035734,0.022575443446210552,-1.47349732143948,-1.1567466871876928,False
Chicago,17031819300,-87.849771,41.817264,0.036010082823190494,0.05704216933754204,0.491399077291729,False
Chicago,17197880411,-88.188089,41.618229,0.028545673076923076,0.6500258044495844,2.932524887207148,True
Chicago,17031841200,-87.68175,41.854956,0.04719885081058896,-0.3238372540651832,-2.0199542766894205,True
Chicago,17031811600,-87.870462,41.950499,0.015364282174128531,0.061766530437592254,0.5599267863490062,False
Chicago,17031814100,-87.761465,41.847073,0.04591074097800555,-0.46386874474469136,-2.454996104399839,True
Chicago,17097864519,-87.958275,42.164551,0.01122073902108725,0.8561663862572279,1.197508117501021,False
Chicago,17043846410,-88.210327,41.787437,0.14691382370341155,1.481834909047376,3.770071663902047,True
Chicago,17197880310,-88.216282,41.659761,0.057834620334620335,1.0302024387484854,4.011687144002702,True
Chicago,17043846412,-88.193291,41.78485,0.06369022429115531,1.3639552521932066,3.639509849956225,True
Chicago,17031818800,-87.854581,41.827128,0.01633872101194659,0.061020011074823646,0.5112807658612333,False
Chicago,17097864511,-87.987713,42.222543,0.027643292206778074,0.21993102798939934,0.7214723246287044,False
Chicago,17043845000,-87.975685,41.795522,0.027299377061194577,0.36666722637933596,2.5406096009852077,True
Chicago,17031300800,-87.707639,41.848124,0.022001934235976787,-0.26334324380823115,-1.546804512329969,False
Chicago,17043841605,-88.205392,41.848844,0.022804054054054054,0.9002184778508652,1.6145465416872167,False
Chicago,17043846313,-88.081752,41.765163,0.03565026887074288,1.1430072375239229,3.155924968576874,True
Chicago,17031810501,-87.825012,41.96146,0.0035896467031928964,0.01999536629364103,0.17935380146265184,False
Chicago,17197880109,-88.057194,41.719752,0.2282793867120954,1.1659658066458418,2.8957826840938514,True
Chicago,17097860903,-88.166618,42.396218,0.02200956937799043,1.2495036170543434,2.559099853478091,True
Chicago,17043846002,-88.042893,41.795343,0.051931602279924,0.7405490620196034,2.1255915710220212,True
Chicago,17043846004,-88.086023,41.795807,0.04739084132055378,0.8838473202379789,2.567513397995094,True
Chicago,17043846104,-88.109841,41.788979,0.04611149346180317,0.9702435437650203,2.836189110193587,True
Chicago,17031819500,-87.868557,41.813859,0.11708515283842795,0.09547602094778992,0.8212938438330167,False
Chicago,17097864521,-87.933989,42.188872,0.011430823807646828,0.05312756429669881,0.1759125941799424,False
Chicago,17197880121,-88.123185,41.67886,0.2096139529937254,0.9899540900660149,3.6577392219805467,True
Chicago,17043846205,-88.116456,41.76604,0.01779935275080906,1.190011107707987,3.4590244746014442,True
Chicago,17031819900,-87.906436,41.804319,0.003414911781445646,0.20301382078551095,1.7245893528797809,False
Chicago,17031100700,-87.79775,41.972118,0.007247835715723777,-0.009694645718714055,-0.0754821275793298,False
Chicago,17105960200,-88.431048,41.008978,0.003933434190620273,0.7895167064239632,3.4692371933203896,True
Chicago,17043845602,-87.993685,41.789009,0.02336354481369587,0.4946094520233959,2.3264498965205527,True
Chicago,17031839000,-87.630673,41.871935,0.10934355534259703,-0.19750247547261487,-1.5507029878278409,False
Chicago,17043846312,-88.083599,41.777817,0.05503772747447847,1.0589542977606006,2.984474113587472,True
Chicago,17031120400,-87.75098,41.974637,0.015031196823596143,-0.0921669910653447,-0.5536553308630283,False
Chicago,17043845200,-87.939959,41.797514,0.011966164637920364,0.2884101616802317,2.370433586848799,True
Chicago,17043843200,-87.986973,41.894496,0.047985004686035615,0.09845378385389582,0.6649585440887625,False
Chicago,17043846404,-88.159381,41.785543,0.07546862265688671,1.126942300241171,3.2498054248538835,True
Chicago,17043844502,-87.963756,41.830537,0.028025870033877427,0.25345294438289134,2.0124006567941755,True
Chicago,17043841314,-88.170381,41.978472,0.01653944020356234,0.18532474924337716,0.2865551724057395,False
Chicago,17031819400,-87.849495,41.80985,0.05539922616953922,0.05631392362200785,0.49678535829663584,False
Chicago,17043846523,-88.156793,41.753873,0.015135135135135135,1.3370065830564677,3.9108439311580723,True
Chicago,17031803014,-87.93126,42.116614,0.012510198531411477,0.5900991053056264,0.4909654812450497,False
Chicago,17031814000,-87.775413,41.845598,0.03973650658733532,-0.3907928369337206,-2.163681569127417,True
Chicago,17031580200,-87.69898,41.825359,0.018465089440276975,-0.6109430534251746,-2.6922800758016123,True
Chicago,17097863400,-87.832183,42.251811,0.027829747427502338,0.42702954040361707,1.5339333563364266,False
Chicago,17031242400,-87.684615,41.898895,0.02033080634045486,0.0011324114243694804,0.007053356269366193,False
Chicago,17031820104,-87.876257,41.781523,0.04401527060408713,0.11871221660392146,1.0470715200886793,False
Chicago,17031820103,-87.870741,41.794472,0.03337222870478413,0.10818104117405086,0.9473963180707855,False
Chicago,17097861402,-88.095991,42.344406,0.06766917293233082,0.5397311559899011,1.6779743449029925,False
Chicago,17097861403,-88.09199,42.357718,0.03403755868544601,0.4787187646493628,1.624001106899922,False
Chicago,17031817700,-87.851433,41.871516,0.7520299812617114,0.03222061531439699,0.27609022273637407,False
Chicago,17031640800,-87.739747,41.774844,0.008337965536409116,-0.24304340141930217,-2.1522504098308106,True
Chicago,17043841321,-88.16304,41.95778,0.037222919280635716,0.053392277409577416,0.08181110565029222,False
Chicago,17031840300,-87.681706,41.832477,0.01763584366062917,-0.6984997263757029,-3.6011551495011,True
Chicago,17031820800,-87.764747,41.80453,0.017320703653585928,-0.3987068305638806,-2.6040141313996505,True
Chicago,17031815200,-87.783575,41.839242,0.039269671062164904,-0.32501722149375223,-1.8817389802014255,False
Chicago,17031811200,-87.849414,41.926469,0.019440844288094797,0.060215477213643384,0.5639703532069342,False
Chicago,17031819200,-87.829189,41.810881,0.030061748456288593,0.013424168515888436,0.11800812727249395,False
Chicago,17031820300,-87.805859,41.79049,0.02791696492483894,-0.046375237150201476,-0.3967325132725212,False
Chicago,17031151001,-87.75455,41.942692,0.020120014119308152,-0.04597580123442593,-0.34787705787330536,False
Chicago,17031813400,-87.768518,41.860693,0.03685114251750099,-0.4399264581727226,-2.065340942312876,True
Chicago,17031816000,-87.811733,41.876904,0.20260054429996976,-0.04009523509491586,-0.3097032847764414,False
Chicago,17031815100,-87.785228,41.847448,0.05511811023622047,-0.2860411753885737,-1.6467477207623076,False
Chicago,17031824004,-87.964268,41.674291,0.007815407517677708,0.8018055753147053,2.607668038395636,True
Chicago,17043841607,-88.191882,41.82298,0.031122031122031123,1.0434802009652384,2.1967184552459873,True
Chicago,17031810502,-87.81055,41.959186,0.004295051353874884,0.006061113425302203,0.05103925738134505,False
Chicago,17043840201,-88.011634,41.976112,0.013232514177693762,-0.731532000265049,-1.3982375808783805,False
Chicago,17031051000,-87.685403,41.941257,0.0247074122236671,0.6565222514196927,1.8304248726705077,False
Chicago,17031814700,-87.797678,41.861509,0.07390050468637346,-0.14273318794416176,-0.9413239915040329,False
Chicago,17031819100,-87.816612,41.815895,0.06043478260869565,-0.04059022703549175,-0.344056389460979,False
Chicago,17043844702,-87.940649,41.812453,0.016068559185859668,0.2745669820207478,2.2257999460732036,True
Chicago,17197881113,-87.943793,41.487778,0.014017840888403422,0.21540477315318443,2.1980462545139865,True
Chicago,17031271200,-87.703086,41.878267,0.8668941979522184,-0.09133260006597024,-0.612389189234552,False
Chicago,17031221400,-87.694687,41.920493,0.022156573116691284,0.08296686322255101,0.4605885239074881,False
Chicago,17031818900,-87.867022,41.826981,0.059386120996441284,0.08152181227773646,0.6847593450701536,False
Chicago,17043844401,-88.012429,41.825606,0.07484662576687116,0.2813251627357445,1.2759946609955026,False
Chicago,17031820201,-87.896891,41.74728,0.014636449480642116,0.18952601171611974,1.4429431972964943,False
Chicago,17031270500,-87.71789,41.872664,0.938851142680667,-0.05551494201233195,-0.3802748756779041,False
Chicago,17031814400,-87.763376,41.827231,0.011309600308443645,-0.46780520744625687,-2.57208227807484,True
Chicago,17031812900,-87.794783,41.876139,0.09389186958316137,-0.11411376487986302,-0.7486540965194498,False
Chicago,17031815000,-87.784324,41.855249,0.10507757404795487,-0.2677044695689013,-1.5041827526365952,False
Chicago,17031837300,-87.706068,41.871848,0.8654077942948976,-0.11321849941746638,-0.7626925597255542,False
Chicago,17197880702,-88.061552,41.563371,0.31047197640117996,0.4351090568399486,1.9438006518693698,False
Chicago,17031820606,-87.854325,41.73664,0.04449042938437662,0.1993577606209368,0.9759989932459168,False
Chicago,17031813100,-87.780752,41.868784,0.2592988456605387,-0.2509230235831935,-1.2911458918329743,False
Chicago,17031817500,-87.838699,41.881322,0.622093023255814,0.016586701027866926,0.14563236418118747,False
Chicago,17031815400,-87.79655,41.831193,0.0721370604147881,-0.21531089605156384,-1.4492724453315464,False
Chicago,17031815701,-87.810707,41.836643,0.01915615906886518,-0.09625731166331641,-0.7017917628848235,False
Chicago,17043840103,-87.970654,41.950616,0.014906832298136646,0.018091374781124353,0.11923911057353781,False
Chicago,17043840705,-87.949207,41.921454,0.03884011705240756,0.04874659198692588,0.3780775830507608,False
Chicago,17031140301,-87.723222,41.969223,0.04790196806535462,0.42360459910363213,1.0893425163304533,False
Chicago,17031210100,-87.702762,41.942017,0.027545499262174127,0.09830111530501373,0.3764949100589732,False
Chicago,17031814500,-87.774241,41.82798,0.019091751621872103,-0.4140273403216079,-2.3812151470961362,True
Chicago,17031820202,-87.860831,41.76578,0.009271099744245524,0.10494737477938422,0.8444459504359563,False
Chicago,17031100600,-87.797095,41.978687,0.011639779456810292,-0.007397377497341262,-0.0556354474616679,False
Chicago,17031160602,-87.702959,41.955853,0.027865555874748635,0.48208641472178104,1.1449392598981896,False
Chicago,17031808301,-87.780984,42.035127,0.022699386503067485,0.3870084534722257,1.528317401627264,False
Chicago,17031808302,-87.766462,42.032691,0.03755438516143806,0.3245648868782949,1.4612340200676763,False
Chicago,17031240900,-87.698783,41.901072,0.11764705882352941,-0.0020219891577326968,-0.012793129087020913,False
Chicago,17031040900,-87.683,41.963479,0.022782355792535142,0.693034626737975,2.1774912112002824,True
Chicago,55059002700,-88.029237,42.542086,0.011786315628348386,0.3630821145720191,1.5434926338148152,False
Chicago,17043842706,-88.060429,41.837552,0.02465009400459578,0.26616347271885615,0.6159691412212752,False
Chicago,17031243200,-87.669709,41.89338,0.028858766943594228,-0.014045392409075687,-0.09200512107504076,False
Chicago,17031020702,-87.703909,41.994426,0.08397045483996371,0.3956215089380377,1.811703236669127,False
Chicago,17031020701,-87.703552,41.986065,0.03831825439063331,0.4088242039705901,1.7195420825156353,False
Chicago,55059002905,-88.101545,42.572137,0.0031779661016949155,0.5010448465418391,2.003654554841785,True
Chicago,17031170200,-87.781462,41.949213,0.01049317943336831,-0.006443295034293445,-0.05542784291342985,False
Chicago,17031770901,-87.81697,41.970202,0.00438512869399428,0.01160625358250826,0.09003672843983278,False
Chicago,17031770902,-87.838103,41.970281,0.006162915326902465,0.04000151226239232,0.35591580658754024,False
Chicago,18073101000,-87.173829,41.124867,0.0019011406844106464,0.23826926132924614,2.625548894009173,True
Chicago,17031031100,-87.663776,41.973562,0.05798337241526327,0.6698305935724524,2.541940970848957,True
Chicago,17031806004,-87.835834,42.045629,0.027402700555996824,-0.10360302835554147,-0.10233027020121867,False
Chicago,17031805501,-87.838856,42.019573,0.008254127063531767,-0.4128761511735502,-0.6300802278094689,False
Chicago,17031805502,-87.823393,42.017362,0.0034924330616996507,-0.05505361899804853,-0.10356905513018302,False
Chicago,17031804102,-88.074236,42.095321,0.009990420145066375,1.5297994950825529,1.9786982358186176,True
Chicago,17031020801,-87.69391,41.986738,0.06604107648725212,0.4326170643471041,1.882180526789406,False
Chicago,17031140500,-87.731903,41.965302,0.01883512025499855,-0.18808619657688996,-0.8364192416479781,False
Chicago,17031020802,-87.695073,41.994394,0.11767824012721972,0.4178835881757825,1.9355838444537758,False
Chicago,17197880416,-88.191323,41.558975,0.06459784673844206,0.47279888928031955,2.1212670418557056,True
Chicago,17031160700,-87.703086,41.950233,0.031044051335414498,0.22531104065121826,0.6115259080688417,False
Chicago,17031150700,-87.761954,41.949622,0.02777150598329194,-0.03312398476492204,-0.26345886842343524,False
Chicago,17031808200,-87.800867,42.029017,0.020545518951470068,0.48266131531850337,1.1778505592146833,False
Chicago,17031020200,-87.699421,42.01582,0.10704264870931537,0.4347267396654825,2.1051397005440236,True
Chicago,17031060300,-87.671299,41.950723,0.00942782834850455,0.870750191587579,2.250435171027926,True
Chicago,55127001701,-88.355941,42.547731,0.011152416356877323,2.171121122812141,2.58439250164841,True
Chicago,17031150300,-87.761878,41.961057,0.012640449438202247,-0.06625702446320375,-0.5169178286670825,False
Chicago,17031161100,-87.738038,41.950847,0.0288659793814433,-0.13590539004224045,-0.9144980076568306,False
Chicago,17031242300,-87.679565,41.899347,0.021300448430493273,0.021471318958640517,0.13613055885992056,False
Chicago,55059002800,-88.157223,42.599564,0.0028971511347175277,0.604909149075809,2.1910100075382215,True
Chicago,17031150600,-87.771821,41.949426,0.023183925811437404,-0.008995721457573033,-0.07475192281830269,False
Chicago,17043845811,-87.954775,41.74522,0.0398355178617322,0.49581705645033597,2.6489551848201844,True
Chicago,17031100200,-87.795556,41.995265,0.010392938496583144,0.08389826137332776,0.4651363609245975,False
Chicago,17031807300,-87.753836,42.034504,0.08732832339984452,0.32538945949241316,1.5469719599740683,False
Chicago,17043845401,-87.926522,41.781761,0.013402625820568928,0.26498852420576946,2.221034132008474,True
Chicago,17197883100,-88.074222,41.493123,0.4299419338550871,0.3699387211056142,1.621211083796946,False
Chicago,17031031000,-87.67114,41.972529,0.03671147880041365,0.6542721053502772,2.4900761985450908,True
Chicago,17031831800,-87.713097,41.977998,0.05402181322426721,0.46251281156156476,1.6324202702940989,False
Chicago,17089852903,-88.272986,41.789877,0.12824956672443674,1.909196423407166,3.9306305503703443,True
Chicago,17031060200,-87.670728,41.957851,0.03545179420665802,0.8502733691533896,2.3375295340925666,True
Chicago,55127001000,-88.412365,42.640167,0.0065528196981731535,1.7035771988158017,2.6611302816347795,True
Chicago,17031090200,-87.813236,42.004955,0.005734983398732267,0.08377092758727447,0.36345013058079395,False
Chicago,17031720700,-87.66605,41.702683,0.5977871786527823,-0.15337560848371587,-1.2248235579892774,False
Chicago,17031160400,-87.722411,41.95759,0.05253399258343634,-0.20906951175287547,-0.877748062745657,False
Chicago,17031140800,-87.704107,41.964868,0.03869873573851372,0.5210704853790977,1.485140073316295,False
Chicago,17031807500,-87.728174,42.027892,0.06011421701232342,0.3883839080160344,1.860049288627129,False
Chicago,17031805801,-87.859781,42.019214,0.004263565891472868,-0.6766976648733436,-1.008761808112771,False
Chicago,17097866000,-87.909567,42.441754,0.10932475884244373,0.1028254188804365,0.42653374812956685,False
Chicago,17031200200,-87.736783,41.927528,0.034482758620689655,-0.06526902162143557,-0.44495858865635046,False
Chicago,17031040700,-87.693761,41.966892,0.03239929947460595,0.5609270861612298,1.8393552014042247,False
Chicago,18091042600,-86.890667,41.546281,0.013772455089820359,0.06625656015823818,0.6581372804251446,False
Chicago,17031150200,-87.752746,41.959515,0.02851762173796072,-0.11108914531203234,-0.8230036304655471,False
Chicago,17031090100,-87.813235,42.015353,0.004741980474198048,0.14792199861349137,0.306913243628686,False
Chicago,17031150800,-87.752291,41.949524,0.02223128696716296,-0.07165339803649104,-0.5416759348569204,False
Chicago,17031823605,-87.772973,41.665181,0.067991381374192,0.05595360575375326,0.6406817685511643,False
Chicago,17031808100,-87.797597,42.009891,0.014962593516209476,0.3479246380346309,0.9162187837766,False
Chicago,17031829901,-87.742161,41.549588,0.650799126135449,0.1686153527633632,2.0852158563961534,True
Chicago,17031160300,-87.730366,41.957492,0.08092332183603078,-0.2625537712992613,-1.4131650637846158,False
Chicago,17031220300,-87.695093,41.927866,0.02492070684186679,0.16978915093899294,0.8684898195520693,False
Chicago,17031130200,-87.733137,41.981274,0.011404133998574484,0.4772564069578921,1.5253420081940474,False
Chicago,17031838200,-87.679215,41.870089,0.14328358208955225,-0.20018273307055706,-1.267885824789148,False
Chicago,17089852806,-88.284971,41.82702,0.03228646903434106,1.901323433168763,3.4653385889734007,True
Chicago,17031150401,-87.772237,41.964541,0.016876735740226446,-0.03927217862905533,-0.31805937360355746,False
Chicago,17031150402,-87.772714,41.95683,0.01357347950926651,-0.01759096014106317,-0.14344492536542366,False
Chicago,17031804710,-88.10585,42.031384,0.026561043802423114,0.07908445052464819,0.11752052341507671,False
Chicago,17197883401,-88.143847,41.301733,0.01443504230960677,0.5733842880303058,2.6862819097797073,True
Chicago,17031120100,-87.776499,42.006449,0.007496592457973648,0.38116719519960435,1.2618964532584642,False
Chicago,17031090300,-87.817613,41.999187,0.00532724505327245,0.04186125768802792,0.20863492400138667,False
Chicago,17031810600,-87.798147,41.963669,0.010103051121438675,-0.012722347458791375,-0.10550169123925907,False
Chicago,17031140701,-87.71329,41.966884,0.0334051724137931,0.5701598604833752,1.4004251055171064,False
Chicago,17031820604,-87.824045,41.743309,0.037137435619409055,0.19481777078791393,0.9890791310766656,False
Chicago,17031804901,-87.932398,42.059731,0.0101053847264328,0.42909882192030835,0.3509534788488743,False
Chicago,17031160501,-87.713218,41.959142,0.03483661895760194,0.30186467413183216,0.6883793336437483,False
Chicago,17031807200,-87.722715,42.036888,0.11685096550585905,0.45278127815333324,2.142084906762138,True
Chicago,17031020400,-87.685571,42.007998,0.2157835400225479,0.43468906350339065,2.0970223477885557,True
Chicago,17031811800,-87.900455,41.913814,0.016477675407512403,0.009011618317131667,0.07713897736814629,False
Chicago,17031832300,-87.674467,41.918999,0.022882181110029213,0.19495009210079584,1.2072078658595264,False
Chicago,17031140200,-87.712968,41.970836,0.07250599931436408,0.5419425900339023,1.5650041775426278,False
Chicago,17031160800,-87.712603,41.950424,0.03061837102261357,-0.06829819113111729,-0.26436670468174095,False
Chicago,17089852700,-88.320558,41.853938,0.024132091447925486,1.8844459883487914,3.386691370479644,True
Chicago,17031807900,-87.748571,42.004185,0.014520352297072126,0.2398566173985473,1.069507543572959,False
Chicago,17031808002,-87.720255,42.004528,0.023669759515243326,0.3424986467623125,1.6126168604100408,False
Chicago,17031561100,-87.771949,41.788918,0.007704712417129547,-0.2606836420484879,-2.161797455203825,True
Chicago,17031140302,-87.723861,41.972213,0.05935960591133005,0.5022548415445608,1.3613826065285068,False
Chicago,17031801608,-87.837621,42.104997,0.006234944027207028,0.7075722318353682,1.319876782556308,False
Chicago,17031100400,-87.818731,41.989133,0.004989086373557842,0.027530356316383328,0.17341905069759941,False
Chicago,17031050200,-87.683673,41.957683,0.012808438500659257,0.7653781301883373,1.9854193925637087,True
Chicago,17031110400,-87.773055,41.972227,0.01592215833701902,-0.042063457313571695,-0.3287039996052831,False
Chicago,17031060100,-87.666497,41.957498,0.03109540636042403,0.848104622807473,2.3409839969216923,True
Chicago,17031805401,-87.822765,42.031677,0.005177514792899409,0.13191471497280283,0.16763180749727158,False
Chicago,17031805402,-87.811204,42.030365,0.006402048655569782,0.38619127455724456,0.7379711196432477,False
Chicago,17031836600,-87.709664,41.899532,0.2376237623762376,-0.0054219263775096005,-0.035980832341747745,False
Chicago,17031811302,-87.860752,41.914159,0.0785413744740533,0.043281960357342955,0.39593543164475936,False
Chicago,17031804606,-88.050266,42.007075,0.011709932279909706,-0.4601869647100682,-0.6998110575286294,False
Chicago,18091041400,-86.88345,41.677301,0.3575085324232082,0.03183789282386875,0.29183982613011594,False
Chicago,17031690500,-87.613274,41.767461,0.9415322580645161,-0.20347420072609668,-0.7994907633625836,False
Chicago,17031740300,-87.711308,41.695155,0.013760525775313205,-0.06867368622711051,-0.6465123168132734,False
Chicago,17031242700,-87.699305,41.897758,0.20123839009287925,-0.012633600037072146,-0.08069757576929561,False
Chicago,17031836700,-87.707199,41.892939,0.656590084643289,-0.0257316411341601,-0.1727657803317373,False
Chicago,55059002601,-87.92672,42.574274,0.070750452079566,0.2297213188105024,0.9548943126910105,False
Chicago,17031221000,-87.715241,41.920931,0.0546875,-0.018385677778500892,-0.11380456373649413,False
Chicago,17031243300,-87.664621,41.893506,0.024269847799259565,0.009108631426030075,0.06221918711778062,False
Chicago,17031770500,-87.935554,42.012225,0.00885146804835924,0.15139088347276813,0.491613286198607,False
Chicago,17031842100,-87.731971,41.899094,0.39263157894736844,-0.059434287035501104,-0.3641398250163592,False
Chicago,17031821500,-87.630942,41.646411,0.9176636171710063,-0.21147257174923337,-1.5703779590600426,False
Chicago,17031191301,-87.780204,41.920829,0.06214039125431531,-0.003224687815352262,-0.024460805379691978,False
Chicago,17031191000,-87.743967,41.920313,0.02601156069364162,-0.08240171854010842,-0.5576969554327839,False
Chicago,17031231200,-87.721135,41.899289,0.46632124352331605,-0.008216025650062492,-0.05621043304332377,False
Chicago,17031835100,-87.688997,41.789914,0.13589973142345568,-0.20379418836634466,-1.0268368764895281,False
Chicago,17197880114,-88.081554,41.686843,0.2617403314917127,0.9982900059123407,3.4862466904832257,True
Chicago,17031222900,-87.718921,41.915759,0.05785123966942149,-0.03734445824459541,-0.23663147591988118,False
Chicago,17031823304,-87.709657,41.678294,0.23382152588555857,-0.08298682374015029,-0.865646696050675,False
Chicago,17031242200,-87.674731,41.89949,0.030377266046055854,0.04072737907514724,0.26467813677256985,False
Chicago,17031770400,-87.979897,42.020442,0.018971428571428573,0.7578318224940085,0.8447248336015168,False
Chicago,17031241300,-87.681125,41.906491,0.09307359307359307,0.07687524504028144,0.48120521130036864,False
Chicago,17031807600,-87.730367,42.021617,0.06487695749440715,0.3431661026428414,1.6478671591258944,False
Chicago,17031160502,-87.713483,41.955659,0.044848484848484846,0.037643202828299194,0.09861512238729632,False
Chicago,17031230900,-87.710308,41.906601,0.12708168120539254,0.0015094913582410843,0.009800399955789456,False
Chicago,17031222800,-87.715024,41.915248,0.084375,-0.023488553334471193,-0.14550813395197826,False
Chicago,17031290900,-87.730761,41.862589,0.8855345911949686,-0.02994491483295235,-0.19766262282092784,False
Chicago,17031760802,-87.840655,41.962697,0.010951979780960405,0.05293484554251525,0.4875149625744598,False
Chicago,17031802802,-87.939603,42.072776,0.013588900014304106,0.8169167695022885,0.6997138465385795,False
Chicago,17031811900,-87.814484,41.90169,0.08312675590811436,0.005884258055373348,0.04948146468353438,False
Chicago,17031806103,-87.911845,42.059165,0.013664832036439553,-0.6639620741619168,-0.4997335861961242,False
Chicago,17031803500,-87.992976,42.074174,0.0067206617266930896,2.520437814659437,2.4775040598617672,True
Chicago,17197880421,-88.204394,41.586663,0.06602153894178242,0.5493675381097334,2.4790924856193053,True
Chicago,17031110300,-87.783104,41.974463,0.011593118922961856,-0.023096135834413455,-0.1794622663462815,False
Chicago,17031803300,-87.98863,42.084768,0.03475375480265456,2.596232219753214,2.4361671408880805,True
Chicago,17031770601,-87.905277,42.029265,0.011919315403422982,-0.5106832383486638,-0.5879371455501933,False
Chicago,17031805109,-87.977274,42.055608,0.011601455868971792,2.1029657636634003,1.9958162284918994,True
Chicago,17031805105,-88.012734,42.060176,0.02926628194558945,1.830852873222064,2.151846519447711,True
Chicago,17097864517,-87.969821,42.190627,0.016365496079099897,0.25673930268872347,0.7332349051861204,False
Chicago,17043840101,-87.969715,41.970317,0.011971830985915493,0.01458473617457174,0.08200827135339352,False
Chicago,17031805802,-87.846517,42.01436,0.006279434850863423,-0.5440634243054467,-0.906150108957966,False
Chicago,17031811100,-87.833493,41.930088,0.017902431746978965,0.05669720510537714,0.5327855121399234,False
Chicago,17031805600,-87.83032,42.00225,0.0025477707006369425,-0.04438774979323337,-0.1687154711418595,False
Chicago,17043844301,-88.008134,41.846452,0.07385257301808067,0.1662763172919719,0.8643087703908797,False
Chicago,17043841102,-88.118289,41.981119,0.04682909970623812,-0.25944876036674147,-0.4069238983943833,False
Chicago,17031100300,-87.805882,41.989371,0.0047984644913627635,0.02741137704220665,0.17799102552621893,False
Chicago,17031802900,-87.971876,42.096802,0.005780346820809248,2.1962962813399067,1.9065853131709103,False
Chicago,17043842800,-87.927603,41.896529,0.00773896674335913,0.0532054933877435,0.44157807718210806,False
Chicago,17031802300,-87.822245,42.086938,0.011226541554959786,0.7010948193188984,1.8237202155785706,False
Chicago,17031806600,-87.875984,42.003769,0.018878400888395337,-0.05608585868036384,-0.34579916272953065,False
Chicago,17043844002,-87.934943,41.885337,0.004518430439952438,0.10004135557143148,0.8147111076173065,False
Chicago,17031760803,-87.842387,41.974692,0.027838598686268378,0.041331273855183884,0.3614739851581494,False
Chicago,17031811000,-87.818475,41.914977,0.015500234852043212,0.029889895345528272,0.2667483736506417,False
Chicago,17031805702,-87.841253,41.9917,0.0009573958831977022,0.002724620607117062,0.017139917795280603,False
Chicago,17031804705,-88.121108,42.056153,0.0742526518804243,0.4072071645946349,0.5895715579557805,False
Chicago,17043840703,-87.933756,41.940468,0.09243306169965075,0.030353207886374578,0.2420795044606016,False
Chicago,17043840706,-87.932575,41.919141,0.020771513353115726,0.030645396363218197,0.24913698438555068,False
Chicago,17031806801,-87.739161,42.054945,0.056124825337680484,0.45404861450741274,2.1332901330287894,True
Chicago,17031802608,-87.951508,42.100707,0.010698365527488856,1.4105758630520735,1.193099944619886,False
Chicago,17031802605,-87.912975,42.097355,0.014596491228070175,-0.3609703430136655,-0.28674526985128207,False
Chicago,17031812200,-87.794594,41.905401,0.12223895582329317,-0.023732366112609288,-0.17207262281710153,False
Chicago,17031816800,-87.911037,41.887153,0.30719861231569817,0.03832258692400911,0.3255091497704607,False
Chicago,17031171000,-87.795343,41.941744,0.023383016545877204,0.011562774672252432,0.09824537826395682,False
Chicago,17031803016,-87.988063,42.121605,0.010441767068273093,2.645773372928386,2.290550326440599,True
Chicago,17063000102,-88.278925,41.443363,0.025317989097516657,0.6774608043642647,3.2226507502944965,True
Chicago,17089852201,-88.320935,41.902982,0.017177152317880796,1.6548043918310111,3.0221851370357706,True
Chicago,17031802404,-87.943657,42.148284,0.02103731145805769,1.0738203961898551,1.0495851920001575,False
Chicago,17031804608,-88.069738,42.035434,0.027315619567916564,0.10407737075454015,0.15732477442490472,False
Chicago,55101001703,-87.898576,42.734572,0.03385757972913936,0.2910063372509258,1.1507025853732482,False
Chicago,17043843900,-87.951373,41.883376,0.009724857685009488,0.13597298023756835,1.0586815155184932,False
Chicago,17031804607,-88.050854,41.996536,0.020637371893864945,-0.6498306618194234,-0.9965764299250074,False
Chicago,17043842200,-88.066559,41.875044,0.03593320651025153,-0.6052414305680106,-0.9326351036422469,False
Chicago,17063000200,-88.447024,41.384759,0.024475524475524476,0.9014617208316713,4.199917978238655,True
Chicago,17031770201,-88.018746,41.997064,0.039192399049881234,-0.6422506417591293,-0.8742569368145678,False
Chicago,17031803610,-88.066992,42.130737,0.045214566129687286,2.586217860709581,2.8565715006956305,True
Chicago,17031811500,-87.872783,41.94148,0.005305919416348864,0.06096922323091042,0.5502235920029259,False
Chicago,17031804610,-88.051621,42.02286,0.013074484944532488,-0.10201844531175036,-0.1561319122879768,False
Chicago,17031804611,-88.068909,42.019228,0.021706425961745112,-0.19683889067789162,-0.3041797398147769,False
Chicago,17031804201,-88.166458,42.113655,0.009746588693957114,1.0331177934437215,1.4812167601045005,False
Chicago,17031770602,-87.898194,42.014009,0.025409491810163796,-0.0523778896842728,-0.2282176780543263,False
Chicago,17043845901,-87.92841,41.726696,0.028964306612053833,0.38636456680712067,2.0664021448908616,True
Chicago,17031820400,-87.808337,41.779532,0.12526997840172785,0.018502313583607724,0.1433522208977348,False
Chicago,17031804106,-88.050555,42.087591,0.010049559471365639,1.7444604879733807,2.215714133391565,True
Chicago,17031804104,-88.112885,42.104562,0.019801980198019802,1.23370035822359,1.6417593635173786,False
Chicago,17031804108,-88.050907,42.073311,0.09649854105877449,1.2582770548200153,1.7267341438097812,False
Chicago,17097861106,-88.022055,42.353264,0.048726467331118496,0.23104152922928076,0.9153682999470635,False
Chicago,17031803800,-88.035332,42.109906,0.011941618752764263,2.7551615470306343,2.9142036384121504,True
Chicago,17089854600,-88.282394,42.040227,0.13732394366197184,1.027934329150618,1.423021824949341,False
Chicago,17031062500,-87.671148,41.941474,0.04537313432835821,0.7232415952416749,2.2015325873282214,True
Chicago,17197880418,-88.209581,41.557101,0.07987026150415569,0.4880863114756262,2.1769802662991964,True
Chicago,17043841325,-88.159411,41.935277,0.022222222222222223,-0.04318443665039129,-0.06581321826855711,False
Chicago,17031803604,-88.040834,42.129885,0.021382751247327157,2.9847715670405988,3.0285590593046576,True
Chicago,17031803606,-88.012229,42.138219,0.037169042769857434,3.0996255487903244,2.7295655461895376,True
Chicago,17031803608,-88.057905,42.147707,0.0573966065747614,2.9965568652581918,3.0122665090714196,True
Chicago,17031805108,-87.966535,42.043301,0.0625,1.5932266178111112,1.5198112189804924,False
Chicago,17097864802,-87.874622,42.169149,0.008406078241189783,0.21698804672578648,0.7075451042359359,False
Chicago,17043841209,-88.136012,41.935025,0.03618421052631579,-0.290009101858718,-0.44469693843078645,False
Chicago,17043841208,-88.090704,41.909005,0.054873217115689384,-0.7622956095219752,-1.1526452579814797,False
Chicago,17031805106,-87.999642,42.060657,0.009359251259899209,2.1025603462192644,2.2966917575669537,True
Chicago,17097864514,-87.947483,42.205615,0.012815680361854504,0.08634127855982307,0.28893402419523845,False
Chicago,17043845902,-87.929532,41.749382,0.026081971911722557,0.3107969871740873,2.257725135495358,True
Chicago,17043840908,-88.054397,41.913003,0.06493212669683258,-0.998878424245448,-1.5913736397635527,False
Chicago,17043840906,-88.037267,41.939794,0.11548821548821549,-0.8788950409322681,-1.726538365178025,False
Chicago,17031804506,-88.194646,42.003562,0.03764619883040936,0.47992856882847423,0.7474428145171021,False
Chicago,17043840104,-87.994177,41.940218,0.02304758746476538,-0.055241422944993596,-0.29907783858002085,False
Chicago,17111870703,-88.250462,42.394439,0.005046728971962617,2.161949638979228,2.3350970396270094,True
Chicago,17031801800,-87.787301,42.112264,0.0072002679169457465,0.8561668763047169,3.454800304763251,True
Chicago,17097861610,-87.981479,42.359528,0.06684420772303595,0.19963784665931178,0.8007617964254953,False
Chicago,17043841114,-88.113465,41.945465,0.049151027703306524,-0.47446164239568234,-0.743676466670621,False
Chicago,17097864505,-87.922569,42.16241,0.020489004234394207,0.13267178755824371,0.3284984683625195,False
Chicago,17089850500,-88.277139,42.092948,0.027314112291350532,1.0588268851909515,1.4149342445271307,False
Chicago,17031803901,-88.016376,42.102554,0.020838627700127066,2.8918304801998236,2.8611883280858597,True
Chicago,17043844602,-87.931867,41.860571,0.04559213015512675,0.16192707902379633,1.3352404408440826,False
Chicago,17097863601,-87.940043,42.316367,0.011117445838084378,0.30165731596813583,1.156538893613686,False
Chicago,17031804803,-88.080628,42.002655,0.04002796713861213,-0.38058566872776645,-0.5968069405340463,False
Chicago,17031804807,-88.120867,42.010177,0.0386676875957121,-0.07333266856683385,-0.11060234658513288,False
Chicago,17031804805,-88.128827,42.019688,0.026676384839650145,0.04133980317010688,0.06243094633278568,False
Chicago,17031804804,-88.129658,41.997861,0.04464679101189602,-0.09451326588981557,-0.1455916411494365,False
Chicago,17031803701,-88.05152,42.118401,0.012929442186922793,2.600265763067859,2.8881401386190215,True
Chicago,17031803702,-88.053919,42.10649,0.013331242158092848,2.23759921536115,2.646174313586921,True
Chicago,17037000400,-88.678632,42.011813,0.01233759144011355,1.7952180501309098,2.881529335228182,True
Chicago,17043841003,-88.067539,41.98631,0.030845497108234646,-0.630313701084713,-1.0074464918241137,False
Chicago,17089850105,-88.327124,42.136411,0.03727338651196519,1.2959579326943336,1.6134610998886034,False
Chicago,17031803012,-87.98993,42.14304,0.02775290957923008,2.6177344506102744,2.1974349138184146,True
Chicago,17031803017,-88.000671,42.12199,0.021009072099315615,2.9548689124149154,2.597582883731944,True
Chicago,17031802701,-87.917538,42.084667,0.013917988626159833,-0.3016942203073408,-0.23931402829946885,False
Chicago,17031804810,-88.083175,42.015858,0.04142595462871636,-0.2046070572119817,-0.3157893569766425,False
Chicago,17197880415,-88.155472,41.583375,0.09432475039411456,0.48493768121318487,2.170182483672154,True
Chicago,17031804404,-88.246383,42.041369,0.03302894890227317,0.9047039320185808,1.309742785609086,False
Chicago,17031804716,-88.113413,42.041941,0.049440298507462684,0.22160119540507983,0.3254335622905054,False
Chicago,17031804715,-88.095688,42.045636,0.03181552831290134,0.26193327021209933,0.3850834634820054,False
Chicago,17031804713,-88.087076,42.053733,0.038117927337701016,0.409585733678014,0.599455750659186,False
Chicago,17031804712,-88.128933,42.037444,0.06469941348973607,0.20782564017165162,0.3088277731118523,False
Chicago,17031804711,-88.138861,42.036505,0.07812295189408834,0.24285515478515252,0.36190686494420105,False
Chicago,17043840202,-88.014104,41.95251,0.006515301085883514,-0.5416839168090892,-1.4786686231475952,False
Chicago,17043840304,-88.022909,41.938084,0.010752688172043012,-0.547745291737835,-1.5048027138305002,False
Chicago,17031803005,-87.988386,42.130328,0.01262433052792655,2.63554051448757,2.244403061865808,True
Chicago,17097864403,-88.035784,42.176274,0.00888585099111415,3.2280193812255913,2.779009000425002,True
Chicago,17089850400,-88.268307,42.102095,0.06267136701919311,1.070895444839306,1.4519882206334775,False
Chicago,17031803008,-87.970121,42.118472,0.011327879169288861,2.11907495277652,1.7821605864375591,False
Chicago,17031804709,-88.090089,42.038057,0.037716466099207514,0.14453903812947555,0.21518264225586645,False
Chicago,17043840102,-87.995756,41.959674,0.023869877482044784,-0.14844385082932862,-0.6449450383561086,False
Chicago,17043841802,-88.134205,41.879929,0.013780598368087035,-0.29448268409750744,-0.4389757213191193,False
Chicago,17031804308,-88.153589,42.024334,0.050743022834360274,0.23305765811573265,0.3523805349003767,False
Chicago,17031770300,-87.987617,42.004805,0.01824716615980094,0.03398962352510941,0.049542667694644944,False
Chicago,17031820502,-87.803672,41.748216,0.06468401486988848,0.09702211137579225,0.6537126386446791,False
Chicago,17197883212,-88.218642,41.49648,0.04760378265747716,0.5176636960697021,2.398730597503509,True
Chicago,17197883210,-88.163091,41.526909,0.07093235831809871,0.4144472922228449,1.8310424914060102,False
Chicago,17031806201,-87.889707,42.045201,0.03137734311328443,-1.427657382791617,-1.0244392132386777,False
Chicago,17089852002,-88.28994,41.906269,0.012793811365664981,1.4857129865357241,2.752454896890304,True
Chicago,17031819802,-87.895366,41.796267,0.0036483035388544327,0.17210640538744115,1.4841498979241503,False
Chicago,17111870811,-88.214958,42.300037,0.005564210994880926,2.4044305111052013,2.2064161551054595,True
Chicago,17031804706,-88.106651,42.055205,0.01527614571092832,0.39419497057742836,0.5719090304992297,False
Chicago,17031804310,-88.196157,42.026355,0.04754806975704278,0.5671365918574847,0.868007095609697,False
Chicago,17089850202,-88.247839,42.113218,0.02843324051003957,1.0642817871775374,1.46604606853004,False
Chicago,17043840801,-87.935559,41.949859,0.03243037008775276,0.038160336046976946,0.30382696685782473,False
Chicago,17111871310,-88.299329,42.16106,0.008558871154291001,1.3838193399921324,1.6937656026018713,False
Chicago,17111871107,-88.363175,42.177934,0.01955671447196871,1.4742425355323592,1.7197161341086618,False
Chicago,17031805112,-87.930677,42.025184,0.02067777139574957,0.11781899781066979,0.16662811134666344,False
Chicago,17031802801,-87.959391,42.083041,0.009720293592541162,1.708094721955654,1.495833233476969,False
Chicago,17111871201,-88.346113,42.217896,0.013866351969317008,1.6432247640621789,1.8072620739659875,False
Chicago,17091010201,-87.901469,41.251085,0.01285102332222751,0.3388844926245045,4.295259749515903,True
Chicago,17043846702,-87.986288,41.912881,0.03021694214876033,0.05224756647391462,0.3423633022103803,False
Chicago,17043845808,-88.021254,41.718679,0.01628748707342296,1.0908316654515846,2.687553994650539,True
Chicago,17031560700,-87.757173,41.796506,0.014030261348005502,-0.3598647343288472,-2.5825451485108557,True
Chicago,17031804511,-88.15377,41.992618,0.041220115416323165,0.07483454642534615,0.11546421844618275,False
Chicago,17111871304,-88.261663,42.232604,0.006438396254023998,1.7797010947872711,1.9257761027040763,False
Chicago,17043841206,-88.133921,41.912298,0.0272247745448358,-0.3241978090055069,-0.49940647379425557,False
Chicago,17043841603,-88.185962,41.84293,0.015926948396687193,0.6659797134548944,1.2011250927094168,False
Chicago,17043841111,-88.089164,41.956795,0.011229800054779512,-0.6491182135120921,-1.0404022863204139,False
Chicago,17043841113,-88.085814,41.945411,0.06407617086978899,-0.7411499963170797,-1.178762096652066,False
Chicago,17043841112,-88.115614,41.960173,0.031169665809768637,-0.3927988470004342,-0.6175715069098852,False
Chicago,17031803902,-88.014863,42.082986,0.004374453193350831,2.44677647093348,2.650250684955921,True
Chicago,17031151200,-87.771491,41.94242,0.01752577319587629,-0.0027845681594047753,-0.022944918059350044,False
Chicago,17031804806,-88.136224,42.008894,0.10221285563751317,0.009892366773804229,0.015025945492691786,False
Chicago,17043840901,-88.041015,41.972611,0.03261153143751631,-0.9907915090497866,-1.5390211702182313,False
Chicago,17043844305,-88.026215,41.845694,0.08808682483594145,0.12033705408754279,0.42657266884237743,False
Chicago,17043841108,-88.136314,41.974445,0.17084332098496405,-0.1505244903964602,-0.23285161762734602,False
Chicago,17043841104,-88.091476,41.980227,0.007481296758104738,-0.47249717065504915,-0.7600561233825105,False
Chicago,17043841103,-88.099695,41.968798,0.017748344370860928,-0.4810665044315108,-0.769207089646557,False
Chicago,17043841004,-88.068689,41.977021,0.022413793103448276,-0.6837407621420543,-1.1048819033411932,False
Chicago,17089850101,-88.258696,42.141873,0.03949757869249395,1.238563438320845,1.6259768167749178,False
Chicago,17111870809,-88.267751,42.285068,0.010145566828407587,2.075232764752344,2.0309186507564356,True
Chicago,17089854900,-88.305767,42.013454,0.12258420762009939,1.129008713490472,1.558122799728093,False
Chicago,17097860906,-88.141406,42.354775,0.04984215057878121,1.2725366031414398,2.4205903423325283,True
Chicago,17031803007,-87.970949,42.132072,0.00834465359984475,2.1002973983067394,1.7536738580635396,False
Chicago,17031805701,-87.848594,42.0035,0.0014585232452142207,-0.1507080307879669,-0.6039261263102946,False
Chicago,17043841326,-88.193174,41.915784,0.013110846245530394,0.3575149554743752,0.5723646274910783,False
Chicago,17031801607,-87.85838,42.093569,0.016650717703349284,-0.3599658628179524,-0.3099479964784134,False
Chicago,17089851905,-88.356995,42.013242,0.029003695182318903,1.2745998694022764,1.7673462470930204,False
Chicago,17043841312,-88.208429,41.90571,0.048748353096179184,0.5771267267380189,0.956555943454276,False
Chicago,17197881001,-88.00829,41.620776,0.007946775087784144,0.5896284053165318,2.6586671557867834,True
Chicago,17111871206,-88.33142,42.166124,0.025120336943441637,1.409307628024859,1.6806073485319588,False
Chicago,17043841308,-88.217376,41.960278,0.013406156901688183,0.6437283620422198,1.0253059492995993,False
Chicago,17031804311,-88.234768,42.060589,0.05377094972067039,0.8989245856299122,1.2889955103561481,False
Chicago,17031805002,-87.950353,42.041305,0.05160334141740771,1.0963930603419725,0.9984190233841992,False
Chicago,17031833300,-87.654183,41.87097,0.055288461538461536,-0.2531011844914167,-1.7864003103870072,False
Chicago,17031806001,-87.849247,42.058131,0.04967342729460296,-0.542850301898834,-0.47073166148922174,False
Chicago,55059003001,-88.278906,42.52668,0.0028628055494384495,1.5861406467873944,2.8543691588238347,True
Chicago,17031030900,-87.671849,41.979646,0.03184281842818428,0.5671762855187783,2.3060583160253345,True
Chicago,17089850600,-88.312127,42.087453,0.031976353620851806,1.1127399886876141,1.4444660754996619,False
Chicago,17099962400,-88.661375,41.332529,0.006256517205422315,1.18651001034514,3.7954508433011256,True
Chicago,17031804902,-87.931462,42.044482,0.019018841094916458,0.3275458023859819,0.2674291169500773,False
Chicago,17031283200,-87.659134,41.869103,0.3383233532934132,-0.27000226690303986,-1.8822957827645692,False
Chicago,17043841324,-88.150456,41.922677,0.032799105478941486,-0.15619833654137405,-0.23853500558648877,False
Chicago,17031803603,-88.095844,42.117669,0.00981828839390387,1.705973819096918,2.173821864502959,True
Chicago,17031170500,-87.829602,41.948984,0.014860797592174567,0.052498297357185975,0.49152936825873855,False
Chicago,17031260600,-87.733046,41.877473,0.8959318826868495,0.004443822859808419,0.030496536698216833,False
Chicago,17043841204,-88.091421,41.928786,0.04335453632407098,-0.7282150300334427,-1.1410578749885638,False
Chicago,17043846411,-88.218062,41.790262,0.11502259036144578,1.5347990446811737,3.7684593828178286,True
Chicago,17031806002,-87.860181,42.047623,0.0503000127665007,-1.2774059141539198,-0.9893980492367774,False
Chicago,17031805201,-87.831078,42.061273,0.01525179856115108,0.3466382210644907,0.5129501491493498,False
Chicago,17097864518,-87.969702,42.175919,0.0033964962459778333,0.6565628130396004,1.2125278299528326,False
Chicago,17097864516,-87.975766,42.163764,0.011927582534611288,1.7856351318735297,1.7156057517241956,False
Chicago,17097864512,-87.973259,42.208762,0.015239321742863276,0.17519861085855212,0.5617512280447886,False
Chicago,17043840907,-88.052312,41.94339,0.05474452554744526,-1.0051358068023202,-1.6434927206614434,False
Chicago,17031110200,-87.772862,41.980573,0.012987012987012988,-0.013635480677116212,-0.09773579138274714,False
Chicago,17031824003,-87.986572,41.664098,0.006247997436719,0.8121952290511574,2.9909470909409346,True
Chicago,17089852102,-88.320178,41.95898,0.015033641715727502,1.4288827045005714,2.303653520995397,True
Chicago,17089851102,-88.299984,42.041572,0.05525606469002695,1.0728251267800775,1.4391467708738692,False
Chicago,17089852003,-88.285914,41.928453,0.005247664149494432,1.359490624369924,2.406393712292861,True
Chicago,17031804000,-88.016511,42.072577,0.009447826999790049,2.119757318522431,2.4293009379410444,True
Chicago,17031804808,-88.099688,42.021942,0.010400616332819723,-0.054708294543500235,-0.08282945604703901,False
Chicago,17043844304,-88.024187,41.856481,0.049300956585724795,0.05795981436679909,0.22676658367738806,False
Chicago,17031818300,-87.901021,41.878875,0.4091523134076326,0.03785246920662537,0.3209539221355211,False
Chicago,17043841002,-88.065975,41.965981,0.015055706112616682,-0.8223429544378347,-1.313462968391544,False
Chicago,17089850103,-88.330055,42.117702,0.02519058667550547,1.2297497723197917,1.544778762890884,False
Chicago,17197881108,-88.007643,41.535454,0.029943670323154464,0.3522049965683347,1.5660900748554638,False
Chicago,17197883211,-88.169025,41.496364,0.18195625759416767,0.43306058291818594,1.9381059855880838,False
Chicago,17031802702,-87.910607,42.0726,0.012101910828025478,-0.7407878769541412,-0.5574993706169507,False
Chicago,17097861202,-88.063159,42.376688,0.02877697841726619,0.3495680803003576,1.3601836094803033,False
Chicago,17197883402,-88.174264,41.327376,0.006701030927835051,0.5908533995017085,2.6455177897017146,True
Chicago,17097864520,-87.948752,42.168902,0.010705510705510705,0.33521716206186086,0.7308587758207712,False
Chicago,17089854800,-88.353436,41.875948,0.008502125531382845,1.8216895452944208,3.2848365151539585,True
Chicago,17043846202,-88.105141,41.770098,0.0516651104886399,1.1388273238409072,3.3252585667637096,True
Chicago,17031824117,-87.835725,41.568916,0.031272651962307135,0.21272036568757424,2.656749788217995,True
Chicago,17031802504,-87.938503,42.134242,0.008382489909965849,0.9995580805439304,0.8559867639038827,False
Chicago,17031802505,-87.903181,42.122338,0.03688829391640636,-0.125762623234597,-0.1014673625431125,False
Chicago,17031818200,-87.874986,41.863056,0.3170936581268375,0.03657800697041387,0.30458592344020874,False
Chicago,17031805302,-87.813466,42.049699,0.013426284533953009,0.5140930265444895,1.1634213336040204,False
Chicago,17097864410,-88.065988,42.186006,0.00493485984998026,3.2113033791638768,2.935264247548642,True
Chicago,17031801603,-87.873124,42.089136,0.04736587723537941,-1.0662474378321758,-0.8188589242942009,False
Chicago,17043846604,-88.006052,41.924738,0.016770354341357856,-0.09771907904904137,-0.48061707542300774,False
Chicago,17043841316,-88.193883,41.974572,0.015189873417721518,0.41670552241273395,0.6506209740760213,False
Chicago,17031242100,-87.670038,41.89982,0.017857142857142856,0.061324427151090294,0.41784867139349363,False
Chicago,17197880117,-88.044393,41.713157,0.2154014798574952,1.1186030597856442,2.85456098444755,True
Chicago,17031824005,-88.010227,41.659396,0.009270183718186414,0.796739153447836,3.1938114129942994,True
Chicago,17043842000,-88.064608,41.884877,0.0011363636363636363,-0.7428286828386574,-1.1388210408642123,False
Chicago,17031804309,-88.162758,42.013244,0.03686635944700461,0.243859264518288,0.3745897653412569,False
Chicago,17097860807,-88.184288,42.427895,0.00807149034303834,1.3107225682323786,2.6115863938408452,True
Chicago,17097860905,-88.142243,42.379885,0.01587018544935806,1.049918654905657,2.3962047217125373,True
Chicago,17097860809,-88.114533,42.459893,0.011945392491467578,0.558029254062613,2.074678979979224,True
Chicago,17097860808,-88.141374,42.443207,0.0018946570670708603,0.7747105040360737,2.4184620771492042,True
Chicago,17097863902,-87.964485,42.246976,0.032,0.1823832205854149,0.6489854949975116,False
Chicago,17097860104,-87.828976,42.473109,0.09154113557358054,0.06818139177727728,0.2730133524610518,False
Chicago,17097861007,-88.034053,42.432543,0.024401913875598084,0.3038791364600511,1.2489434680530331,False
Chicago,55059002602,-87.897489,42.536765,0.03216318785578748,0.1710691857406469,0.7120416531634179,False
Chicago,17097864101,-88.085389,42.298282,0.020677447904095262,0.6498075033408071,1.7161130540428025,False
Chicago,17097861510,-87.903066,42.359106,0.07533030960362848,0.175515280931404,0.6844020075412132,False
Chicago,17111870702,-88.22687,42.35224,0.007380073800738007,2.312638243521106,2.222597655109755,True
Chicago,17097861604,-87.989193,42.393268,0.0667139815471966,0.19398141971067395,0.8024018477073639,False
Chicago,17031812801,-87.80251,41.882833,0.2187776793622675,-0.05809141226545289,-0.4250828604841596,False
Chicago,55059002906,-88.093738,42.521766,0.007432818753573471,0.48640058679705556,1.9573624913394834,False
Chicago,17031824702,-87.708066,41.622115,0.17586649550706032,0.01321363201666464,0.16086626828542025,False
Chicago,17097860810,-88.067254,42.481109,0.03625632377740304,0.41490872865045975,1.7006546644852536,False
Chicago,17097860811,-88.071583,42.458783,0.024610521562429443,0.41836303594367563,1.6798285684137773,False
Chicago,17111870803,-88.31286,42.298113,0.005954349983460139,2.076111103368473,2.0454922422956128,True
Chicago,17031825302,-87.757707,41.582058,0.11485348602222971,0.1593591305903914,1.9779805359723677,True
Chicago,17097861011,-88.079858,42.395775,0.044760935910478125,0.41524817845180484,1.590074128614147,False
Chicago,17097861012,-88.089222,42.429887,0.031063567167249537,0.4635109773971967,1.7772554933188491,False
Chicago,17111870102,-88.228587,42.449956,0.0028809704321455646,1.5334112078321087,2.68408104642357,True
Chicago,17097863500,-87.859819,42.255528,0.007271925958572058,0.37842017168381165,1.3863486588743401,False
Chicago,17097861508,-87.926915,42.380432,0.12860052371254,0.1273272792432348,0.516045446471602,False
Chicago,17097861303,-88.100036,42.375331,0.03683549602344077,0.5006483839774488,1.7707745099499905,False
Chicago,18089041800,-87.237543,41.569487,0.04613233923578751,0.07056855828717776,0.7049102266779239,False
Chicago,17031650500,-87.728895,41.766457,0.12633492388093615,-0.18578796313973198,-1.7497440213570652,False
Chicago,17031283100,-87.663644,41.869366,0.27530364372469635,-0.2546085051065412,-1.7404002765085254,False
Chicago,17031821300,-87.670412,41.654949,0.3357677560708417,-0.15350329805778418,-1.477297322365839,False
Chicago,17031803100,-87.986576,42.100146,0.008019911504424779,2.6010542786873216,2.355625041930664,True
Chicago,17031820902,-87.75585,41.75156,0.020392001583844785,-0.1556152834985896,-1.5263361908831075,False
Chicago,17091010202,-87.83356,41.248381,0.022621221343071617,0.35126775565849944,4.41859597122764,True
Chicago,17031821102,-87.749472,41.742435,0.023398723705979674,-0.14012833610252326,-1.4473388060563257,False
Chicago,17063000900,-88.28908,41.194708,0.00584469802393543,0.7191526090254942,3.2171611962797075,True
Chicago,17089852606,-88.325007,41.869394,0.004581151832460733,1.8171943256157934,3.3026721876770018,True
Chicago,17043840802,-87.949082,41.954472,0.021479713603818614,0.03686537555281661,0.2735197871254011,False
Chicago,17031251800,-87.749271,41.883347,0.9188394432464223,-0.3161426346163462,-1.360714217323969,False
Chicago,17043840000,-87.952947,41.96506,0.014814814814814815,0.03914907210398139,0.27402669464859747,False
Chicago,17043840911,-88.073422,41.921421,0.02592,-0.9131262188482588,-1.4090664051632966,False
Chicago,17031291600,-87.694515,41.857472,0.16704805491990846,-0.23455532550271502,-1.485566613016949,False
Chicago,17031804105,-88.10528,42.09379,0.013195777351247601,1.0680021565823734,1.4532386843250429,False
Chicago,17031804109,-88.036697,42.077737,0.016894087069525665,1.7713092686616214,2.2129342984296256,True
Chicago,17031671600,-87.661238,41.769702,0.873059866962306,-0.17581330355557725,-0.8744368407716369,False
Chicago,17043844202,-87.999685,41.868346,0.012769062385990515,0.13088234019028203,0.8083158424241619,False
Chicago,17043844201,-88.020468,41.867381,0.04002061147372037,0.04200287218192304,0.19403364746458343,False
Chicago,17031824400,-87.727544,41.638253,0.3961136023916293,0.009819770162818433,0.11833873593850291,False
Chicago,17043840904,-88.069879,41.928741,0.15041551246537396,-0.9647534835062977,-1.485332035564894,False
Chicago,17031811401,-87.872322,41.933589,0.018196360727854428,0.057954147278642384,0.5183485199805048,False
Chicago,17043846409,-88.252347,41.798201,0.0543166261867962,1.7876952741669798,3.7642237643370993,True
Chicago,17093890500,-88.526436,41.664404,0.060558563693359935,1.9444327734366553,4.365539646733877,True
Chicago,17031804809,-88.101715,42.011233,0.020427330359239257,-0.16196744507939553,-0.24772503874423876,False
Chicago,17031080100,-87.626977,41.907195,0.022542266750156543,0.12712115482659125,0.7887758799469824,False
Chicago,17031711300,-87.66733,41.733373,0.9261285909712722,-0.16076545812422935,-1.212372968558176,False
Chicago,17031829902,-87.707092,41.545058,0.8336688864797894,0.1290737225838006,1.5518919825153972,False
Chicago,17089852300,-88.310462,41.911301,0.01949317738791423,1.5674552957904317,2.8808349572350593,True
Chicago,17031822302,-87.774617,41.717283,0.06183944232066562,0.004492449880148879,0.04396289353700574,False
Chicago,17031804406,-88.250864,42.020777,0.037031150667514307,0.9037380730710389,1.3166428691725267,False
Chicago,17031611900,-87.661542,41.797562,0.532258064516129,-0.46754010290205045,-2.1610622281103185,True
Chicago,17031711000,-87.648802,41.739965,0.9388489208633094,-0.22581462839600297,-1.347146971272638,False
Chicago,17031816100,-87.811096,41.866778,0.3195398625978591,-0.06006486247199352,-0.443191733116831,False
Chicago,17031824115,-87.839999,41.623564,0.02498048399687744,0.18416796688712217,1.996396766925418,True
Chicago,18127050508,-87.202473,41.558291,0.13791415048147543,0.05973602955803828,0.6000051116919962,False
Chicago,17031700200,-87.723996,41.752291,0.1052792187976808,-0.1496233111270983,-1.495530458574961,False
Chicago,17031830201,-87.708388,41.48369,0.8209598432908913,0.18700291843993744,2.1878207933555114,True
Chicago,17197883904,-87.808906,41.331818,0.010538373424971364,0.33536704927652133,4.164373631705506,True
Chicago,17031050600,-87.676656,41.950497,0.016782644289807615,0.8622780593598859,2.206507090570109,True
Chicago,17031802506,-87.909084,42.135314,0.04113785557986871,0.2501331639799972,0.21749037650979647,False
Chicago,17111870812,-88.212316,42.268072,0.008483563096500531,2.280966575264203,2.0756719819073868,True
Chicago,17089852101,-88.356261,41.968194,0.012972202423378475,1.4887071810438364,2.4053548501203554,True
Chicago,17031804305,-88.163219,42.033635,0.04948216340621404,0.36344251579543996,0.5506501415384139,False
Chicago,17031804306,-88.173318,42.023025,0.024173480270174193,0.37786221499524664,0.5776698477803569,False
Chicago,17031711100,-87.65777,41.739317,0.9399759903961584,-0.17485181736183356,-1.1313730598311225,False
Chicago,17197880202,-88.079214,41.660031,0.09754028837998303,0.7851030773297433,3.369070964234384,True
Chicago,17031380500,-87.628005,41.821758,0.9242462629845453,-0.5073199131490125,-2.9676959738626807,True
Chicago,17031491100,-87.637716,41.699248,0.9421426820299093,-0.20823034233043808,-1.3192302332778252,False
Chicago,17031660600,-87.694038,41.777225,0.42801374141161774,-0.1111180799550622,-0.7883202554861231,False
Chicago,17031390100,-87.595047,41.812427,0.8229233741146169,-0.27449118359018193,-1.5399425738279655,False
Chicago,17031380100,-87.609994,41.819006,0.8717716357045764,-0.3874922522322809,-2.269271545922914,True
Chicago,17031410500,-87.603902,41.798083,0.45687885010266943,-0.26347389703861523,-1.4749056020681546,False
Chicago,17031620400,-87.718015,41.789773,0.005768848219614084,-0.23140089469080907,-1.559740270944621,False
Chicago,17031660400,-87.708177,41.782718,0.02898805340829234,-0.1724763224540519,-1.2548355134305853,False
Chicago,17031660301,-87.698696,41.780055,0.23945945945945946,-0.13344704713505545,-0.9550162303009039,False
Chicago,17031730100,-87.63905,41.725452,0.9589764419171405,-0.2664167593363685,-1.5826007202168046,False
Chicago,17031490400,-87.610866,41.723661,0.9470394736842105,-0.039068994763489504,-0.1400042572365105,False
Chicago,17031431302,-87.563417,41.758135,0.9430016088255574,0.16574693020036213,0.5937959685435613,False
Chicago,17031835900,-87.620876,41.819247,0.9242462629845453,-0.45498127208549866,-2.6492713244920956,True
Chicago,17031711400,-87.654121,41.734027,0.9381787802840434,-0.19072427844668735,-1.2493857578300207,False
Chicago,17031381400,-87.621159,41.80751,0.9036748329621381,-0.3992699539731239,-2.2851671977691552,True
Chicago,17031670800,-87.661646,41.782947,0.8158429248476642,-0.28283253993181007,-1.2448283139874798,False
Chicago,17031660800,-87.693862,41.773591,0.4546941445861956,-0.10418118514109292,-0.7705966789433354,False
Chicago,17031630800,-87.698584,41.790016,0.0374943532600512,-0.16402058909069195,-0.9232149711510267,False
Chicago,17031671300,-87.671459,41.773999,0.8173828125,-0.14863378325346663,-0.8009113319782712,False
Chicago,17031630100,-87.681661,41.800495,0.05138461538461538,-0.38593799485149805,-1.81211891053071,False
Chicago,17031835000,-87.688909,41.782838,0.40934667083463583,-0.13307234589928038,-0.8038039182963592,False
Chicago,17031390200,-87.599398,41.813388,0.7716409984067977,-0.3032564092171092,-1.7111219773560726,False
Chicago,17031827901,-87.570796,41.585615,0.8744320528707146,-0.038548158413972536,-0.2922442912181144,False
Chicago,17031660700,-87.681317,41.773663,0.7177263969171483,-0.09324447158214838,-0.603316962648923,False
Chicago,17031350400,-87.627966,41.841281,0.9067460317460317,-0.4667397904227039,-3.3871594915450336,True
Chicago,17031530100,-87.61787,41.681843,0.48338643604915793,-0.16583054351335166,-0.9243321081230262,False
Chicago,17031813301,-87.751853,41.862261,0.05118326912493121,-0.3826448149193067,-2.0049238135167142,True
Chicago,17031360200,-87.609892,41.827203,0.9376135675348274,-0.4097613348837733,-2.5913097039982573,True
Chicago,17031843600,-87.609291,41.805869,0.8760116542570411,-0.31844373960534234,-1.8129275778916076,False
Chicago,17031839900,-87.644484,41.827739,0.030015797788309637,-0.6452171044748256,-3.605161969624898,True
Chicago,17031351100,-87.615521,41.829087,0.9332679097154073,-0.442897089606531,-2.8175555368132077,True
Chicago,17031835800,-87.618699,41.813166,0.8998822143698468,-0.4125901886915748,-2.374266936366977,True
Chicago,17031836500,-87.606843,41.828145,0.9384413883431565,-0.3954191627350736,-2.535481085512635,True
Chicago,17031839500,-87.619945,41.834478,0.7314465408805031,-0.457934977537966,-3.0977089684953905,True
Chicago,17031351400,-87.623539,41.826775,0.8757183908045977,-0.4906967313892932,-2.9809327836427246,True
Chicago,17089854002,-88.343476,41.734269,0.1018322762508809,1.9231074593494462,4.146105371620349,True
Chicago,17197880901,-88.135312,41.575252,0.06903833658219623,0.45448368883315904,2.020148407435731,True
Chicago,17089854400,-88.281113,41.737622,0.15680316037377498,1.792841730263713,4.4761007723435355,True
Chicago,17089853200,-88.321212,41.765854,0.12607544672402382,2.019417493546973,4.0148610131325215,True
Chicago,17089854302,-88.304166,41.739171,0.04458438287153652,1.8853495549477381,4.3054606395269035,True
Chicago,17089853006,-88.354479,41.771144,0.10649117559078672,2.0575057273058404,3.820285489684515,True
Chicago,17089853007,-88.343371,41.775287,0.1476498026551848,2.051452862397487,3.8654909555943617,True
Chicago,17089853600,-88.299026,41.752603,0.07777777777777778,1.9166932991582089,4.257515130597572,True
Chicago,17089852807,-88.356873,41.829177,0.05029509879394406,2.0039897969240688,3.5006869054460505,True
Chicago,17089854700,-88.324404,41.753573,0.14328358208955225,1.9772413614198103,4.120368202358496,True
Chicago,17197880404,-88.221749,41.617139,0.06726068443463176,0.6957037912419258,3.083453024985106,True
Chicago,17089853300,-88.29974,41.771938,0.02857142857142857,1.9810302681654355,4.0735783119359885,True
Chicago,17089854200,-88.315774,41.744793,0.047446808510638296,1.9376644457074361,4.201374797465283,True
Chicago,17089852905,-88.322416,41.776955,0.13065755764304013,2.03726257014587,3.940068613520269,True
Chicago,17089852907,-88.292232,41.778692,0.08377281947261664,1.9769609625274567,4.018414118005774,True
Chicago,17043844801,-88.001214,41.808272,0.0038848263254113347,0.3726202462518958,1.891876609473397,False
Chicago,17043844802,-88.019447,41.808513,0.009504608294930876,0.4657544853922175,1.677333727255696,False
Chicago,17031831600,-87.798143,41.926356,0.07927695287282117,0.0213087114157601,0.1743374971028469,False
Chicago,17197884101,-88.114566,41.604145,0.13194444444444445,0.523098946505396,2.364075443848877,True
Chicago,17043845809,-88.021859,41.737998,0.05326931870141747,1.0916745487046875,2.592617943978331,True
Chicago,17043846517,-88.2497,41.758632,0.13194898626553303,1.7372122150489768,4.3772709630182876,True
Chicago,17089853400,-88.298738,41.759918,0.043031566408576534,1.9342656105769664,4.21489546198481,True
Chicago,17043846518,-88.252065,41.747154,0.04851973684210526,1.727378607221124,4.466300099658667,True
Chicago,17043842711,-88.083993,41.825489,0.014590747330960854,0.5220935051681954,1.4151862736988792,False
Chicago,17089852808,-88.327639,41.830555,0.029906009683850755,1.9776320542786623,3.539584215588965,True
Chicago,17089853005,-88.366266,41.772002,0.16591197246875566,2.0624951133452165,3.7728871861140467,True
Chicago,17089853008,-88.339328,41.786134,0.1358563803978651,2.065888419133463,3.7955504502155173,True
Chicago,17111871104,-88.402002,42.172881,0.019034171138096582,1.51815536209505,1.7182230944803147,False
Chicago,17111871106,-88.385629,42.213724,0.013287612516073724,1.6811350927867692,1.8797472965644633,False
Chicago,17043846514,-88.220212,41.738579,0.07790334214955519,1.5796474014709492,4.462210721939868,True
Chicago,17043841401,-88.185168,41.88255,0.0195822454308094,0.29173191217810485,0.4713622982052229,False
Chicago,17089853900,-88.343279,41.757904,0.060584958217270196,2.0117670100278264,3.9925997781282225,True
Chicago,17089854100,-88.319172,41.743155,0.05027932960893855,1.9375293770136093,4.194466629183954,True
Chicago,17089854503,-88.40838,41.750301,0.06565416864420187,2.088687685950214,3.867665207432928,True
Chicago,17093890201,-88.327434,41.7169,0.04076086956521739,1.7950876687861652,4.319348292661952,True
Chicago,17093890202,-88.337628,41.7132,0.048235674975720295,1.7929385265997748,4.261049009655848,True
Chicago,17093890301,-88.362094,41.695858,0.07322617308004546,1.738470021040111,4.212823156151699,True
Chicago,17089853500,-88.286701,41.761711,0.060927152317880796,1.9042990598390717,4.240417606141896,True
Chicago,17089853100,-88.338807,41.765882,0.08199069101324741,2.026621523458449,3.964730954274405,True
Chicago,17197882100,-88.067182,41.530769,0.08624316365166176,0.3783631707333545,1.6543949422877042,False
Chicago,17089854301,-88.302305,41.74664,0.03984360454291566,1.9050772307599049,4.283872944053295,True
Chicago,17197880420,-88.247864,41.565634,0.11435892569042422,0.5635713872933928,2.4998973666711155,True
Chicago,17093890700,-88.317773,41.546613,0.09132075471698113,0.7647362003765463,3.4497937368066953,True
Chicago,17043843500,-88.021018,41.883013,0.029667149059334298,-0.029869192641417866,-0.1339308259166572,False
Chicago,17031818500,-87.894084,41.84135,0.12495575221238939,0.11518845503447882,0.9406771571395199,False
Chicago,17197880905,-88.096002,41.556469,0.05323475046210721,0.42586219240252055,1.8986638289613262,False
Chicago,17197880903,-88.112615,41.556111,0.2213168187744459,0.4242701243015543,1.884749452400726,False
Chicago,17031220902,-87.721732,41.922671,0.021628928692125717,-0.037082576892997654,-0.23423795311656379,False
Chicago,17031806104,-87.86558,42.059803,0.12941461054668602,-1.3773578571890825,-1.025418922758032,False
Chicago,17197881107,-87.97068,41.523781,0.016100805040252013,0.25506646851553993,1.577134405222312,False
Chicago,17031823102,-87.784109,41.688836,0.04255903349807798,0.06856981583325676,0.6959456237890091,False
Chicago,17197881011,-87.921113,41.622928,0.0023522493384298734,0.3539495099860572,1.6198349236555463,False
Chicago,17063000103,-88.276636,41.413856,0.0300276570525484,0.6783592091521848,3.202920049685138,True
Chicago,17031814600,-87.784954,41.861588,0.09526353276353276,-0.23673297375963318,-1.3174015465578557,False
Chicago,17197881700,-88.110977,41.533961,0.0526813880126183,0.3979508671600476,1.758066282843409,False
Chicago,17031570100,-87.721086,41.809492,0.011398176291793313,-0.35315531368282066,-1.3874861440661432,False
Chicago,17031250500,-87.796883,41.914801,0.2880382775119617,0.0005769573801241157,0.004545314157252915,False
Chicago,17031561000,-87.791277,41.788247,0.011680482290881688,-0.13262489325101628,-1.1028762683549351,False
Chicago,17197881900,-88.088454,41.531221,0.38514588859416443,0.39367351571665476,1.741106911662743,False
Chicago,17043845803,-87.971084,41.713441,0.274207824393698,0.88144282573028,2.595975503115239,True
Chicago,17043845807,-87.98873,41.736418,0.02754098360655738,0.9071817177730357,2.6010363813104056,True
Chicago,17197881302,-88.072106,41.534982,0.08186687069625095,0.3830791770206717,1.6775060464919334,False
Chicago,17197880414,-88.170004,41.56062,0.04555010511562719,0.4550239613195597,2.0322848705135503,True
Chicago,17197880417,-88.18217,41.57764,0.060712886799843324,0.4999913846145647,2.2569424200562556,True
Chicago,17197880412,-88.151708,41.560067,0.07591310575316304,0.442572032612422,1.9731382780650477,True
Chicago,17197881401,-88.092763,41.545999,0.07412833284500439,0.410857967086639,1.8251147469051734,False
Chicago,17197880419,-88.226599,41.561092,0.1103042876901798,0.518518051875132,2.3174264151909227,True
Chicago,17031821002,-87.775727,41.742047,0.016481609993060375,-0.044459093830619634,-0.4013322966720518,False
Chicago,17031825505,-87.724736,41.564686,0.8542132736763609,0.13984160522443712,1.7155446150457798,False
Chicago,17043841205,-88.13392,41.924579,0.01841988459831336,-0.31987419901794956,-0.492851406688984,False
Chicago,17031190601,-87.779445,41.928241,0.029895025102692836,0.003101626803399579,0.024595397336116077,False
Chicago,17031010300,-87.666414,42.016013,0.27708168120539256,0.44286710504925464,2.1541773172808907,True
Chicago,17197880313,-88.249579,41.713041,0.11002382573179033,1.5802414660625204,4.605113134573516,True
Chicago,17197880314,-88.242334,41.645461,0.060711420165819735,0.9478751650391777,3.7661671596903803,True
Chicago,17197880408,-88.15316,41.62983,0.14673267326732672,0.655744199557064,2.9194605969919603,True
Chicago,17031818100,-87.874022,41.852644,0.15021459227467812,0.05275851793903677,0.42878745910870286,False
Chicago,17043845402,-87.936369,41.775165,0.03725490196078431,0.30079999957650266,2.4595544877854802,True
Chicago,17031580100,-87.691071,41.826362,0.017657992565055763,-0.6892805401711732,-3.224817273750457,True
Chicago,17197881603,-88.131636,41.540757,0.3823083913965465,0.4043370020313932,1.7799014697090876,False
Chicago,17197881200,-88.043714,41.545027,0.42041712403951703,0.39502432036661395,1.7304495729186118,False
Chicago,17031836300,-87.600684,41.801582,0.4698391420911528,-0.25505967158362436,-1.4366931429242775,False
Chicago,17031243400,-87.66013,41.893252,0.06076388888888889,0.027548639747034122,0.1891634622280214,False
Chicago,17043843800,-87.969367,41.883661,0.024468394989804836,0.14234299601040637,1.0747357891551939,False
Chicago,17031252202,-87.745579,41.876897,0.9224336190675309,-0.15851527747128524,-0.9503977976106307,False
Chicago,17197881800,-88.094482,41.538298,0.1266946019226029,0.3992313304593212,1.7658722881789684,False
Chicago,17197881604,-88.135789,41.547722,0.33664501337409247,0.41658391793075805,1.842543610896163,False
Chicago,17031818402,-87.892716,41.851938,0.21937842778793418,0.08394389608591396,0.680903490155888,False
Chicago,17031600700,-87.659382,41.840135,0.0331918178309533,-0.671970265544038,-4.025105403825452,True
Chicago,17197880107,-88.078004,41.705099,0.2030974318761027,1.1718103742088963,3.2106829313683116,True
Chicago,17043840910,-88.070768,41.910705,0.059170394469296464,-0.9305195817920973,-1.409487826233735,False
Chicago,17197881111,-87.977971,41.510161,0.009424436216762033,0.24999773573577186,1.5406172373037554,False
Chicago,17197883306,-88.240167,41.410103,0.003924866834875245,0.6213591624531104,2.8657677202170895,True
Chicago,17197883307,-88.092451,41.423077,0.026936890713186248,0.43034069125689534,1.9265196192864809,False
Chicago,17031690400,-87.619977,41.769142,0.9399345822182575,-0.26132027382237966,-1.1283303292561488,False
Chicago,17043844306,-87.981469,41.854013,0.12239758226997985,0.20255075054722982,1.4955073464279123,False
Chicago,17197883213,-88.216723,41.514549,0.03848773841961853,0.4899671760534418,2.2258436923254394,True
Chicago,17197880507,-88.134528,41.616954,0.245684855233853,0.5699931258374688,2.553820885689763,True
Chicago,17197880505,-88.097011,41.634713,0.07809449433814916,0.6396761747360337,2.9100584652925563,True
Chicago,17197880113,-88.060551,41.693891,0.18442953020134228,1.0446989520430554,3.2868860471296033,True
Chicago,17093890600,-88.464854,41.617382,0.029298245614035087,1.718334811070033,4.831209408369229,True
Chicago,17031822301,-87.770151,41.729901,0.03571428571428571,-0.04809161112458641,-0.47801532033026717,False
Chicago,17197881105,-87.935147,41.537141,0.00742410181625348,0.21594351215356394,1.9386620526886573,False
Chicago,17197883000,-88.057607,41.505315,0.29813302217036175,0.363396231775321,1.5846585214070554,False
Chicago,17031828300,-87.613905,41.569252,0.3871543264942016,-0.04627460079468529,-0.33317427683506473,False
Chicago,17031251200,-87.760586,41.898621,0.7317135549872122,-0.2703129601170202,-1.235273972740014,False
Chicago,17197880112,-88.041763,41.703002,0.1255539143279173,1.0724378275108826,2.994653905867686,True
Chicago,17031824300,-87.702095,41.638924,0.7948432985107802,-0.04800346713949979,-0.5600905529602985,False
Chicago,17031570300,-87.729414,41.804436,0.005175658720200753,-0.35217214350096443,-1.7571228661231864,False
Chicago,17197882801,-88.120862,41.522856,0.13629684055841293,0.39044234247081594,1.7180780670986797,False
Chicago,17197882802,-88.133269,41.519483,0.2813121272365805,0.39339063076797165,1.7300794943808002,False
Chicago,17031816200,-87.84134,41.902072,0.11001681479702138,0.03273472111548359,0.30006450696994746,False
Chicago,17043840303,-88.005488,41.935711,0.04837364470391994,-0.15858990129842787,-0.7177525006678778,False
Chicago,17197882900,-88.11416,41.507864,0.07163803937997486,0.3910514995638918,1.728987774672259,False
Chicago,17197880601,-88.036966,41.589095,0.0035842293906810036,0.49339161723896585,2.2293327518203547,True
Chicago,17031823002,-87.767766,41.696863,0.054612054612054615,0.010098375662175767,0.10915871120680169,False
Chicago,17031831500,-87.787979,41.929433,0.08844152906582221,0.013425739066535547,0.10863122531304907,False
Chicago,17031570400,-87.719823,41.806255,0.023176936122102882,-0.32167669769024254,-1.3680146097970258,False
Chicago,17197883209,-88.171358,41.545368,0.04860392967942089,0.43348800407030785,1.9215359981443199,False
Chicago,17197883208,-88.148275,41.543407,0.1273301737756714,0.41545756575633774,1.8341687984812758,False
Chicago,17031221500,-87.69009,41.921613,0.07322103815744242,0.12032385484388028,0.6653728010020222,False
Chicago,17197882702,-88.095689,41.527262,0.26365105008077544,0.3905415237277266,1.7246956721643334,False
Chicago,17197882701,-88.107672,41.525418,0.09883953581432572,0.39179475343419606,1.7297458169744067,False
Chicago,17197882300,-88.040561,41.520393,0.10203032639424313,0.36121357474921467,1.5645059034611373,False
Chicago,17197881500,-88.116949,41.542174,0.06070826306913996,0.40826557312196726,1.8078413616976428,False
Chicago,17197881402,-88.106937,41.547021,0.08922610015174506,0.41486020996352024,1.8440104781908968,False
Chicago,17031191100,-87.751116,41.919898,0.03332005840966414,-0.08687617990285124,-0.5954362159928407,False
Chicago,17043841704,-88.127576,41.893036,0.08157951833369495,-0.3843758528555263,-0.5709065959129167,False
Chicago,17043841705,-88.071238,41.897715,0.05684533970638443,-0.8965542204258001,-1.3045385280156565,False
Chicago,17031821001,-87.791022,41.742195,0.015177713736791547,0.036645001732867416,0.2853406782765397,False
Chicago,17197883216,-88.208938,41.528723,0.07263773468759618,0.4652382294764868,2.077335166247267,True
Chicago,17197883214,-88.192694,41.539753,0.07157894736842105,0.44471556423015796,1.9631649389667,True
Chicago,17197883215,-88.221076,41.543949,0.12010207441554166,0.48633502069923007,2.149852389204259,True
Chicago,17031827805,-87.599625,41.584046,0.8256010836437521,-0.047110632977960365,-0.31685304021740235,False
Chicago,17031630500,-87.689228,41.797591,0.009248923616648062,-0.306949540919776,-1.4232591062216036,False
Chicago,17043843301,-88.004495,41.901181,0.032587064676616914,0.016903945712178313,0.09422260747122223,False
Chicago,17197880701,-88.047969,41.577935,0.023609534619750284,0.4707841664051117,2.1266472271021515,True
Chicago,17091010300,-88.143985,41.138675,0.002451648052301825,0.5247128293639457,3.5484747551451483,True
Chicago,18127050300,-87.094666,41.613777,0.02546059365404299,0.026997283526512615,0.25711996294205003,False
Chicago,17197883517,-87.899323,41.52778,0.013165952235150031,0.21674575171025698,2.485501394435958,True
Chicago,17031020901,-87.686077,41.994895,0.2417920656634747,0.4317127217809978,2.000150623570632,True
Chicago,17043842602,-88.120511,41.841582,0.010841983852364475,0.2353982903103699,0.5080811392584739,False
Chicago,17031823603,-87.699017,41.649366,0.3587333003463632,-0.08072884141435313,-0.9024732830322019,False
Chicago,17197880410,-88.153256,41.613638,0.14847112117780295,0.5767198406133333,2.5852077703086875,True
Chicago,17197883519,-87.890684,41.543567,0.0189251919300125,0.21206593658512446,2.4415324138074284,True
Chicago,17043841604,-88.228967,41.82283,0.05948668745502519,1.495680507416202,2.994682620897002,True
Chicago,17031830004,-87.727525,41.514789,0.8477885509363793,0.1793910867028216,2.167737053989258,True
Chicago,17031822400,-87.790354,41.720725,0.03646651996227601,0.05977021364059524,0.5109516745855817,False
Chicago,17111871004,-88.611781,42.233936,0.012516469038208168,1.798669133195747,2.841879217448191,True
Chicago,17197883303,-88.241069,41.441804,0.013565395444074738,0.6072445243425828,2.842233423144194,True
Chicago,17031842500,-87.618832,41.776152,0.9583963691376702,-0.2554675783141878,-1.3284399470344288,False
Chicago,17197883505,-87.807812,41.501054,0.12555593568251797,0.24185527264915274,3.0409856600716303,True
Chicago,17043846201,-88.116438,41.734038,0.09564474807856532,1.411863916098007,3.75860446487497,True
Chicago,17197884103,-88.110527,41.580686,0.14950794852384558,0.4665677333629094,2.0952045076515264,True
Chicago,17197880502,-88.036098,41.606918,0.004801920768307323,0.547909338874517,2.4949907502426756,True
Chicago,18089042200,-87.286597,41.530172,0.05505279034690799,0.11911873523119185,1.2416576388302973,False
Chicago,17031830006,-87.713543,41.501186,0.6923990498812351,0.17637731058686493,2.0907548795391726,True
Chicago,17197880602,-88.051644,41.590538,0.017999409855414577,0.5026412823930196,2.2906898396898567,True
Chicago,17031824006,-87.965231,41.651959,0.010792778649921507,0.6965512566985402,2.6484717473818167,True
Chicago,17197883903,-87.74694,41.339954,0.011154489682097044,0.3300445494899586,4.072165915796297,True
Chicago,18073100400,-87.268663,41.157721,0.0028328611898017,0.26846783195340296,2.8697773831183544,True
Chicago,17043844501,-87.968041,41.861261,0.03112602990540128,0.19412503385546,1.5112978618366257,False
Chicago,17031750300,-87.685995,41.695288,0.07125506072874493,-0.11007756470066359,-0.9586356236808786,False
Chicago,17031720500,-87.686366,41.702943,0.02732502396931927,-0.11091863578928449,-0.9258502665015316,False
Chicago,17031825600,-87.695142,41.593927,0.7066952121448035,0.0547156228429327,0.660327573040311,False
Chicago,17031824505,-87.765669,41.608474,0.07106000294854783,0.13189640171288344,1.684846441996857,False
Chicago,17031750400,-87.68518,41.68539,0.3107597112409763,-0.1156764951192641,-1.0698935042834852,False
Chicago,17031824503,-87.768989,41.640166,0.056104651162790696,0.08037836427541564,0.9844575832526454,False
Chicago,17197881009,-88.018019,41.574363,0.01141495233316608,0.4436572976447242,1.9661533810755276,True
Chicago,17031823101,-87.793078,41.691993,0.036544850498338874,0.11607612502829164,1.0387484120321728,False
Chicago,17031822500,-87.758197,41.717744,0.043816725978647685,-0.05315420083349441,-0.5734032831806999,False
Chicago,17031730202,-87.649079,41.726463,0.9626685101970273,-0.21206274622390928,-1.377660401359511,False
Chicago,17031825200,-87.727737,41.592766,0.1359126984126984,0.11099395191627046,1.392740375015013,False
Chicago,17031600400,-87.643763,41.841998,0.010006981615080289,-0.5663350236563528,-3.8010346513397884,True
Chicago,17197883522,-87.861957,41.532903,0.014045801526717557,0.2247716993878088,2.7752155024126233,True
Chicago,17031822101,-87.746232,41.724267,0.05753365175857577,-0.0915303366587276,-0.9937482932531,False
Chicago,17031720600,-87.677103,41.702768,0.1732702542874039,-0.13025741271569194,-1.069092406461908,False
Chicago,17031700402,-87.712506,41.73862,0.5656540911317981,-0.12271312258231987,-1.2518463997376723,False
Chicago,17031730600,-87.64991,41.710463,0.9582052858020897,-0.19435375324625112,-1.381098248084936,False
Chicago,17031823801,-87.874942,41.660876,0.0074919121403030815,0.3508101589906698,1.3316680354761898,False
Chicago,17031823803,-87.824385,41.697403,0.020151133501259445,0.22537114529900018,1.3429615156630539,False
Chicago,17031823805,-87.824212,41.688195,0.02383192223267482,0.23105758568111404,1.3763418076209355,False
Chicago,17031821800,-87.700951,41.719244,0.23213296398891967,-0.09241356788439549,-0.7964439508669886,False
Chicago,17031821900,-87.698243,41.71164,0.1684538896471047,-0.09351718469140077,-0.7994745211182479,False
Chicago,17031720200,-87.665919,41.713132,0.5456305979181796,-0.15821160379923424,-1.2267032622285436,False
Chicago,17031700302,-87.73163,41.738267,0.1591310490992582,-0.13465733304877206,-1.3960797088817951,False
Chicago,17031824800,-87.68595,41.625158,0.20270270270270271,-0.04243115741476857,-0.4923128978953485,False
Chicago,17031843500,-87.69782,41.841065,0.6097844112769486,-0.3793255849488442,-2.1292407628160523,True
Chicago,17031840000,-87.639018,41.832141,0.01432855714761746,-0.5990128025902874,-3.5641865463283753,True
Chicago,18127050203,-87.043532,41.6136,0.012660135644310474,0.03200234477873095,0.3050654508185038,False
Chicago,17031310300,-87.649489,41.856768,0.05432937181663837,-0.4259113884892329,-3.1685701838491203,True
Chicago,17031740100,-87.698632,41.697036,0.025974025974025976,-0.08528923106109709,-0.7578603516410454,False
Chicago,17031823703,-87.809972,41.72297,0.02944912807483543,0.1691151405297433,1.0716086128955304,False
Chicago,17031700501,-87.691344,41.746448,0.8543113425925926,-0.11095361800969625,-0.9924516433414031,False
Chicago,17031823901,-87.832444,41.667334,0.025889046941678522,0.20385276313331235,1.4773630575101273,False
Chicago,17097862300,-87.833598,42.350098,0.32612841703750794,0.19152026718698428,0.7367096078840221,False
Chicago,17031740400,-87.710398,41.686721,0.1033013844515442,-0.07434207241031626,-0.7389395910438632,False
Chicago,17031824701,-87.72006,41.628056,0.12242199894235854,0.02282486293653525,0.28312747259219284,False
Chicago,17031824601,-87.744442,41.627725,0.061930783242258654,0.06669704629978003,0.8338625183021111,False
Chicago,17031823303,-87.727683,41.679114,0.14407334643091027,-0.05387350313771932,-0.5787706970056066,False
Chicago,17031823302,-87.725923,41.665385,0.3556368705349364,-0.05084567094233815,-0.5718417787778903,False
Chicago,17031720300,-87.676847,41.714268,0.31042067638163323,-0.13706973735382588,-1.0969452057083375,False
Chicago,17031821600,-87.696166,41.730102,0.428665785997358,-0.11035983957871813,-0.9875775619596497,False
Chicago,17031824114,-87.876263,41.617353,0.040762408001509716,0.2144724712160073,1.9867683138010503,True
Chicago,17031821200,-87.674989,41.668276,0.43538379719907816,-0.14561806622076828,-1.374685245866905,False
Chicago,17031140702,-87.713741,41.96346,0.044986449864498644,0.5289792577564649,1.163254065462751,False
Chicago,17031820605,-87.83268,41.736763,0.5045323900066327,0.22257332354356882,1.018704888557033,False
Chicago,17031828100,-87.535205,41.563435,0.34762935274444223,0.045537620363777544,0.4178067504657831,False
Chicago,17031620300,-87.73071,41.789664,0.007332293291731669,-0.2750596742410035,-1.9992373334045412,True
Chicago,17031822701,-87.729045,41.712787,0.1473636773321316,-0.07670974908626277,-0.769529620139965,False
Chicago,17031822702,-87.729159,41.705655,0.10919540229885058,-0.06087906270512622,-0.6020186404349412,False
Chicago,17031822601,-87.753607,41.708859,0.0323388274567077,-0.039322597071261824,-0.4265298336968108,False
Chicago,17031822602,-87.756018,41.700424,0.08333333333333333,-0.020071210110172544,-0.21934513435960318,False
Chicago,17031824105,-87.835477,41.637599,0.03138276003837193,0.17963708756066182,1.8192494443148746,False
Chicago,17031661000,-87.685817,41.762186,0.6864141765114663,-0.08991260368085317,-0.7060111845778173,False
Chicago,17031821700,-87.715777,41.721023,0.14550318995678124,-0.09102603292162965,-0.8694120535831149,False
Chicago,17031700100,-87.705147,41.752865,0.5015033072760072,-0.11723973583059144,-1.1271041068812473,False
Chicago,17031720400,-87.687253,41.71036,0.08567057623661398,-0.11379708531782591,-0.9383378983308804,False
Chicago,17031480500,-87.560704,41.727999,0.8101138647019424,0.31065960528401476,1.2800356150591743,False
Chicago,17031822802,-87.728144,41.697703,0.03297901335513764,-0.05005827301535701,-0.49426785904453124,False
Chicago,17031822801,-87.737876,41.695483,0.10742786985880909,-0.0401645204546133,-0.4239499336493756,False
Chicago,17031823400,-87.689902,41.664391,0.2313982011447261,-0.1182932786023378,-1.1979796724747447,False
Chicago,17043841501,-88.210107,41.880552,0.033575164501434114,0.7038673936266122,1.2078945615686374,False
Chicago,17031818000,-87.855113,41.854392,0.41982836495031617,0.03995141134122181,0.326318095427424,False
Chicago,17043845506,-87.981779,41.769701,0.05707133917396746,0.545504297526804,2.6569908045209383,True
Chicago,17043846405,-88.168414,41.791999,0.02564760194921775,1.1346304039117712,3.121376470381379,True
Chicago,17031630400,-87.698879,41.797239,0.005136035535813437,-0.23644427288660738,-1.128630271949392,False
Chicago,17031560100,-87.741453,41.810895,0.15098171970209884,-0.48090601673169286,-2.271885131312863,True
Chicago,17031560400,-87.740676,41.803809,0.013496932515337423,-0.40190081473892153,-2.3008615817277773,True
Chicago,17031825503,-87.686131,41.569477,0.7914373088685015,0.07293618061856723,0.854088385549267,False
Chicago,17031580502,-87.698917,41.814443,0.008606173994387277,-0.5116617056625495,-2.2101162565712946,True
Chicago,17031840400,-87.669458,41.832827,0.01068566340160285,-0.7377593450660581,-4.073984783620029,True
Chicago,17031839700,-87.651103,41.833123,0.033443344334433446,-0.6851161121564197,-3.831662569531354,True
Chicago,17031250400,-87.775396,41.911624,0.6728277768181034,-0.04092273887866624,-0.2859193873021477,False
Chicago,17031251400,-87.770443,41.891429,0.8296537882589061,-0.24454792736798991,-1.20245381156113,False
Chicago,17031210602,-87.712583,41.934302,0.03712632594021215,0.010084581732893602,0.055470308705010664,False
Chicago,17031340300,-87.635331,41.842239,0.01876675603217158,-0.5086050656401329,-3.584452103041462,True
Chicago,17097862901,-87.841186,42.336812,0.2313109425785482,0.2754161972425949,1.0411036287582816,False
Chicago,17031812500,-87.779672,41.891917,0.3065217391304348,-0.14369461262944316,-0.8414965109272892,False
Chicago,17031800800,-87.761759,42.094401,0.0032976092333058533,0.5804994417928374,2.5052744999406,True
Chicago,17031251500,-87.76094,41.891459,0.7982496545370796,-0.33123418671738003,-1.3576095072379597,False
Chicago,17031271300,-87.709553,41.877834,0.8971698113207547,-0.07888206183115609,-0.5407409255281755,False
Chicago,17031420300,-87.598687,41.783636,0.38396025550035484,-0.1907699620119822,-1.0388371575632656,False
Chicago,17031411100,-87.590365,41.791304,0.08112652374947457,-0.17949443964495554,-0.9706811181563171,False
Chicago,18089043404,-87.293452,41.303915,0.008726003490401396,0.22916342727437086,2.4101247965840984,True
Chicago,18089021800,-87.490944,41.57576,0.33492152466367714,0.11985023150973786,1.0862060026058993,False
Chicago,17031837000,-87.698719,41.878765,0.8310479921645446,-0.09620175436466932,-0.6348861309296138,False
Chicago,17031812700,-87.789744,41.883017,0.18139097744360902,-0.11438112844752968,-0.7304507242024751,False
Chicago,17031843800,-87.64286,41.80215,0.364,-0.49900195241775575,-2.7442367362587663,True
Chicago,17097865200,-87.813575,42.205588,0.029845178138407015,0.5234027627801814,1.8263374936163017,False
Chicago,17031220602,-87.711901,41.929615,0.05987287266762354,0.016921341584536592,0.09695907977138105,False
Chicago,17031420500,-87.608137,41.7833,0.9171943497320993,-0.23074513540027844,-1.2671905522965432,False
Chicago,17031836800,-87.710439,41.88551,0.7776937618147448,-0.0476647380884714,-0.3269878399697103,False
Chicago,17097863003,-87.837441,42.315763,0.17005292812019807,0.4138021629426062,1.5272486901863287,False
Chicago,17031600900,-87.65346,41.836534,0.0779467680608365,-0.6718962459719263,-3.9274848458289378,True
Chicago,18089040403,-87.492302,41.544666,0.04183400267737617,0.14948134099257293,1.4537873202883282,False
Chicago,17097865501,-87.803891,42.204643,0.04089068825910931,0.5830121041910413,2.0816815027570974,True
Chicago,17031420400,-87.603968,41.783287,0.6379533678756477,-0.21323077078003666,-1.165659542558482,False
Chicago,18089043102,-87.371948,41.401564,0.013509736327215131,0.22047147639985706,2.3387972912023813,True
Chicago,18127050900,-87.054242,41.464939,0.05879332477535302,0.08994670101767804,0.9471213933267327,False
Chicago,18089042402,-87.352047,41.49446,0.5238364690903947,0.17141797632601766,1.801390399893482,False
Chicago,17031570500,-87.732619,41.798417,0.0071996968548692685,-0.326942273481982,-1.9742513297452104,True
Chicago,18089010100,-87.240735,41.615778,0.5726389234986294,0.055717137726502254,0.5284301172397814,False
Chicago,17031828401,-87.664375,41.565655,0.2951639799888827,0.031016072282301556,0.3307700837768036,False
Chicago,18127050702,-87.040629,41.489113,0.05743879472693032,0.08074075185048993,0.8389415873424214,False
Chicago,18127050704,-87.074578,41.485214,0.025875452820424357,0.08294070381961646,0.8666171242178072,False
Chicago,18089043300,-87.242376,41.408988,0.0422516730087915,0.1482145070111204,1.5918350800531655,False
Chicago,18127050800,-87.045583,41.471564,0.04141921729861428,0.08754328410843543,0.9189359769030425,False
Chicago,18149954200,-86.803043,41.213247,0.001728821931341072,0.1562433568697418,1.6232077611750089,False
Chicago,18127051007,-87.193167,41.411656,0.015320521435290956,0.12812063378878277,1.3663211179064607,False
Chicago,17031620200,-87.730934,41.794716,0.016736401673640166,-0.29878334011090557,-1.9653992178023276,True
Chicago,17197883515,-87.876851,41.5084,0.021515658618216593,0.23251595581333365,2.7833633008037446,True
Chicago,17031520300,-87.539103,41.701856,0.02607929515418502,0.06672368808637333,0.28323235678562625,False
Chicago,18089041500,-87.352918,41.527745,0.6131479140328698,0.15409145008244135,1.589674311237068,False
Chicago,18089042702,-87.467703,41.483942,0.08847136081722,0.1864575655812509,2.0595300128260106,True
Chicago,18127050202,-87.071019,41.60274,0.02457956015523933,0.03432372749355982,0.33091455784572754,False
Chicago,18127050603,-87.0932,41.509676,0.010816125860373648,0.07433830569370159,0.77060899530444,False
Chicago,18089043002,-87.359191,41.418237,0.022388059701492536,0.2078612148711701,2.218303621598266,True
Chicago,18127050604,-87.091549,41.451852,0.016701008567400498,0.09414218079562704,0.9911700999177686,False
Chicago,18089043001,-87.373559,41.428373,0.02144542140253056,0.205251366322295,2.191445252294173,True
Chicago,18089010201,-87.262245,41.603676,0.7641129032258065,0.076842185402768,0.7424124686176915,False
Chicago,18089042606,-87.397073,41.465285,0.19627291854523596,0.18583296120269843,2.012039856891858,True
Chicago,18089042605,-87.448803,41.458164,0.02912822639162434,0.19407991690373483,2.1909133692326255,True
Chicago,18127050103,-86.977194,41.595014,0.008192651439920555,0.044808428751347676,0.43405386371108323,False
Chicago,18089011500,-87.282434,41.591089,0.7693333333333333,0.09668135864220923,0.9457265443385091,False
Chicago,18111100500,-87.389461,41.011517,0.003110419906687403,0.4148889462720795,4.3254485249705885,True
Chicago,18127050503,-87.134075,41.542705,0.04720175263891655,0.05886425050678072,0.596594702003561,False
Chicago,18127050506,-87.173242,41.566308,0.12068409164246531,0.049362636026608654,0.49146285016127295,False
Chicago,18127050507,-87.152006,41.562794,0.21912350597609562,0.0497509035834824,0.4974036007723788,False
Chicago,18127050505,-87.146798,41.529199,0.03637901861252115,0.0658688244594475,0.6738824227729118,False
Chicago,18089042504,-87.356159,41.443013,0.22986801127094764,0.19450539499132677,2.068794428510337,True
Chicago,18127050509,-87.203249,41.542265,0.06630893062476044,0.06865897571653595,0.7006973017701269,False
Chicago,17031801606,-87.863519,42.117093,0.006998213222156045,0.18562946516704798,0.16862165997271553,False
Chicago,18089042100,-87.276349,41.545554,0.12636012636012636,0.10662890635927758,1.097550363719981,False
Chicago,18089041700,-87.27054,41.571433,0.05236698785085882,0.09431381301643227,0.9513829410024096,False
Chicago,18089043202,-87.339513,41.398327,0.039453852291869845,0.20975054318519587,2.232844770300773,True
Chicago,17031560300,-87.748093,41.80386,0.05287426990470335,-0.41757114866082423,-2.538900878686077,True
Chicago,17031160601,-87.703684,41.959448,0.03698224852071006,0.51489012624596,1.257919113687847,False
Chicago,17031819000,-87.881379,41.823598,0.003145973154362416,0.11706124194117475,0.9709017619600395,False
Chicago,17031640400,-87.787037,41.780984,0.01504424778761062,-0.11896360483918754,-1.0075058174930496,False
Chicago,17031801100,-87.715233,42.074879,0.006364196263600903,0.5804578619844564,2.6166127034272457,True
Chicago,17031250600,-87.770734,41.905544,0.7699262431596479,-0.09799811890879576,-0.6131501097472509,False
Chicago,17031700301,-87.730323,41.745558,0.08590767094758764,-0.14879853243267682,-1.5451598107780853,False
Chicago,17031650301,-87.729659,41.774946,0.00857780065191285,-0.21388717006342736,-1.8821852688251832,False
Chicago,17031640600,-87.771562,41.776009,0.030519320698990892,-0.17327303499927238,-1.5082418352701437,False
Chicago,17031823705,-87.825717,41.724066,0.034719245606515216,0.23224396733407418,1.124720075799122,False
Chicago,17031170400,-87.812537,41.948719,0.017628592127505432,0.023193190967430374,0.20358520118816484,False
Chicago,17031640300,-87.770689,41.781277,0.017287630402384502,-0.2099208725652054,-1.8011622265711857,False
Chicago,17031815800,-87.836626,41.826589,0.006748466257668712,0.029991800306876704,0.2512434390295931,False
Chicago,17031611500,-87.677421,41.804922,0.08837468636743798,-0.4849780351461285,-2.2471407732826756,True
Chicago,17031620100,-87.718001,41.797055,0.035690825487190714,-0.2611000528188856,-1.4205920174075979,False
Chicago,17031650200,-87.730258,41.782228,0.006895600606812853,-0.24379225774509114,-1.968613718350457,True
Chicago,17031801702,-87.83061,42.126461,0.003994953742640875,0.9851931222664316,2.452396019194527,True
Chicago,17031807700,-87.753704,42.021416,0.056612981942410934,0.27617731329670187,1.305337874496879,False
Chicago,17031819801,-87.897278,41.812463,0.003355704697986577,0.17159420088804603,1.4563956339009372,False
Chicago,18089011400,-87.309101,41.579675,0.8953393295175798,0.11839194377689286,1.1651975973194826,False
Chicago,17031800400,-87.727706,42.104868,0.0010162601626016261,0.7172588249543824,3.059652240759262,True
Chicago,17031813000,-87.780299,41.876213,0.18475222363405336,-0.23022339573920186,-1.1814596489286358,False
Chicago,17031802402,-87.913352,42.144431,0.017319141259245895,0.40244746707622336,0.4319275960771312,False
Chicago,17097864901,-87.843831,42.175071,0.0061770761839396015,0.4723883343056269,1.5823859832468679,False
Chicago,17097864903,-87.857495,42.160108,0.006928877114326473,0.3860184624262344,1.1046172234468683,False
Chicago,17097864904,-87.838761,42.160841,0.002857142857142857,0.6466854726330324,2.067824251295608,True
Chicago,17031810000,-87.674555,42.03032,0.06400709219858156,0.44696023803428575,2.138922455375661,True
Chicago,17031801701,-87.842714,42.126197,0.0005200208008320333,0.9039996258309805,1.4937537891174817,False
Chicago,17031806502,-87.880535,42.018445,0.017848643503093765,-0.3532529207298571,-0.8117515390676496,False
Chicago,17031190200,-87.751714,41.935073,0.026362349610757254,-0.049156580066149494,-0.36439843607437944,False
Chicago,17031828402,-87.645799,41.565832,0.4791214750542299,-0.008945489010596289,-0.08328549288966672,False
Chicago,17097865700,-87.792015,42.167603,0.011027568922305764,1.042727775521355,4.188259676665184,True
Chicago,17097863201,-87.864743,42.320705,0.3217522658610272,0.36986388090637845,1.3763368113146301,False
Chicago,17031806003,-87.851278,42.047848,0.03954316590937001,-0.8721018081317164,-0.7224961946782965,False
Chicago,17031805202,-87.815341,42.059078,0.014467876410004904,0.5555613290086402,1.3389835354877164,False
Chicago,17097864513,-87.964253,42.228512,0.012855102364704015,0.15364158773832431,0.5289041619406991,False
Chicago,17031271400,-87.713403,41.877615,0.8416938110749186,-0.06609274583330305,-0.4586305023821268,False
Chicago,17031802002,-87.833505,42.073718,0.009551656920077973,0.4217725782487517,0.7035846747901857,False
Chicago,17031802004,-87.855781,42.068802,0.031510815874638054,-0.7515580366319301,-0.6209826938822584,False
Chicago,17097863701,-87.942631,42.293585,0.011194029850746268,0.29118510504721173,1.1087677158872933,False
Chicago,17031810301,-87.698591,42.02393,0.3015834348355664,0.4465492450740348,2.1467872299427437,True
Chicago,17097864106,-88.012269,42.279428,0.007208550832711907,0.21185245642553444,0.7506341529935736,False
Chicago,17031805301,-87.821212,42.044465,0.019230769230769232,0.38671787932495316,0.6026788699487691,False
Chicago,17031807000,-87.752552,42.044628,0.10092055915444936,0.3647188475489093,1.7269448746349432,False
Chicago,17097865801,-87.813871,42.166724,0.00736874424316856,0.8801915309455997,3.3626891151870746,True
Chicago,17031801901,-87.801754,42.093176,0.01375598086124402,0.7422906462377816,2.7181103683292993,True
Chicago,17097865502,-87.793222,42.185627,0.00864677907479464,0.8256231957602478,3.1940911049951657,True
Chicago,17031809600,-87.699049,42.044277,0.3184694184995481,0.500694751318548,2.332959804779375,True
Chicago,17031802503,-87.95492,42.130831,0.02323767935121647,1.5579209533035547,1.2971782065330284,False
Chicago,17031530600,-87.619137,41.672358,0.9516943042537851,-0.18035071968185393,-1.0600893762398438,False
Chicago,17031824106,-87.833154,41.613761,0.02848597065945022,0.18603006991037582,2.176721727362027,True
Chicago,17031802609,-87.898857,42.104668,0.017329093799682036,-0.642925036378462,-0.5009918931998867,False
Chicago,17031801601,-87.8691,42.144293,0.008449514152936205,0.4253301956747822,0.5030759625161682,False
Chicago,17031801605,-87.864728,42.131712,0.005269420363759986,0.5228882665147003,0.503702079903963,False
Chicago,17031808400,-87.797063,42.048602,0.01579402855906534,0.4716689755993089,1.5558631571145018,False
Chicago,17031802200,-87.793991,42.072731,0.009694719471947194,0.5073050870236374,1.9426373110949078,False
Chicago,17031220901,-87.720586,41.919376,0.07302790217016879,-0.03861460285308282,-0.2446827593430269,False
Chicago,55059000601,-87.893146,42.628207,0.056188423645320194,0.23263982411829454,0.9467360606620477,False
Chicago,17097863603,-87.978378,42.299414,0.014496873223422399,0.2255446192463051,0.8413721811994787,False
Chicago,17097863202,-87.86519,42.284779,0.028842643300474625,0.42931056474578494,1.613649377883848,False
Chicago,17031200300,-87.733603,41.923396,0.027791563275434243,-0.06205213520167147,-0.4118987420657333,False
Chicago,17097864801,-87.86371,42.18122,0.029850746268656716,0.30282544139239687,1.0366668985467555,False
Chicago,17031230400,-87.721282,41.911685,0.04519015659955257,-0.04834684325218177,-0.29955189818718364,False
Chicago,17031810702,-87.816408,41.925316,0.04624425140521206,0.03431948816963881,0.31080233025118936,False
Chicago,17031120300,-87.73961,41.991193,0.012283236994219654,0.3403940857929082,1.3183001876875682,False
Chicago,17031808001,-87.735057,42.00961,0.015573976387842251,0.2636775620467896,1.2488122317301928,False
Chicago,17031800900,-87.752783,42.073724,0.015760266370699223,0.4642118718762183,2.088657517917669,True
Chicago,17031020100,-87.687209,42.015484,0.326273203236554,0.4429269175200399,2.143919312810544,True
Chicago,17031230200,-87.709843,41.912058,0.08287895310796074,0.004854112154643788,0.031109241148209395,False
Chicago,17031810200,-87.682488,42.022695,0.3659594985535198,0.44759575333421164,2.155477228273144,True
Chicago,17031020302,-87.695062,42.009212,0.12275449101796407,0.43204848388956996,2.0902630855855886,True
Chicago,17031020301,-87.705469,42.007294,0.029081923588671354,0.4105516843376422,1.9755869890748252,True
Chicago,17031800700,-87.737284,42.083494,0.00323378352672627,0.576085519953586,2.5329016230212216,True
Chicago,17031809700,-87.698163,42.037656,0.26359719978459883,0.48119272243206407,2.2645272960153062,True
Chicago,17031010201,-87.680738,42.015972,0.359706009511457,0.44141387818668265,2.1336630419094083,True
Chicago,17031221600,-87.685015,41.921171,0.019943019943019943,0.15326508493527274,0.8860739404000915,False
Chicago,17031810302,-87.695089,42.029911,0.22023809523809523,0.46057186170189235,2.1939539290755112,True
Chicago,17031801000,-87.733249,42.073002,0.008619074386359378,0.5387822830348885,2.439891146682482,True
Chicago,17031020500,-87.682765,41.999848,0.23094408243673284,0.4307241266688939,2.0353128232392854,True
Chicago,17031800200,-87.76404,42.132069,0.01098051345499536,0.9640912517242389,3.933164639370747,True
Chicago,17089850800,-88.272563,42.053177,0.03917910447761194,0.9998116589702436,1.387955418005768,False
Chicago,17031240700,-87.694167,41.911976,0.12741827885256837,0.03698140336251658,0.22166516504043746,False
Chicago,17031070103,-87.6427,41.926835,0.03577235772357724,0.30160440131061467,1.3211888447512055,False
Chicago,17031140100,-87.706226,41.971016,0.048787528868360276,0.4940438898872999,1.6269461634072244,False
Chicago,17031063302,-87.639752,41.934842,0.035394363119947564,0.43376286804691544,1.6572880630226092,False
Chicago,17031410600,-87.598929,41.798409,0.24167018135807677,-0.2347570531317568,-1.3227431669378975,False
Chicago,17031020602,-87.693658,42.001152,0.10253110253110254,0.42172201138734533,2.0028519109116822,True
Chicago,17031221200,-87.704793,41.921304,0.061611374407582936,0.03167577305955552,0.18427134257451538,False
Chicago,17031220702,-87.721684,41.929805,0.04352586914864495,-0.036530065429613345,-0.2256646765331065,False
Chicago,17031050800,-87.680802,41.944952,0.010668563300142247,0.8303923217866799,2.1002976979456682,True
Chicago,17031030300,-87.672822,41.99431,0.14930114358322744,0.4578760111568649,2.111593917670486,True
Chicago,17031081900,-87.641783,41.897442,0.25433962264150944,0.09239245437126618,0.6275325550637204,False
Chicago,17031190800,-87.752011,41.927798,0.021519543258673692,-0.06428666111673469,-0.46627093328077635,False
Chicago,17031070700,-87.672226,41.929622,0.039740470397404706,0.3569800718735431,1.7133279655796398,False
Chicago,17031808500,-87.77142,42.04625,0.017456947393253125,0.34853711605602544,1.552383380596855,False
Chicago,17031040300,-87.701271,41.976993,0.03346994535519126,0.4610460844446621,1.750087820446477,False
Chicago,17031280800,-87.687875,41.877968,0.8814691151919867,-0.12658645443853328,-0.7967796031006026,False
Chicago,17031010501,-87.664054,42.009869,0.24940561103185924,0.4417606704063495,2.1311941929399087,True
Chicago,17031570200,-87.726566,41.811346,0.007633587786259542,-0.3952699345173336,-1.5546994144561455,False
Chicago,17031640100,-87.739896,41.780971,0.04344512195121951,-0.2663789601217991,-2.2241072805553617,True
Chicago,17031809800,-87.684823,42.037289,0.10791635548917103,0.46886369146536877,2.2130888540600555,True
Chicago,17031230100,-87.704473,41.912094,0.13430851063829788,0.016921366719057338,0.10441252094860423,False
Chicago,17031801300,-87.69821,42.074129,0.011512415349887133,0.5861252158540099,2.6105715945422343,True
Chicago,17031810100,-87.683929,42.030495,0.14866071428571428,0.45598680385045254,2.177826274892646,True
Chicago,17031240600,-87.689697,41.912394,0.0315648085963734,0.055344979766831136,0.32706932900081714,False
Chicago,17031242900,-87.684283,41.893058,0.04128440366972477,-0.04379054395569621,-0.27518817866016454,False
Chicago,17031830600,-87.672187,42.002272,0.16109422492401215,0.43749213307957424,2.0744762899321043,True
Chicago,17031040202,-87.694067,41.979737,0.0765236403388904,0.46771811484526193,1.8841000498829776,False
Chicago,17097862100,-87.841393,42.376254,0.17183726546535388,0.09457194540456249,0.3723160000551801,False
Chicago,17097862502,-87.850872,42.340977,0.1845681718544498,0.24988198853964977,0.945161016630366,False
Chicago,17097863903,-87.964895,42.276654,0.011754068716094032,0.2285043666624834,0.8434382316764872,False
Chicago,17031811701,-87.897645,41.933362,0.013024602026049204,0.032938365223033,0.28222157146430926,False
Chicago,55059001500,-87.851368,42.57059,0.06093286600161769,0.15730534596216328,0.6406175372911872,False
Chicago,17097861803,-87.853135,42.401942,0.1466407302109831,0.05958330703167586,0.2369167556272087,False
Chicago,17097861804,-87.86053,42.384035,0.1466992665036675,0.08128485008050318,0.32172840905013805,False
Chicago,17097862605,-87.867869,42.341888,0.25482060043934585,0.24750709924649572,0.9374229471378027,False
Chicago,17097862604,-87.869069,42.355117,0.0749893481039625,0.17481440179332755,0.672924507404146,False
Chicago,17097861901,-87.872004,42.39935,0.09661062183079797,0.06975644929240649,0.2793460858472063,False
Chicago,17097866100,-87.852933,42.382403,0.1619574715991844,0.08553516516251836,0.3389335648295561,False
Chicago,17097864602,-87.841674,42.226064,0.006276150627615063,0.35969440622974624,1.2650809187860095,False
Chicago,17097860600,-87.83188,42.424369,0.11522902257601461,0.04811027350638347,0.19069385918528456,False
Chicago,17097862402,-87.841574,42.357538,0.12194315928618639,0.15738566355036404,0.6119021665438723,False
Chicago,17097862401,-87.840403,42.366045,0.15004144791378835,0.1251846432145547,0.49097721100270947,False
Chicago,17097861603,-87.951505,42.350778,0.04978709466098919,0.2114605675540936,0.823557965831803,False
Chicago,17097861701,-87.831593,42.403546,0.07372505543237251,0.056126791758534966,0.22225501140289783,False
Chicago,17097861702,-87.839465,42.389136,0.12730240149218933,0.07084255469106654,0.28013915942388,False
Chicago,17097860200,-87.824623,42.454349,0.20990836197021764,0.05323476097801799,0.21145115363450792,False
Chicago,17097861902,-87.871447,42.379562,0.19777289836888332,0.10341808571082123,0.41417400903387364,False
Chicago,17097860500,-87.83511,42.440752,0.3113886536833192,0.048180654996942796,0.19108847615283225,False
Chicago,17097863904,-87.964505,42.261308,0.015907568653717348,0.2024068076448391,0.73089584019354,False
Chicago,17097862902,-87.848059,42.330839,0.392882818116463,0.3150533648248374,1.1847382396977373,False
Chicago,17097864002,-87.997876,42.254257,0.01977587343441002,0.2199770524338095,0.7766381510056227,False
Chicago,17097862603,-87.869821,42.364385,0.14018691588785046,0.1382887900036064,0.542461760842506,False
Chicago,17097862700,-87.840746,42.345926,0.1772062293534686,0.2175852284267452,0.8360458556750596,False
Chicago,17097864510,-87.978001,42.231865,0.03930659141302157,0.1804149272305044,0.6212408862380001,False
Chicago,17097865000,-87.824706,42.234018,0.003134796238244514,0.41555731007696683,1.4376044783549213,False
Chicago,17097862200,-87.832936,42.367241,0.2816830435878055,0.11910592800321657,0.4664968697981421,False
Chicago,17097861404,-88.076418,42.354531,0.051454514881452834,0.38357254731204815,1.394121538914559,False
Chicago,17097861507,-87.8922,42.381052,0.07444733420026008,0.10707461585195827,0.43020587867736443,False
Chicago,17097861506,-87.91254,42.402158,0.22802422655099033,0.09371275037059798,0.3835894499054835,False
Chicago,17097861504,-87.898892,42.345402,0.08793673276676109,0.23605949336313503,0.8951602113376028,False
Chicago,17097861201,-88.083434,42.374756,0.04190193164933135,0.4188212330402992,1.561179946665333,False
Chicago,17097862000,-87.852952,42.367869,0.12026359143327842,0.1185234771012412,0.4638624163988099,False
Chicago,17097863100,-87.849375,42.322844,0.4486929379633242,0.36664222231544574,1.360299229006948,False
Chicago,17097862501,-87.851437,42.354661,0.06570268899036022,0.17229541881917684,0.6661665173543749,False
Chicago,17097861505,-87.938877,42.392338,0.06576347727914197,0.12276687346731308,0.5052125218930177,False
Chicago,17031827700,-87.667997,41.582379,0.7646818923327896,0.018640826208901354,0.20075985104600502,False
Chicago,17197881007,-87.941452,41.584933,0.015916481259626903,0.2754921888844544,1.595547970110815,False
Chicago,17031824120,-87.878609,41.576316,0.03401889938854919,0.2014082059156302,2.2974064531573206,True
Chicago,17197881012,-87.933119,41.607325,0.01015916017609211,0.3152855807217941,1.6014415163421432,False
Chicago,17031830300,-87.679472,41.483971,0.7502328180294282,0.14074271630326485,1.5819146372661148,False
Chicago,17031829302,-87.663739,41.503775,0.6240022020368842,0.07819450486441264,0.8377345715118859,False
Chicago,17031826600,-87.622135,41.636645,0.9166485310119695,-0.18353987017076606,-1.258294567872847,False
Chicago,17197883809,-87.647968,41.41914,0.19807162534435263,0.19857545863864476,2.2998560532233276,True
Chicago,17197883511,-87.80087,41.524692,0.029666254635352288,0.22477997365810357,2.8217717141457443,True
Chicago,17197883603,-87.691204,41.463415,0.6318061088977424,0.18633087971077977,2.144565908496481,True
Chicago,17197883605,-87.683254,41.441962,0.9076444136976825,0.20623405100551717,2.3839553195813163,True
Chicago,17197883606,-87.688157,41.432004,0.6955050749154181,0.22593471484572913,2.628633131946861,True
Chicago,17031470100,-87.597,41.727944,0.9442026117926395,0.3059634830863929,0.9269330768123045,False
Chicago,17031830005,-87.691577,41.517171,0.7699044585987261,0.12337938774204099,1.39563393618985,False
Chicago,17031830007,-87.724319,41.482071,0.8195342820181113,0.20555242770375126,2.44456987865465,True
Chicago,17197883810,-87.598564,41.464575,0.5017127799736495,0.06055210590168655,0.6475563797032242,False
Chicago,17197883811,-87.621731,41.437525,0.17355371900826447,0.1356453043971739,1.5413601876655156,False
Chicago,17031827500,-87.641204,41.598166,0.4183650615901456,-0.06383382344456823,-0.5269362449020416,False
Chicago,17031830008,-87.740534,41.479173,0.8777061262091203,0.22209099996523407,2.660015310318598,True
Chicago,17031829500,-87.641579,41.484211,0.16745813546613347,0.0693823282124451,0.7356454141753913,False
Chicago,17197884004,-88.216727,41.25976,0.003246753246753247,0.6617024956607294,2.963249445120833,True
Chicago,17197883513,-87.833947,41.531742,0.0280092182237192,0.23059121584999237,2.8901768635328233,True
Chicago,17031830400,-87.691762,41.475007,0.6130530432657052,0.1723277265576637,1.9650084951799762,True
Chicago,17031820603,-87.842402,41.754166,0.04448462929475588,0.1294476313071411,0.8194970986008889,False
Chicago,17197883507,-87.829987,41.424461,0.03223310985043837,0.2863952654453613,3.6108096341346996,True
Chicago,17031829600,-87.634251,41.47345,0.17034596375617791,0.07502125544431715,0.7996667269871814,False
Chicago,17031750600,-87.652222,41.688306,0.9400584795321637,-0.1846189846282005,-1.4368591741944794,False
Chicago,17031829200,-87.64877,41.506746,0.29150892374256354,0.040480575958495524,0.4113286116923665,False
Chicago,17031823904,-87.805405,41.658642,0.004946821667078902,0.14917929113466605,1.4942825441248035,False
Chicago,17031826500,-87.614708,41.63015,0.8934805842536516,-0.15543282179533127,-1.011423329659808,False
Chicago,17105960100,-88.427491,41.09222,0.00847457627118644,0.7997087191261806,3.5997976126101294,True
Chicago,17031824113,-87.903085,41.626912,0.01597595697564062,0.3048263407020793,1.5957611195106407,False
Chicago,17031824116,-87.865389,41.619183,0.055491990846681924,0.20298589916147172,1.9907350672871165,True
Chicago,17031430400,-87.590019,41.762161,0.9326954800395909,0.0464736748009326,0.16024060899537798,False
Chicago,17031824108,-87.840711,41.590083,0.08383695512408383,0.20152652088346526,2.4653160112437984,True
Chicago,17031830202,-87.694629,41.491236,0.6946994373704471,0.15919642297950362,1.8180835374946902,False
Chicago,17031825303,-87.785907,41.581168,0.06605019815059446,0.1813244246412204,2.3133149726916367,True
Chicago,17031825504,-87.703748,41.564412,0.8682818156502367,0.10943598518437485,1.323068097347066,False
Chicago,17197883902,-87.609711,41.348281,0.031100846805234797,0.26299920156221923,3.209402365969603,True
Chicago,17197883804,-87.647694,41.456109,0.21650926897516615,0.13071164372900176,1.4438905816782175,False
Chicago,17031825801,-87.571216,41.629558,0.8954889324740823,-0.06290161297052499,-0.4005531495648178,False
Chicago,17031829800,-87.684345,41.543975,0.5363517631693513,0.08979365444656376,1.0357389441125944,False
Chicago,17031590700,-87.66806,41.826816,0.02081268582755203,-0.7614483329983249,-3.9794086472597927,True
Chicago,17031829402,-87.66909,41.488345,0.6531735751295337,0.11480289134646623,1.2671106603327849,False
Chicago,17031828503,-87.56805,41.49583,0.6786210087922259,0.05640553884377665,0.5984176014404449,False
Chicago,17031825501,-87.706877,41.578264,0.8191120360735346,0.09968851040355424,1.2207725904848739,False
Chicago,17031829301,-87.66275,41.517594,0.4596794708725515,0.059113985371469835,0.6316873052768465,False
Chicago,17031828802,-87.643822,41.531604,0.34909456740442657,0.014811038811115076,0.14588587295903582,False
Chicago,17031681400,-87.649312,41.761914,0.8694421988682296,-0.3417674403867139,-1.5370378399142164,False
Chicago,17031828506,-87.544332,41.526382,0.721056901147294,0.0689615845147949,0.6861304894191776,False
Chicago,17031711200,-87.668937,41.740781,0.9502880307232772,-0.14963778666176578,-1.1021847161743106,False
Chicago,17031823500,-87.683284,41.665919,0.19321088119042082,-0.1300959913959166,-1.2832796776244442,False
Chicago,17031827400,-87.664054,41.606211,0.8071207430340557,-0.03993701525853939,-0.4091717609373495,False
Chicago,18089011100,-87.385279,41.579803,0.9226133076181292,0.1266612725322447,1.2335425196077388,False
Chicago,17031824900,-87.7019,41.608419,0.561652281134402,0.03650606835219591,0.44376107263284204,False
Chicago,17197883806,-87.544973,41.442814,0.3404449862846693,0.1426772874676125,1.6795643508520672,False
Chicago,17197883803,-87.658946,41.4666,0.7504,0.13166938708008508,1.468134428348285,False
Chicago,17031821402,-87.651073,41.663682,0.9253125,-0.19854452141358786,-1.6532895106887748,False
Chicago,17031821401,-87.657819,41.666648,0.8857142857142857,-0.18388442646515346,-1.57082104816676,False
Chicago,17031830003,-87.763374,41.514938,0.900261780104712,0.2112321153280296,2.5908331375358356,True
Chicago,18089042902,-87.480794,41.412694,0.03790849673202614,0.20864110871861627,2.491020842328286,True
Chicago,18089011200,-87.365493,41.582156,0.9257731958762887,0.12428763608462659,1.2217358778440779,False
Chicago,17031480200,-87.589368,41.734794,0.9519492293744334,0.4917944069216983,1.4307087514615848,False
Chicago,18089012400,-87.346386,41.550675,0.8223502881483338,0.141105742539735,1.4105085979153178,False
Chicago,17031827600,-87.659627,41.59177,0.8950863213811421,-0.014522013044394967,-0.1467246478324245,False
Chicago,17031440202,-87.60985,41.742098,0.9563120567375887,-0.015873025136851685,-0.051421005386608445,False
Chicago,17031825802,-87.561124,41.626723,0.8367451381780963,-0.053949186793223705,-0.3586345671022767,False
Chicago,17031827300,-87.650144,41.608886,0.6517347386912604,-0.0785888540673456,-0.7051357794329575,False
Chicago,17031826303,-87.59176,41.612929,0.9068338249754179,-0.08699961868258822,-0.5562688198011623,False
Chicago,18089043101,-87.417426,41.391146,0.0017385257301808068,0.2259099504597752,2.482970034619788,True
Chicago,17197883700,-87.63422,41.465862,0.20245775729646698,0.0889081153886255,0.9563257119239967,False
Chicago,17031460400,-87.563414,41.745078,0.9278803869832893,0.33772220394152774,1.3073230875192063,False
Chicago,17031828504,-87.560625,41.483651,0.6273291925465838,0.07890190356722698,0.8527740925879388,False
Chicago,17043845802,-87.997564,41.744961,0.01734887503388452,0.9860360433139066,2.5202469826421248,True
Chicago,17043845507,-87.965548,41.760127,0.011393514460999123,0.493944722442133,2.7797684486535035,True
Chicago,17031062600,-87.671285,41.936396,0.008074283407347598,0.5645210948157652,2.049175700363514,True
Chicago,17043845505,-87.982395,41.760128,0.06665027053615347,0.6450871313901397,2.6109443298211557,True
Chicago,17043845703,-88.02472,41.757487,0.12309035355739852,1.0187032091625732,2.515045518808361,True
Chicago,17043845601,-87.997221,41.778736,0.08543867707854846,0.6057183214599221,2.3929856545889825,True
Chicago,17043845502,-87.952471,41.78099,0.06428967300942176,0.34524940699753454,2.7084181273413925,True
Chicago,17043845509,-87.968651,41.781267,0.023695260947810437,0.4054924482265689,2.7804127746759644,True
Chicago,17031815702,-87.816532,41.828196,0.015654470011316483,-0.05250741687810792,-0.4120859788287904,False
Chicago,17031819700,-87.88062,41.809425,0.0031519575315195753,0.12744459396352265,1.0900143423898891,False
Chicago,17043844100,-87.948109,41.873684,0.009565857247976454,0.15877003378076174,1.2518037054043227,False
Chicago,17031820000,-87.914695,41.803616,0.019282511210762333,0.22603911930245973,1.9073603894680338,False
Chicago,17043845100,-87.956443,41.798413,0.008586323213738117,0.3151557842928042,2.519079736236866,True
Chicago,17031842800,-87.695276,41.809797,0.005368600235694645,-0.45631215308311607,-2.0416740845333177,True
Chicago,17031440700,-87.609723,41.734698,0.9532398129592519,0.005253961533173903,0.016783335362991484,False
Chicago,17043842702,-88.091138,41.836052,0.058495199821388705,0.3307006771999907,0.7967560330139617,False
Chicago,17111871404,-88.269723,42.162618,0.026657552973342446,1.3679112192040788,1.7227242322940242,False
Chicago,17031650100,-87.717707,41.782426,0.02497376705141658,-0.2007699661456066,-1.532842366008293,False
Chicago,17031843300,-87.694035,41.863121,0.655852417302799,-0.1966809093778889,-1.2552223187664422,False
Chicago,18089042802,-87.509324,41.485184,0.01910090681072738,0.1619189117421813,1.7887974975028698,False
Chicago,18089040402,-87.492861,41.529545,0.0745604273314044,0.15946989255555566,1.5965118521515118,False
Chicago,18089042401,-87.358383,41.512776,0.597884433217556,0.1626611071006482,1.6847676341774074,False
Chicago,18089041302,-87.382359,41.543446,0.10978520286396182,0.14505347981996985,1.4658870320354407,False
Chicago,18127051008,-87.131847,41.391486,0.0018306636155606408,0.12280272824249104,1.3236373484081803,False
Chicago,18127051005,-87.160275,41.455744,0.02075725542955987,0.10087038007669173,1.0643071457561073,False
Chicago,18091042800,-86.827597,41.473584,0.001963350785340314,0.09371772040585802,0.963199724818523,False
Chicago,18089043405,-87.385213,41.296386,0.0042209579739401724,0.2983579942191341,3.201815600581912,True
Chicago,18089043403,-87.410759,41.292754,0.0061847168774051674,0.30616843503297764,3.4413666102295166,True
Chicago,18127051102,-87.029214,41.310809,0.002009825815096025,0.13915707121465365,1.5377333466580438,False
Chicago,18127051101,-87.185583,41.320821,0.013597640891218872,0.1607025619059922,1.7107652478387065,False
Chicago,18111100400,-87.370281,41.14471,0.0033478406427854034,0.3521230707942026,3.7951046101891133,True
Chicago,18127050602,-87.046409,41.509922,0.017485428809325562,0.07421060676548216,0.7662919858936846,False
Chicago,18073100902,-87.205503,41.19757,0.006366597571809299,0.22019332863552746,2.397611442086711,True
Chicago,18089011000,-87.386325,41.5909,0.8830260648442466,0.12161832755872365,1.167726275355582,False
Chicago,18089040802,-87.450719,41.541952,0.031159989526053943,0.16552289175875837,1.6691578180715794,False
Chicago,18089043201,-87.418135,41.364457,0.0005578800557880056,0.24542240291628528,2.726255989457448,True
Chicago,17031530300,-87.653191,41.681723,0.9472754793138244,-0.18544807548522926,-1.4702754064269135,False
Chicago,18089041001,-87.419642,41.550847,0.41605839416058393,0.15093184473913746,1.50201861288193,False
Chicago,18089041400,-87.385003,41.530781,0.09114778694673668,0.1522997583868364,1.5544122025199498,False
Chicago,17031710800,-87.648898,41.748074,0.9502497918401333,-0.2550414676267003,-1.4790358057949835,False
Chicago,18089011300,-87.344124,41.590886,0.8945233265720081,0.12013641677065062,1.1580006136752077,False
Chicago,17031460700,-87.550019,41.735696,0.5899972519923056,0.20332623987001963,0.866249340401983,False
Chicago,18111100700,-87.446939,40.779511,0.0037261294829995344,0.5481472194795307,5.20429534797663,True
Chicago,18127051006,-87.155775,41.503785,0.013333333333333334,0.07831767602149817,0.8115502997638676,False
Chicago,18089010500,-87.330945,41.598488,0.8808900523560209,0.11627414997107274,1.1136505883080527,False
Chicago,18089012700,-87.327575,41.528554,0.8140096618357487,0.14782736628531382,1.5290647518597467,False
Chicago,18089042901,-87.447714,41.37651,0.006046680372475511,0.23487483596436945,2.7208927723767893,True
Chicago,17031510200,-87.561304,41.715374,0.7392197125256673,0.23348496012921205,0.9765395939816491,False
Chicago,18089012000,-87.344767,41.571037,0.9174964438122333,0.12975080110963227,1.2752704061314393,False
Chicago,18089011900,-87.347692,41.576896,0.8652931854199684,0.1267334932505652,1.2409885249640211,False
Chicago,17091010400,-87.945145,41.1336,0.005986828976252245,0.3357864703269796,4.123590730646472,True
Chicago,18089040900,-87.432395,41.527011,0.022859845498975247,0.16657981637774333,1.7066595443483745,False
Chicago,18089011800,-87.349015,41.5845,0.9002184996358339,0.12313681504730122,1.198441690951616,False
Chicago,18091042900,-86.854983,41.380533,0.004724409448818898,0.11636906117904013,1.227793761691129,False
Chicago,17031827000,-87.644026,41.625848,0.8066037735849056,-0.1433146164303206,-1.2197741957335608,False
Chicago,18089040801,-87.446224,41.550657,0.03255447624048307,0.16114487592655813,1.5980894050194283,False
Chicago,17031670500,-87.675917,41.788982,0.6149825783972126,-0.3006642105344536,-1.3591674874262212,False
Chicago,17031460600,-87.559311,41.736005,0.5899972519923056,0.31302841751238325,1.2921890249255614,False
Chicago,17031700401,-87.712084,41.74555,0.49811061490896597,-0.12403023836386538,-1.2410922353093718,False
Chicago,17031730201,-87.658122,41.726949,0.9491736271547894,-0.1772030859053592,-1.2639358630918975,False
Chicago,17031822000,-87.731578,41.731263,0.019801980198019802,-0.11946931744396656,-1.249099623084954,False
Chicago,17031460100,-87.549753,41.748624,0.7366197183098592,0.17918800929734288,0.7785393262734934,False
Chicago,17031440201,-87.610061,41.748274,0.9558765334388603,-0.06901449457942162,-0.23461177994823568,False
Chicago,17031680900,-87.637203,41.775925,0.9305905401623286,-0.3057584139482685,-1.448160086728375,False
Chicago,17031380700,-87.62326,41.813846,0.9183558558558559,-0.4432371962648204,-2.5540905226962614,True
Chicago,17031670900,-87.657185,41.783427,0.7832764505119454,-0.29274785006120657,-1.3314819698131155,False
Chicago,17031280900,-87.685064,41.877366,0.7669452181987001,-0.13947602118068667,-0.8769251628883855,False
Chicago,17063000500,-88.426029,41.32765,0.0010718113612004287,0.8432896004315578,3.9644566094672817,True
Chicago,18091041500,-86.855798,41.63578,0.018137354799266356,0.044478819696843,0.4198005828712789,False
Chicago,17063000300,-88.416227,41.364505,0.00955223880597015,0.8466025008587246,4.0163926591426256,True
Chicago,17111871402,-88.220686,42.189647,0.006886374815543532,1.520731909282302,1.8104294529636737,False
Chicago,17063000400,-88.436734,41.363878,0.017444933920704845,0.8738139666187027,4.098398884806426,True
Chicago,17099962300,-88.70633,41.466303,0.14287773933102652,1.6188811952724613,3.883593870565232,True
Chicago,17031815900,-87.809946,41.882677,0.3509323276765137,-0.03604443527594285,-0.28007162734009483,False
Chicago,17031271800,-87.698461,41.871555,0.8831967213114754,-0.13277854376515755,-0.875816632495185,False
Chicago,17031817400,-87.839708,41.893203,0.2185104052573932,0.02445167625493691,0.22199935916338226,False
Chicago,17031811301,-87.884552,41.918766,0.03602665556018326,0.02763207130876412,0.24021238617228044,False
Chicago,17031180100,-87.798907,41.934228,0.040114182692307696,0.017750673759356767,0.15036323180533379,False
Chicago,17031170700,-87.82193,41.941255,0.008800521512385919,0.043643604669035385,0.406323375917538,False
Chicago,17031813701,-87.751429,41.855295,0.07231085949562532,-0.3885676828999217,-2.0273294953163767,True
Chicago,17031812100,-87.779302,41.902503,0.27251732101616627,-0.08003065533356787,-0.5102679670100014,False
Chicago,17031812000,-87.817448,41.887584,0.0645958348040946,-0.013075283257278858,-0.10907670976791574,False
Chicago,17031817000,-87.873346,41.887098,0.6502722323049002,0.022385392698025336,0.19813718324125643,False
Chicago,17031811402,-87.873639,41.926489,0.01727909011373578,0.04972687459461887,0.4445521117402101,False
Chicago,17031243000,-87.679467,41.89323,0.03401969561324977,-0.03630707398461283,-0.22727641626321915,False
Chicago,17031817600,-87.838425,41.869609,0.6935947712418301,0.0167796274363759,0.14002695838617824,False
Chicago,17043844701,-87.981631,41.809158,0.023446658851113716,0.32199388759170045,2.222877480004505,True
Chicago,17031252101,-87.770173,41.878879,0.9141145139813582,-0.3111014827728013,-1.3675318826333378,False
Chicago,17031819600,-87.869157,41.805034,0.00881704628949302,0.10048005894714779,0.8787788638236568,False
Chicago,17031817200,-87.854239,41.883039,0.6867869736569177,0.0295882622972463,0.26320676738607995,False
Chicago,17031816500,-87.880679,41.900494,0.0333176912247771,0.014713174487616887,0.13002126720111942,False
Chicago,17031250700,-87.760661,41.905855,0.7732636547538773,-0.18265942165624482,-0.9908456311288497,False
Chicago,17031810800,-87.821092,41.932425,0.01405152224824356,0.04299322499089349,0.3979355673472461,False
Chicago,17031191302,-87.770661,41.921197,0.041700404858299595,-0.023508715963976093,-0.17636037478418143,False
Chicago,17031816600,-87.881266,41.903244,0.029632905793896505,0.015626797934732914,0.1382817244851599,False
Chicago,17031010502,-87.663021,42.004788,0.17388651616839537,0.44495815800460065,2.116213392440711,True
Chicago,17031250300,-87.761106,41.912274,0.5689582454660481,-0.10843669850214503,-0.6979527181248272,False
Chicago,17031301600,-87.712106,41.840571,0.004604604604604604,-0.32704574698850436,-1.609463357681599,False
Chicago,17031813600,-87.766336,41.854025,0.01929083226162043,-0.4669478178624822,-2.3502449254184743,True
Chicago,17031810900,-87.809839,41.917796,0.043081761006289306,0.021508734482086234,0.18607476434288084,False
Chicago,17031611700,-87.671863,41.797638,0.26146788990825687,-0.3928076852746988,-1.7909374534489477,False
Chicago,17031250800,-87.752286,41.905766,0.6665296052631579,-0.2253950174508152,-1.0552808857408202,False
Chicago,17031814300,-87.757733,41.834929,0.019402985074626865,-0.47988291416657824,-2.5442682726510455,True
Chicago,17031813702,-87.746874,41.855389,0.03881876637294594,-0.34077386549433886,-1.7967644842625439,False
Chicago,17031611100,-87.657744,41.805659,0.22696115765422697,-0.6111053974990159,-3.0174906542481645,True
Chicago,17031200100,-87.737905,41.935016,0.02476930548810102,-0.0668852419512905,-0.45955185704232115,False
Chicago,17031824121,-87.826954,41.59208,0.027724665391969407,0.19780611601467565,2.456657633511156,True
Chicago,17097864001,-87.988965,42.266047,0.02280701754385965,0.20749111543368656,0.7455884041189019,False
Chicago,17031823604,-87.787303,41.659309,0.020233684810487318,0.09818191310302263,1.0845850779793273,False
Chicago,17031808600,-87.794397,42.061396,0.00973630831643002,0.4565751033123989,1.6980956495448494,False
Chicago,17031825000,-87.744982,41.603706,0.09714645404951741,0.11794533114140038,1.4744914364522062,False
Chicago,17031711500,-87.639037,41.732381,0.9418212478920742,-0.2884409245519767,-1.6147677671793554,False
Chicago,17031310900,-87.674764,41.855161,0.032629157080108766,-0.37556481707817074,-2.3511018487661013,True
Chicago,17031241100,-87.689675,41.906726,0.09401231113598209,0.034063528155222025,0.20819599582158146,False
Chicago,17031222700,-87.710366,41.915543,0.10182516810758886,0.0006607527580864206,0.004096612413962232,False
Chicago,17031220701,-87.721604,41.926306,0.03493150684931507,-0.03069758176580202,-0.19485423780342545,False
Chicago,17031520400,-87.531154,41.703041,0.02466091245376079,0.03587329727961437,0.15363570003814764,False
Chicago,17031310500,-87.654782,41.856335,0.03859899928520372,-0.4448997839900104,-3.1953062380107413,True
Chicago,17031210501,-87.722408,41.937416,0.034036568213783404,-0.07658556572633499,-0.45714745374650473,False
Chicago,17031031800,-87.670599,41.966811,0.0356020942408377,0.7416027832722205,2.519160217668117,True
Chicago,17031611400,-87.67218,41.805411,0.03451966818303452,-0.537754368314585,-2.4923559687559558,True
Chicago,17031580501,-87.69984,41.820042,0.019729206963249517,-0.5938178278270951,-2.550907343275691,True
Chicago,17031610800,-87.639183,41.813042,0.02513227513227513,-0.5353220024081616,-3.039008229487316,True
Chicago,17031710400,-87.670181,41.753512,0.9162979351032449,-0.1121244186144715,-0.7730059823469033,False
Chicago,17031611300,-87.66759,41.804932,0.06815703380588876,-0.5661340593590003,-2.6403131857378526,True
Chicago,17031611200,-87.662316,41.80548,0.14328358208955225,-0.5981761321576309,-2.901733635948065,True
Chicago,17031590600,-87.672833,41.826865,0.013805004314063849,-0.7619987199574597,-3.9553089195030378,True
Chicago,17031834000,-87.630046,41.726131,0.944860072042117,-0.30002731160060925,-1.5689215571400792,False
Chicago,17031530400,-87.65271,41.672265,0.9135502671199611,-0.19034517866679662,-1.5504912540732612,False
Chicago,17031828601,-87.661778,41.551589,0.25750357313006195,0.036719355541150356,0.38773468138704015,False
Chicago,17031829100,-87.633119,41.494961,0.21953302961275625,0.038749488356043804,0.400300839534791,False
Chicago,17063000800,-88.282446,41.278111,0.005306495882891125,0.70084568474923,3.1713199898795477,True
Chicago,17031190401,-87.781031,41.934274,0.024971098265895955,0.008099053051533758,0.06625859511491893,False
Chicago,17031170300,-87.800089,41.949336,0.013995398773006136,0.009675420692335027,0.08204412082806262,False
Chicago,17031250200,-87.751032,41.91167,0.4400863620007197,-0.13822751155501742,-0.8232309362691749,False
Chicago,17031190702,-87.761086,41.926171,0.034531502423263326,-0.0443817586513177,-0.3386233252219588,False
Chicago,17031200401,-87.736428,41.919855,0.03900614480363345,-0.06972056574933516,-0.4640764575082533,False
Chicago,17031190300,-87.761148,41.935046,0.021436040432206344,-0.025359187118023416,-0.19779124815450674,False
Chicago,17197883521,-87.877095,41.533169,0.016343825665859565,0.2200485208738036,2.629121867854462,True
Chicago,17197881010,-87.985429,41.580279,0.010848126232741617,0.4141260536592503,1.8235665512965527,False
Chicago,17197883516,-87.884231,41.489173,0.046448424953675106,0.23711580717419073,2.8551422938491426,True
Chicago,17197883509,-87.986408,41.421727,0.013713780137137801,0.2510597700585533,2.308909895394775,True
Chicago,17197881112,-87.975473,41.488922,0.005912918831750582,0.2311020339516903,1.682887008665899,False
Chicago,17197881116,-87.91956,41.505484,0.004988185875557889,0.21735211649281203,2.4274885445818786,True
Chicago,17197881115,-87.944739,41.505812,0.01229413129204361,0.2169362420324663,2.0687167143169956,True
Chicago,17197883304,-88.033389,41.330053,0.0011621150493898896,0.34550258013276314,2.8713819915200984,True
Chicago,17031823903,-87.819481,41.65968,0.01438694438479708,0.18149780926264295,1.5956069692258619,False
Chicago,17031824119,-87.900171,41.570527,0.028592375366568914,0.19720209952459777,2.0747417720620427,True
Chicago,17037001700,-88.651602,41.776972,0.006493506493506494,1.9392333976873086,3.9358906362636743,True
Chicago,17197881109,-87.990394,41.479484,0.01455206912232833,0.24553158669943467,1.5596216277611092,False
Chicago,17031822200,-87.758095,41.727967,0.027996945787732246,-0.07666651156881438,-0.8009123773302479,False
Chicago,17197881002,-87.959692,41.624093,0.003362341772151899,0.5188062247324683,2.27371252211292,True
Chicago,17031805001,-87.950192,42.057092,0.005616850551654965,1.2681701045320841,1.1296041907484982,False
Chicago,17031824122,-87.817798,41.58272,0.026252214527299082,0.1999131068226253,2.522386919169388,True
Chicago,17197883510,-87.973754,41.440822,0.014312030607907042,0.23407040289575043,2.184687747471575,True
Chicago,17197882500,-88.080486,41.516074,0.5186602870813397,0.37394548135136707,1.6385160558060217,False
Chicago,17197882400,-88.066673,41.51985,0.2862765678299659,0.3745844769226126,1.641371407809969,False
Chicago,17031824602,-87.737776,41.617995,0.0789431545236189,0.0804659346021232,0.9992110252233513,False
Chicago,17111871105,-88.36193,42.223403,0.006696001530514636,1.6897581943613316,1.8507179860191516,False
Chicago,17197881006,-87.918387,41.636372,0.008491710473109584,0.4240425342513004,1.5615978364550647,False
Chicago,17197881005,-87.942576,41.632678,0.005851212036779047,0.5023342938978083,2.019323117004265,True
Chicago,17031829000,-87.625592,41.506416,0.8480725623582767,0.0168022117224879,0.1678037602192188,False
Chicago,17031640700,-87.752376,41.776266,0.020618556701030927,-0.2465492946085135,-2.2029845078552333,True
Chicago,17043842100,-88.053829,41.868191,0.02732982515701918,-0.4098878370280988,-0.7104727269700054,False
Chicago,17031031900,-87.669679,41.963354,0.0662172878667724,0.7963321218276073,2.4704497463456754,True
Chicago,17043845510,-87.980105,41.78122,0.08222490931076179,0.4601843062032138,2.6462509146482085,True
Chicago,17043842500,-88.109733,41.865488,0.01760760201229737,-0.3375464671531813,-0.5281609051238538,False
Chicago,17031818700,-87.846393,41.831221,0.02113248442156597,0.046700496569429775,0.38683066265053195,False
Chicago,17031818600,-87.864759,41.839046,0.06008246612998233,0.06343687450611431,0.5188350021420632,False
Chicago,17111870808,-88.303938,42.250375,0.016023900054318304,1.793409035567096,1.912102748550718,False
Chicago,17091010500,-87.900083,41.157748,0.07130098243524859,0.3363071943904497,4.263026905041672,True
Chicago,17091010900,-87.613567,41.18489,0.019562179785747556,0.3421231647195738,4.301153699502667,True
Chicago,17031830001,-87.773865,41.495545,0.0756578947368421,0.2338827194224984,2.8710123799809155,True
Chicago,17031060500,-87.662166,41.952597,0.04294032023289665,0.821760356932571,2.302470248180504,True
Chicago,17031808900,-87.716417,42.066237,0.03012774162448783,0.5582204543245001,2.547412639327783,True
Chicago,17197880503,-88.133503,41.630292,0.09540229885057472,0.6284062791056838,2.7968668697028836,True
Chicago,17111870904,-88.458835,42.31424,0.012261014131338321,2.2881768247787266,2.31270271945709,True
Chicago,17099961702,-88.734205,41.576272,0.003205128205128205,1.8081512985459485,3.97954233711067,True
Chicago,17043841902,-88.093909,41.870696,0.03228962818003914,-0.5018976577432425,-0.7536749281406669,False
Chicago,17043841327,-88.195478,41.959005,0.00961978928080623,0.41463803818552014,0.653478321531844,False
Chicago,17089852500,-88.289308,41.888309,0.007846153846153846,1.5696972362072636,2.948684367774934,True
Chicago,17031827801,-87.607902,41.600166,0.7138858988159311,-0.0786499068277471,-0.5071257189126762,False
Chicago,17031803200,-87.996839,42.097686,0.005907626208378088,2.823012274713744,2.616144053876663,True
Chicago,17031381900,-87.613927,41.803787,0.9005424954792043,-0.335742413929935,-1.9140828031607913,False
Chicago,17031834800,-87.645177,41.783909,0.8864803194523674,-0.3403998232290302,-1.7042980840951012,False
Chicago,17031836000,-87.612642,41.813955,0.8960650128314799,-0.3766388135467963,-2.1837674265983402,True
Chicago,17031826402,-87.589478,41.629005,0.9063028764805414,-0.0958000095240358,-0.6018374675800474,False
Chicago,17111871207,-88.341734,42.184582,0.02996647108130763,1.4795688601098897,1.7256974639213503,False
Chicago,17097864515,-87.991975,42.171889,0.012913907284768211,2.044012574504767,2.0333749718900473,True
Chicago,17031803013,-87.970516,42.143048,0.00947176684881603,2.024836111874091,1.7024917619256226,False
Chicago,17097864206,-88.134848,42.255255,0.005750431282346176,2.5400716720198013,2.541239567505568,True
Chicago,17097863801,-87.943481,42.271077,0.01331245105716523,0.24193956459865823,0.8912670295335421,False
Chicago,17097864402,-88.037086,42.218734,0.014201762977473066,1.326367657947158,2.287231665255293,True
Chicago,17097864408,-88.099431,42.203984,0.00994865211810013,2.851425937204404,2.8302186103994833,True
Chicago,55127001702,-88.408484,42.516565,0.004511278195488722,2.6161895021446364,2.386075932823501,True
Chicago,17097864308,-88.134564,42.165429,0.01060070671378092,1.802182013155217,2.1591185529072328,True
Chicago,17031831200,-87.730731,41.915361,0.04759933774834437,-0.06062778893197132,-0.39092743570041466,False
Chicago,17097861607,-87.995638,42.344751,0.04421098708688991,0.2116930069977808,0.8418605418442597,False
Chicago,17097864205,-88.135475,42.283979,0.017611835153222965,2.248616659370888,2.478301460849958,True
Chicago,17097860904,-88.187347,42.36061,0.019405594405594407,1.9852419697319965,2.50404088545067,True
Chicago,17097864411,-88.106097,42.172867,0.003916718202432488,2.4474834419546103,2.659462858734694,True
Chicago,17031803015,-87.950259,42.11701,0.012524292809328439,1.3746755830562138,1.1472892368388217,False
Chicago,17031832400,-87.692743,41.915559,0.03748958622604832,0.05716264944418608,0.3311683348268245,False
Chicago,17031671500,-87.669778,41.76814,0.7231222385861561,-0.11382130462054597,-0.6883199333395922,False
Chicago,17031837100,-87.699527,41.885256,0.6955205811138014,-0.06199795489937911,-0.4022445789628509,False
Chicago,17031251900,-87.76084,41.883665,0.8986448858362726,-0.38082186604007634,-1.4327038348711316,False
Chicago,17031240800,-87.699302,41.912043,0.06283343212803794,0.022368581043252303,0.1358784220298503,False
Chicago,17037001900,-88.676049,41.648361,0.0008463817181548879,1.8612793530926872,4.106430556330811,True
Chicago,17031200402,-87.730018,41.919746,0.03101145038167939,-0.050351467798787894,-0.3348523042440279,False
Chicago,17031230500,-87.73038,41.911715,0.09008482012284294,-0.06903173063810464,-0.4237339763627963,False
Chicago,17097864522,-87.901995,42.19092,0.006039863096436481,0.11303951732284893,0.39469233462058617,False
Chicago,17031242800,-87.690535,41.89389,0.021897810218978103,-0.03965642660281005,-0.25192465476051557,False
Chicago,17031806202,-87.888184,42.037201,0.030012004801920768,-1.404149149112151,-1.0308435928880726,False
Chicago,17031804714,-88.094855,42.061776,0.030277306168647426,0.5291641303852248,0.7594831809458538,False
Chicago,17031802607,-87.931895,42.098022,0.0032552083333333335,0.5031706460871727,0.4210035071341264,False
Chicago,17097864303,-88.179374,42.219067,0.01309757694826457,2.0267911211239853,2.10959011107825,True
Chicago,17097864305,-88.142188,42.222171,0.006947890818858561,2.4704061534712136,2.393041052600045,True
Chicago,17097860101,-87.868902,42.465325,0.26284266298088,0.0888917439153997,0.3633160665624864,False
Chicago,17097864700,-87.835459,42.186169,0.005147563486616335,0.4950979563342741,1.678887168602644,False
Chicago,17097864412,-88.078761,42.168368,0.003667481662591687,2.90153454566929,2.9481219569557524,True
Chicago,55101002600,-88.256662,42.650084,0.0037865748709122204,0.8595220883027017,2.3408603749451333,True
Chicago,17097863604,-87.968936,42.288058,0.012709030100334449,0.24239324226859768,0.9150004910476401,False
Chicago,17097861611,-87.986606,42.370073,0.036457168418698276,0.19644768329783263,0.7943644796018141,False
Chicago,17097861008,-88.033192,42.418944,0.01935116676152533,0.295811578634056,1.2102762371052096,False
Chicago,17097861009,-88.01431,42.410878,0.035275774702786984,0.24663823090297265,1.0208319581931937,False
Chicago,17097861108,-88.051868,42.351437,0.02824478816408877,0.2905986483491487,1.106650197854077,False
Chicago,17097861105,-88.043939,42.337863,0.03579676674364896,0.2531087668412757,0.9529174608977078,False
Chicago,17097860302,-87.840805,42.4552,0.32816622691292874,0.06596432758195186,0.26520083279554596,False
Chicago,18089043401,-87.456246,41.291458,0.007686294945284002,0.3069815108758159,3.644751442924895,True
Chicago,17097864105,-88.030692,42.281461,0.010323010323010324,0.23775727209732483,0.8266895724937404,False
Chicago,17097864107,-88.029705,42.25757,0.023373983739837397,0.3313497044997671,1.0781945895577838,False
Chicago,17097861010,-88.113594,42.400474,0.03136593591905565,0.5737665320968303,2.002141729110951,True
Chicago,17031807100,-87.72115,42.044776,0.1056726907630522,0.486059574224913,2.2837583842444413,True
Chicago,18073100901,-87.125205,41.201913,0.002489110143123833,0.1929493444791447,2.1542739850094823,True
Chicago,18073100800,-87.025329,41.149393,0.0026842865992153624,0.19557813924992376,2.1360330616074497,True
Chicago,18131959100,-86.789416,41.108364,0.003976143141153081,0.1855660114152682,1.9047802164669727,False
Chicago,18007100100,-87.184973,40.533139,0.00539568345323741,0.5313787931722463,4.5430984759127835,True
Chicago,17031803612,-88.010447,42.151359,0.08640041764552336,3.0137738581198468,2.5919260913575504,True
Chicago,17097864307,-88.175887,42.178558,0.008597528210639442,1.494741506695723,1.8063979020360261,False
Chicago,17111871311,-88.29782,42.177855,0.03384872544922691,1.455194493972059,1.749209994582151,False
Chicago,55059002500,-87.879211,42.553711,0.04683770883054893,0.16651104644896475,0.6855433490706653,False
Chicago,17043841504,-88.200912,41.882434,0.025925925925925925,0.5517874940264745,0.9151753784727747,False
Chicago,17043840704,-87.948365,41.936046,0.02393534348772148,0.03938177934203982,0.30539294722064314,False
Chicago,17097865300,-87.825864,42.207795,0.018830242510699,0.4507756812798045,1.5484724821333484,False
Chicago,55059001400,-87.870591,42.574378,0.04845446950710108,0.17499510421444398,0.7160218162481969,False
Chicago,17031051200,-87.676235,41.941329,0.015812776723592662,0.7363306249683177,2.1614959575307324,True
Chicago,17031050700,-87.67599,41.945024,0.017184401850627893,0.8047968041276521,2.2073913542298764,True
Chicago,17031252000,-87.76996,41.883443,0.9208289054197663,-0.2955467437099575,-1.3278951523049132,False
Chicago,17031210800,-87.699051,41.936448,0.019269776876267748,0.18292864108231827,0.7677312014668036,False
Chicago,17031222500,-87.699444,41.915786,0.05088339222614841,0.034773447171813986,0.20518438487171878,False
Chicago,17031210400,-87.73002,41.936126,0.034684065934065936,-0.07522596912148957,-0.48762424797821546,False
Chicago,17031220601,-87.712848,41.9259,0.02691131498470948,0.0037156173404235895,0.022048855877225527,False
Chicago,17031252201,-87.752024,41.877034,0.8863945578231293,-0.39394314968514815,-1.6540501010874693,False
Chicago,17031251300,-87.770343,41.898503,0.7918791683012947,-0.17232818018543264,-0.94883231845453,False
Chicago,17031381200,-87.614397,41.808098,0.9301877708233028,-0.36055789286079465,-2.059244548733144,True
Chicago,17031833900,-87.550351,41.731957,0.5272181740248607,0.19736863347106492,0.8383397209220695,False
Chicago,17197884003,-88.226117,41.269799,0.012272727272727272,0.6627099179392664,2.969036512888218,True
Chicago,17197884006,-88.12018,41.270308,0.0014124293785310734,0.5228704513202777,2.965322242651774,True
Chicago,17043846310,-88.043773,41.7426,0.16062403867281916,1.1184203882653738,2.7046808806285587,True
Chicago,17197882200,-88.047629,41.533025,0.08830845771144279,0.3774598055671628,1.6444883456408363,False
Chicago,17197882601,-88.107746,41.517358,0.0923962435625568,0.3891021701379023,1.7179798858515718,False
Chicago,17031530501,-87.631458,41.674055,0.9379707576428888,-0.2192885522486453,-1.4204123661896382,False
Chicago,17043842601,-88.120875,41.832882,0.018991964937910884,0.4408034225383658,1.1334451025307102,False
Chicago,17197880115,-88.077649,41.693781,0.22954822954822954,1.075591389431692,3.354708733593134,True
Chicago,17111870401,-88.391084,42.369885,0.004096385542168675,2.4421551781374533,2.4225163049178122,True
Chicago,17197882602,-88.096594,41.517839,0.21359914560341758,0.3788090368903722,1.6625833106637118,False
Chicago,17063000700,-88.283643,41.309645,0.00523474562407983,0.6954479609497167,3.1619472497028434,True
Chicago,17197883305,-88.211521,41.442007,0.0049261083743842365,0.554476963133919,2.553715703931885,True
Chicago,17197884005,-88.126026,41.239377,0.0043891733723482075,0.52728861438079,3.1352152406229687,True
Chicago,17031830800,-87.677119,41.964529,0.031185031185031187,0.7324066345345229,2.3753466690972584,True
Chicago,17031805110,-87.973008,42.063237,0.008783783783783784,2.1546223002753497,1.968413040904071,True
Chicago,17031806300,-87.902744,42.038028,0.015574994666097717,-1.049148248481801,-0.7666769161503414,False
Chicago,17089853004,-88.337512,41.805579,0.04368029739776952,2.0595971311987933,3.670804815373343,True
Chicago,17031530503,-87.637442,41.663894,0.9624336463862802,-0.2219633267497278,-1.6211994966049046,False
Chicago,17031828602,-87.645294,41.548626,0.5726532361765967,0.0029771471150125822,0.028502396339191344,False
Chicago,17031826401,-87.596042,41.634708,0.9119463087248322,-0.10563358468492003,-0.6588057101533721,False
Chicago,17031671800,-87.65651,41.76196,0.8467600700525394,-0.2129381872290883,-1.1252512482063093,False
Chicago,17031491200,-87.637024,41.688813,0.9524517087667161,-0.20954316583912158,-1.3524068711840986,False
Chicago,17031301802,-87.727875,41.845031,0.014514218009478674,-0.27817253655606716,-1.266220440135399,False
Chicago,17031051100,-87.680809,41.94132,0.008130081300813009,0.7656067641680964,2.072081388030583,True
Chicago,17031240200,-87.670342,41.912626,0.036632390745501286,0.17508876617193406,1.1487662627127233,False
Chicago,17031151100,-87.761324,41.942423,0.026848249027237352,-0.023624006769584757,-0.1867881531420706,False
Chicago,17031243100,-87.674596,41.893633,0.0164517563361494,-0.02381647617853912,-0.15149987298562773,False
Chicago,17031807400,-87.741249,42.028854,0.08499413833528723,0.3346100772710528,1.614567976724311,False
Chicago,17031040800,-87.692182,41.963063,0.02506112469437653,0.5999534259988681,1.7658810896182418,False
Chicago,55101001802,-88.004049,42.720483,0.004032258064516129,0.3857843970166813,1.538128396361902,False
Chicago,17031150502,-87.781394,41.956816,0.01863647086577023,-0.012372570542246976,-0.10430327395426094,False
Chicago,55059000400,-87.834187,42.606655,0.04301970580072162,0.17061810427481128,0.6881777875866015,False
Chicago,55059002903,-88.167016,42.554815,0.00688145136065061,0.6761008130905264,2.322781354265706,True
Chicago,17031806102,-87.904864,42.047259,0.03318181818181818,-1.032828635124973,-0.7373109695518058,False
Chicago,17089851908,-88.326203,42.015637,0.07596172622534661,1.1851598347187278,1.6161591797200572,False
Chicago,17043843602,-88.006265,41.882041,0.008692852543464262,0.07098485676902194,0.40302694888244306,False
Chicago,17031301200,-87.692752,41.848996,0.10961585515047713,-0.32515654500340163,-1.9752710012317283,True
Chicago,17075950100,-87.66007,40.898898,0.015031645569620253,0.44607444125959955,5.212595102201346,True
Chicago,17075950500,-87.673973,40.759566,0.01080368906455863,0.49622190570944513,5.269798487982525,True
Chicago,17091010100,-87.671105,41.247829,0.0032653061224489797,0.34344264316752593,4.225478744817919,True
Chicago,17197881301,-88.06673,41.540386,0.05921052631578947,0.38795942887459084,1.6992128219970861,False
Chicago,17031700502,-87.694073,41.738727,0.8636668905305575,-0.11527636086944021,-1.0481188271219466,False
Chicago,17043841801,-88.10349,41.879869,0.014326107445805843,-0.5520080730054656,-0.8067205819342205,False
Chicago,17043842709,-88.037183,41.843985,0.07116104868913857,0.11807958516669867,0.32404027725957985,False
Chicago,17043846311,-88.053427,41.734369,0.13379204892966362,1.1626954609562197,2.836910518047726,True
Chicago,17031823702,-87.832225,41.710138,0.1148936170212766,0.27014931794712527,1.2026005541716036,False
Chicago,17031805902,-87.84514,42.031829,0.0090727356604644,-0.7816091705478951,-0.7506122891322267,False
Chicago,17031800500,-87.738928,42.10084,0.0029222676797194622,0.678175599483502,2.9044032456812805,True
Chicago,55101001701,-87.860018,42.707761,0.20053835800807537,0.24707630572223785,0.9773109927068021,False
Chicago,17097860400,-87.85924,42.428141,0.21176470588235294,0.059693934266819404,0.2396055333098512,False
Chicago,17097863004,-87.861958,42.302701,0.204262385828951,0.43392203066975044,1.619620867305303,False
Chicago,18089012500,-87.343865,41.535152,0.7987055016181229,0.15003813490867532,1.5261702609290795,False
Chicago,18089011600,-87.325606,41.584248,0.900053163211058,0.12255040914750939,1.18667598286881,False
Chicago,18089010400,-87.36245,41.602368,0.9203810820006805,0.11494028996783326,1.0992095361856984,False
Chicago,17097861107,-88.050666,42.364199,0.043241907585866074,0.3016119925929255,1.1718320558643707,False
Chicago,17097861608,-87.97824,42.347936,0.03943044906900329,0.21205353830930532,0.8457871125548473,False
Chicago,17031804403,-88.248361,42.052779,0.07414005755790051,0.9356407442052895,1.3257822207625611,False
Chicago,55059001000,-87.820097,42.584367,0.15097216927182616,0.14462819006720717,0.5821857956120716,False
Chicago,17097861301,-88.107201,42.377704,0.06062992125984252,0.5575555200789889,1.8891590062534587,False
Chicago,17031260400,-87.737527,41.883633,0.907725321888412,-0.022948879086850407,-0.15244390739963953,False
Chicago,17031230600,-87.731686,41.90614,0.25040340325656446,-0.0799103006105991,-0.4519924920136135,False
Chicago,17097860806,-88.109859,42.485351,0.0168997668997669,0.5402468868717092,2.0476189058818126,True
Chicago,17097864203,-88.189557,42.28851,0.010672853828306265,2.47243699248137,2.2868113751728103,True
Chicago,55059000700,-87.858557,42.594625,0.19407710933134661,0.18077743203747648,0.735380264739758,False
Chicago,17097861014,-88.049982,42.393921,0.030303030303030304,0.32604961165962465,1.2844033436018254,False
Chicago,55059000100,-87.829371,42.640387,0.11085572842998585,0.189944212637154,0.7620043161574674,False
Chicago,17031190701,-87.761415,41.929586,0.03398384925975774,-0.035298438757517404,-0.27261470688047723,False
Chicago,17043843601,-87.994802,41.881595,0.03561004086398132,0.11298233124840615,0.7287405676797277,False
Chicago,17031816300,-87.857675,41.903739,0.03788195897865215,0.03479871275322777,0.3187847097531267,False
Chicago,17031816700,-87.895312,41.904154,0.04715930189379874,0.007698310237417655,0.06698844420793218,False
Chicago,17043846701,-87.981781,41.922926,0.023803798990141862,0.03652847891138734,0.2396189874947594,False
Chicago,17031260300,-87.733293,41.883534,0.8861256544502618,0.010729299766111006,0.07409476498272959,False
Chicago,17031817300,-87.847776,41.883732,0.5616291532690246,0.026695913700496093,0.23754011957724228,False
Chicago,17031816401,-87.860124,41.89551,0.030017152658662092,0.029144623275957238,0.26443783467118437,False
Chicago,17043841703,-88.095379,41.896173,0.13723256108368148,-0.7341019946419027,-1.0481394968946014,False
Chicago,17031251600,-87.751728,41.891444,0.8026689381033504,-0.33260933213974725,-1.2637792902367497,False
Chicago,17043841110,-88.070758,41.948345,0.019838987924094307,-0.8668235436975867,-1.381321024397466,False
Chicago,17031661100,-87.702918,41.761913,0.3410221619176843,-0.11661925390487982,-1.0390344728139433,False
Chicago,17031710700,-87.657119,41.746609,0.9447368421052632,-0.18102839903451573,-1.1066767701476696,False
Chicago,17031816900,-87.890559,41.886389,0.5793921956482647,0.016975705717114736,0.14758973938686645,False
Chicago,17043845702,-88.006505,41.772323,0.014879107253564786,0.77512379919665,2.397221147516454,True
Chicago,17031837400,-87.694391,41.877244,0.7768844221105528,-0.11262115680884364,-0.7324939030645009,False
Chicago,17031817101,-87.877835,41.876126,0.7755862371246987,0.02422582243176545,0.20845135161190817,False
Chicago,17031271500,-87.713134,41.871767,0.8994901675163874,-0.08523402543114578,-0.5747441806335931,False
Chicago,17089852805,-88.309176,41.821131,0.03728386167146974,1.9762695913984631,3.6112343897987933,True
Chicago,17031261000,-87.731084,41.871412,0.90956749672346,-5.32512477718905e-05,-0.0003666172035506877,False
Chicago,17043844001,-87.93301,41.875335,0.009418729817007535,0.12358665269044047,1.0156907806988704,False
Chicago,17043846603,-87.995144,41.926619,0.017936117936117935,-0.022423103459247827,-0.1274506677358347,False
Chicago,17031660900,-87.687577,41.768036,0.6219073324336483,-0.08957189718799842,-0.6735797379905302,False
Chicago,17043843700,-87.97988,41.876723,0.009833066544706151,0.1533212298633437,1.1296285054440305,False
Chicago,17043840600,-87.947118,41.909521,0.01499605367008682,0.06235740405026373,0.4859480756152518,False
Chicago,17043845701,-88.024897,41.775447,0.025412960609911054,0.8550682175290483,2.388309133435029,True
Chicago,17043844307,-87.98646,41.864494,0.07868765004001067,0.17267692298567186,1.2245151675061228,False
Chicago,17031841600,-87.707419,41.855277,0.7634500426985482,-0.20697550936094372,-1.2689201478457648,False
Chicago,17043841307,-88.161147,41.921005,0.03035006035523366,-0.043530262735091974,-0.06635704525740443,False
Chicago,17031804505,-88.177861,41.992962,0.04231738035264484,0.3014427569289104,0.47012153959482694,False
Chicago,17043842400,-88.090283,41.862406,0.057487159225602526,-0.35615368981901807,-0.5707318094708659,False
Chicago,17043841318,-88.166007,41.96211,0.021164021164021163,0.09704621574120686,0.14920508653851078,False
Chicago,17043841315,-88.154393,41.981142,0.07979827944230199,0.037753496399187236,0.05819632058316867,False
Chicago,17031803611,-88.016308,42.147725,0.052474552474552474,3.135748667900078,2.719186094547981,True
Chicago,17043841109,-88.071516,41.939791,0.059896475228000984,-0.8952780836592409,-1.4148822488563058,False
Chicago,17043841901,-88.086077,41.881394,0.006890960680989056,-0.7009535388077995,-0.9881376637506116,False
Chicago,17043841320,-88.14926,41.958907,0.05166475315729047,-0.08184198309297774,-0.1265849540003588,False
Chicago,17043842603,-88.129382,41.867201,0.07042899747648543,-0.2639537254706383,-0.3888004563563247,False
Chicago,17043842604,-88.138074,41.852155,0.08190736938170202,0.026409853367580803,0.04505640183200532,False
Chicago,17043841322,-88.15526,41.945373,0.05062413314840499,-0.06389692634161359,-0.09781770871066088,False
Chicago,17043841210,-88.123608,41.921766,0.10513112884834663,-0.43093719323677204,-0.6620336685432804,False
Chicago,17031804509,-88.16332,42.004524,0.05389221556886228,0.20899630115929346,0.3218188684579823,False
Chicago,17043841403,-88.155834,41.866529,0.020005129520389842,-0.0156946858438744,-0.02418387061959039,False
Chicago,17043841404,-88.152233,41.888321,0.006825938566552901,-0.12083840118204559,-0.178916441212807,False
Chicago,17031681100,-87.649083,41.768885,0.9289940828402367,-0.33812247906921616,-1.3026767107417319,False
Chicago,17031650400,-87.717272,41.765958,0.030316217000290108,-0.15170042003545964,-1.3991708565727596,False
Chicago,17031670100,-87.65726,41.791031,0.7331356560415122,-0.39169887488104393,-1.8528022253576713,False
Chicago,17031650302,-87.717719,41.774999,0.016585581601061477,-0.17345466081009273,-1.4602274024090376,False
Chicago,17031660500,-87.707906,41.775146,0.07859565130660283,-0.14598136897072925,-1.1752369328993562,False
Chicago,17031630300,-87.707319,41.797239,0.005013927576601671,-0.23725305338415165,-1.2095875247025343,False
Chicago,17031680500,-87.652191,41.791009,0.8523335883703137,-0.4062621851189735,-2.0456694697836597,True
Chicago,17031610400,-87.667585,41.81071,0.006899950714637753,-0.6458137403811669,-3.141195856701012,True
Chicago,17031630900,-87.708031,41.789448,0.019408147578785548,-0.1948973742526821,-1.2202708696497315,False
Chicago,17031301803,-87.727938,41.839594,0.002937145094967691,-0.3866885514820976,-1.4863991339264202,False
Chicago,17031681000,-87.649635,41.775846,0.9211037699183832,-0.2539446068093837,-1.1443847130453948,False
Chicago,17031681200,-87.638742,41.768809,0.9171270718232044,-0.39710161642833197,-1.5114532426993244,False
Chicago,17031834900,-87.656742,41.771186,0.8995901639344263,-0.2150979883972548,-0.9475230129391656,False
Chicago,17031282800,-87.684858,41.870741,0.15177478580171358,-0.1781627394787656,-1.1243511490664342,False
Chicago,17031170900,-87.811831,41.9363,0.032490974729241874,0.029723374169289815,0.26516965544484583,False
Chicago,17031171100,-87.781618,41.942048,0.024321133412042503,0.0035098424363035896,0.029705633657450627,False
Chicago,17031190602,-87.771335,41.927428,0.027705466716251393,-0.01384121022276262,-0.10909327536622851,False
Chicago,17031170800,-87.812383,41.941499,0.014214266912345353,0.02589780089660458,0.2325643617116157,False
Chicago,17031806802,-87.741615,42.044949,0.0888243831640058,0.4068037241258019,1.9406059634953607,False
Chicago,17031810701,-87.81128,41.930926,0.013360739979445015,0.030942007533827906,0.27419554245071875,False
Chicago,17031170600,-87.83093,41.941026,0.009408075264602116,0.05740883579446762,0.5446843006050227,False
Chicago,17031672000,-87.670774,41.762314,0.7868707683249926,-0.09728404991240351,-0.6384413112670655,False
Chicago,17031838600,-87.700383,41.867652,0.8530961791831357,-0.1494491133627052,-0.9822185027250684,False
Chicago,17031251000,-87.747194,41.898739,0.7051162790697675,-0.22850580020415168,-0.9895187648390175,False
Chicago,17031612100,-87.647904,41.797793,0.7748287671232876,-0.5059237311668482,-2.6321287633641552,True
Chicago,17031828801,-87.657467,41.534436,0.42620070285044903,0.03631182677662051,0.3739503095662965,False
Chicago,17197880111,-88.057333,41.702338,0.1563942438229704,1.0873388523746277,3.1330360901889693,True
Chicago,17111870807,-88.331804,42.251084,0.020471224410969487,1.800428179578762,1.9069397560608459,False
Chicago,17111870810,-88.239654,42.267632,0.008397639582387654,2.1054956575640125,2.0246905700763933,True
Chicago,17111871307,-88.22551,42.213372,0.009470512268618166,1.721140514397619,1.886551193285254,False
Chicago,17111871209,-88.33136,42.197372,0.019241815048822514,1.5309978968085134,1.7502264638167562,False
Chicago,17111871600,-88.252854,42.196529,0.004415011037527594,1.5591670284624777,1.836117330012762,False
Chicago,17097864204,-88.170259,42.259768,0.015388046387154327,2.4891749121546702,2.3614078435462877,True
Chicago,17089851904,-88.330284,42.035944,0.05403662625741553,1.1391149537067882,1.5021568326998078,False
Chicago,55059000800,-87.840993,42.594124,0.18096272167933405,0.16667183471017022,0.6745399783722795,False
Chicago,17097862800,-87.864586,42.330931,0.5323484462557311,0.31258085344275,1.1765838927914067,False
Chicago,55059001600,-87.834852,42.574169,0.21850746268656718,0.1460979272089705,0.5903185454903703,False
Chicago,17031612000,-87.65269,41.797546,0.6975138121546961,-0.5172611954018659,-2.5788782465753135,True
Chicago,17097860301,-87.849938,42.456246,0.35348837209302325,0.07312964121816012,0.2958983721412172,False
Chicago,55059002200,-87.835102,42.562351,0.045098039215686274,0.13799922222864913,0.5585063909507086,False
Chicago,55059001200,-87.848478,42.582715,0.10970149253731343,0.16374267276701926,0.6648800007687125,False
Chicago,17097865802,-87.822067,42.161824,0.008488964346349746,0.8793231810118167,3.1328208638514603,True
Chicago,17111870402,-88.439838,42.334352,0.04758667573079538,2.3516394761825725,2.3550353109253717,True
Chicago,17111871202,-88.32954,42.219818,0.018019564098163722,1.6382809593677186,1.8074337405057357,False
Chicago,17111871208,-88.347107,42.196251,0.0031413612565445027,1.5370327188243158,1.7685213342701624,False
Chicago,17111871305,-88.232799,42.225749,0.004152568440479852,1.8038880002137005,1.9159171872607559,False
Chicago,17111870905,-88.441684,42.306869,0.021994448003416614,2.2365771279511777,2.2953026005928283,True
Chicago,17089851910,-88.328683,42.058008,0.07333842627960276,1.0920485353098166,1.399341899942767,False
Chicago,17031804405,-88.245304,42.034891,0.09915966386554621,0.8922983293983084,1.298108424680185,False
Chicago,17111870603,-88.293961,42.357723,0.011705301813174203,2.373746981644942,2.2030250699448484,True
Chicago,17111870903,-88.442877,42.321837,0.03138888888888889,2.2993887234109414,2.332002856219268,True
Chicago,17111871108,-88.370582,42.196034,0.01745860331173506,1.5702934706594398,1.7666242957103508,False
Chicago,17111871205,-88.318534,42.182296,0.014577893820713663,1.4714267918986432,1.7360843573495552,False
Chicago,17031431301,-87.56154,41.753676,0.9398328690807799,0.23157194184049443,0.8627278724141489,False
Chicago,17031530502,-87.626371,41.667239,0.9738853503184713,-0.2145658424581614,-1.4017399452614252,False
Chicago,17031681300,-87.640785,41.761528,0.9321723189734189,-0.4841727606080943,-1.8372112672684469,False
Chicago,17031671900,-87.660995,41.762393,0.803030303030303,-0.15699796480163622,-0.8859187443539136,False
Chicago,17031671400,-87.675654,41.773705,0.7008985879332478,-0.11639305710574877,-0.6828297560998645,False
Chicago,17031710200,-87.651147,41.7549,0.9357065803667746,-0.26567467990883387,-1.4656237927140354,False
Chicago,17031710100,-87.642003,41.753682,0.9103448275862069,-0.39714515616162493,-1.9208673591110463,False
Chicago,17031020601,-87.701855,42.000352,0.06851768920734438,0.4059605329266446,1.919217498690975,False
Chicago,17037000700,-88.701079,41.976101,0.039252842447211694,1.8980280377552068,3.155810576629397,True
Chicago,17031580700,-87.687361,41.817269,0.012097491549546344,-0.6785969641059681,-3.172471915784962,True
Chicago,17031440800,-87.603529,41.731628,0.9530864197530864,0.16260995772573722,0.48948716205237935,False
Chicago,17031710600,-87.660803,41.747851,0.943728018757327,-0.1611764274306654,-1.0179059681220726,False
Chicago,17031520500,-87.530787,41.693408,0.025565610859728506,0.005176801925839802,0.023204047751682298,False
Chicago,17031390600,-87.594332,41.805565,0.4518555667001003,-0.23785585999827244,-1.3356412719379918,False
Chicago,55101001702,-87.896113,42.700045,0.16447556444698486,0.27364469699605415,1.0900877760653445,False
Chicago,17031050300,-87.691169,41.957697,0.014601272931486334,0.654689983671347,1.6564710047229938,False
Chicago,17031823704,-87.839927,41.726971,0.02099737532808399,0.25321761402429177,1.082515500286375,False
Chicago,17031251100,-87.752094,41.898687,0.73455684870188,-0.2737556223835071,-1.1354503775890685,False
Chicago,17031825700,-87.555176,41.635822,0.5978744438952052,-0.04498020084360142,-0.2909936709140883,False
Chicago,17089852202,-88.349093,41.911453,0.04490701606086221,1.6754424329172746,3.0301440259391272,True
Chicago,17089851101,-88.301607,42.034126,0.06557002513136852,1.0851523996990318,1.4606992902840175,False
Chicago,17031140602,-87.720547,41.965075,0.06784368180916485,0.3425809451155156,0.7770170127341554,False
Chicago,17089851907,-88.326957,41.998495,0.03837899255144552,1.2501696223461294,1.7585968254166906,False
Chicago,55101000903,-87.826717,42.686694,0.13012048192771083,0.21119187526124805,0.8337259264998031,False
Chicago,55059002100,-87.82907,42.548681,0.10134457154324704,0.12367935080303297,0.49963529901528053,False
Chicago,17111871109,-88.39212,42.189409,0.021685761047463174,1.5786039487182943,1.7819599288635513,False
Chicago,17043846513,-88.225205,41.728639,0.06146059291395517,1.5782726015467659,4.521485731559403,True
Chicago,17031809000,-87.719353,42.059732,0.02999250187453137,0.532749678189755,2.463968865803617,True
Chicago,17111870704,-88.213211,42.402467,0.0063800277392510405,1.8079477242520197,2.5323650596647735,True
Chicago,18089010600,-87.321242,41.598856,0.8758680555555556,0.1152859451069514,1.1000008817319435,False
Chicago,17197880203,-88.088804,41.648074,0.03068450039339103,0.7072387056402367,3.1652752306582257,True
Chicago,55059003002,-88.239071,42.523214,0.004151838671411625,1.2936478484585066,2.7903566940021522,True
Chicago,17111870302,-88.611559,42.422092,0.007692307692307693,2.0258602344292993,2.921065240829029,True
Chicago,55127000600,-88.716591,42.568735,0.006914119359534207,1.9384283993439722,2.698091824971433,True
Chicago,55059002300,-87.846144,42.552296,0.04766912022432527,0.13855071608576236,0.5634713786865171,False
Chicago,17097864306,-88.146138,42.203013,0.007853403141361256,2.1823976002365475,2.278003816921174,True
Chicago,17111871003,-88.611407,42.267659,0.0055147058823529415,1.824252717666894,2.8442205865757266,True
Chicago,17111870605,-88.296095,42.335886,0.005536222714330908,2.274651637231112,2.155225077701351,True
Chicago,17097861013,-88.056974,42.407234,0.04423328964613368,0.3536191159425889,1.4021241112768645,False
Chicago,17031710300,-87.660956,41.753057,0.9030898876404494,-0.15411998690144146,-0.9567120504390156,False
Chicago,17031460302,-87.557485,41.747348,0.8449116392443632,0.25817456278367384,1.061603640531644,False
Chicago,17031671200,-87.666894,41.776399,0.7857142857142857,-0.21072318525851308,-1.0005902359703587,False
Chicago,17031480300,-87.58813,41.730053,0.9643916913946587,0.5455159968849603,1.5866774747486267,False
Chicago,17043842703,-88.094469,41.850425,0.018816538747214655,-0.06186981727017894,-0.11330055906779533,False
Chicago,17043843400,-88.025895,41.895887,0.022623138602520045,-0.17074811055072509,-0.6415046583805044,False
Chicago,17043842300,-88.073751,41.867756,0.021484375,-0.49271436035289495,-0.7534499571564178,False
Chicago,17043843302,-88.006047,41.8937,0.020615072659682324,0.03171465891971037,0.1737741524872261,False
Chicago,17089851302,-88.277302,42.045716,0.07024664377146425,1.0168260779249108,1.4022399646112222,False
Chicago,17089851801,-88.299272,41.992865,0.03914548275450531,1.1667185239617797,1.6485728856723125,False
Chicago,17089850301,-88.265509,42.131209,0.1184296334941959,1.197257033753032,1.5826208855446957,False
Chicago,17031804510,-88.155103,41.999149,0.025885558583106268,0.11551912157865774,0.17881679559422103,False
Chicago,17089851400,-88.26838,42.027961,0.048927416985013225,0.9824666836347824,1.397050735391783,False
Chicago,17089850106,-88.30354,42.13525,0.026278682220228177,1.2758104265585817,1.6104936500839948,False
Chicago,17089851000,-88.30321,42.058194,0.08561183325862842,1.062448464925799,1.403290561621923,False
Chicago,17089851909,-88.326125,42.04734,0.05564460728188688,1.1049522554475486,1.427991952464711,False
Chicago,17089850201,-88.252295,42.126191,0.023820981713185755,1.138029199581406,1.5379324838893633,False
Chicago,17089851600,-88.28907,42.027737,0.07322965423524083,1.0570294874867239,1.4551314273313116,False
Chicago,18089030500,-87.483491,41.634082,0.22626788036410922,0.0486661545051537,0.37048986435158376,False
Chicago,17031241000,-87.694556,41.907853,0.1637748624629708,0.020602065281353325,0.12562484777995037,False
Chicago,17031460200,-87.546341,41.741593,0.42813141683778233,0.171977609831508,0.7441855609099802,False
Chicago,18089031000,-87.441573,41.644667,0.6746189529489728,0.08202753360052066,0.6396623925073973,False
Chicago,55059001300,-87.868139,42.585027,0.12207987942727958,0.18142876023706267,0.7410422671638803,False
Chicago,17031660302,-87.698501,41.783378,0.15011713822310327,-0.14403531471548806,-0.9761134253988241,False
Chicago,17031491300,-87.627513,41.689006,0.9436480474542758,-0.20267659705343205,-1.1627270155559077,False
Chicago,17031640500,-87.790584,41.775702,0.03234086242299795,-0.059240679056346605,-0.4756452281925936,False
Chicago,17031670700,-87.667024,41.78304,0.7476038338658147,-0.2812926224034095,-1.2343955973487546,False
Chicago,17031826902,-87.662582,41.614607,0.8,-0.06784274948579588,-0.6925836308294617,False
Chicago,17031830100,-87.686793,41.502343,0.7424931756141947,0.13103943111867156,1.4818543281430963,False
Chicago,17197880106,-88.092146,41.698822,0.1898086337338674,1.1579275881592648,3.3762798898012134,True
Chicago,17089852402,-88.420632,41.919063,0.007862586186040885,1.6889960046150796,2.978491929594642,True
Chicago,17031460301,-87.556279,41.740068,0.6417810512219618,0.2695545176903804,1.134015152999856,False
Chicago,17031670600,-87.671504,41.783443,0.7147124719940254,-0.26831990144393625,-1.1941457894787462,False
Chicago,17031670300,-87.667044,41.790998,0.7171717171717171,-0.35587035163036446,-1.6013265758770165,False
Chicago,17031809100,-87.704548,42.060109,0.03549607215594996,0.5538012693379574,2.520056739285052,True
Chicago,17031801200,-87.700652,42.082378,0.003286770747740345,0.607803764450425,2.6771380568326597,True
Chicago,18127050405,-87.192938,41.62426,0.02054794520547945,0.030017153596498827,0.285293437594972,False
Chicago,17031806501,-87.891175,42.017032,0.02851782363977486,-0.16406000541982085,-0.5175883361495174,False
Chicago,17031150501,-87.781504,41.964337,0.015171331415119017,-0.02457064640378833,-0.20224117115053056,False
Chicago,17031301702,-87.719878,41.838921,0.001941276389225916,-0.34535983684717997,-1.4736928388374073,False
Chicago,17031301100,-87.698062,41.847101,0.04950495049504951,-0.3167571791422592,-1.8727051314825895,False
Chicago,17031430700,-87.563494,41.764867,0.9006896551724138,0.03592886392932419,0.14236485469655988,False
Chicago,17097860805,-88.148333,42.485929,0.007888349514563107,0.7283902534535898,2.4290638396744546,True
Chicago,17031812600,-87.779527,41.883445,0.29502308876346844,-0.2073202819487697,-1.0942992342658382,False
Chicago,17043846314,-88.049031,41.77854,0.02701080432172869,0.926340830882304,2.5002992724558437,True
Chicago,17031680600,-87.652106,41.78348,0.8291845493562232,-0.3104025944776312,-1.4688128333952122,False
Chicago,17099961701,-88.664574,41.616976,0.006140765233821445,1.8244859552200903,4.0866775673404625,True
Chicago,17037002100,-88.623884,41.641288,0.010564811052417716,1.8575152027982829,4.206771963779454,True
Chicago,55101002100,-88.122961,42.702185,0.0035895901884534847,0.5173414015833626,1.9519496253507538,False
Chicago,17111870301,-88.630571,42.433676,0.0046204620462046205,1.9880400601319113,2.8827354933778357,True
Chicago,17097861304,-88.100406,42.368424,0.030581947743467935,0.5163736010531967,1.7695456126759963,False
Chicago,55101001801,-88.048515,42.684998,0.01182033096926714,0.42912840170055405,1.7110852322869365,False
Chicago,17043841313,-88.225481,41.926125,0.02193593314763231,0.7595313319253911,1.267814013705381,False
Chicago,18127050703,-87.060503,41.491338,0.011098130841121495,0.0802874422572146,0.8354023704767408,False
Chicago,18091040100,-86.916152,41.704841,0.4228670634920635,0.022333172595302014,0.19953088503338995,False
Chicago,55059002000,-87.831113,42.518829,0.02512650497295411,0.10799630692721005,0.4385057365307173,False
Chicago,55059000900,-87.831626,42.591488,0.16239526860522424,0.15730014369043105,0.6345690133454019,False
Chicago,17031812802,-87.797134,41.883173,0.19793732645775486,-0.08017700133386356,-0.552938951905693,False
Chicago,17031611000,-87.651257,41.803401,0.22696115765422697,-0.5598861354705551,-2.9181150320848275,True
Chicago,17089852001,-88.29647,41.961558,0.014692787177203919,1.2902619897178433,2.038452943096613,True
Chicago,17043842605,-88.122772,41.857161,0.03404056889717883,-0.1514337360993715,-0.24344705473531303,False
Chicago,17043841606,-88.163118,41.817837,0.022760290556900726,0.8170798516267904,2.0518723258658884,True
Chicago,17031802610,-87.896879,42.099093,0.014797951052931132,-0.8266302045296061,-0.6329873479631912,False
Chicago,55059001100,-87.832654,42.58056,0.26127926898914905,0.1495620672723933,0.6037936960390351,False
Chicago,55059000500,-87.835484,42.620526,0.061921191211185764,0.18152096126918985,0.73149674400802,False
Chicago,55059001800,-87.822578,42.571835,0.13948205361199456,0.13739025736122956,0.5540604869119303,False
Chicago,55059002400,-87.861567,42.553744,0.022825150732127476,0.1532280143379003,0.6279851074059413,False
Chicago,55059001900,-87.816755,42.57122,0.052318162484049344,0.1320693190592822,0.5308775416472565,False
Chicago,17097864108,-88.010914,42.259488,0.010906612133605999,0.24176610629782583,0.8336362875217418,False
Chicago,17089850302,-88.272723,42.115352,0.07268170426065163,1.13901674377493,1.5133490394971385,False
Chicago,17043841310,-88.249219,41.935344,0.01224373576309795,1.0121777226525603,1.6878284707665632,False
Chicago,55059001700,-87.834725,42.568369,0.11308861698183166,0.14246050316546313,0.5764345846332948,False
Chicago,17097860103,-87.830901,42.485409,0.03613744075829384,0.08059097697409862,0.32475220117989384,False
Chicago,55101000800,-87.80581,42.691044,0.1524524966858153,0.19978073014439535,0.7860113036875119,False
Chicago,17105960300,-88.799973,41.078647,0.005453962143086301,1.0414331924267206,3.3615664774451615,True
Chicago,17031800300,-87.750603,42.114906,0.0027677830058123443,0.769733231093719,3.231159614630229,True
Chicago,55101000904,-87.845266,42.686607,0.15616127200454288,0.2261208444083555,0.898792354361502,False
Chicago,17091011000,-87.602601,41.068977,0.7319978343259339,0.3903311722521535,4.980223652569485,True
Chicago,17031611800,-87.667383,41.797715,0.39727891156462586,-0.42412635013436994,-1.9624031862996543,True
Chicago,17031804508,-88.181609,42.006599,0.16986769099445156,0.3791402224692526,0.5891766530753257,False
Dallas,48121020403,-97.145992,33.223604,0.044181554804442295,0.5137836609247415,1.9747315289467657,True
Dallas,48231961200,-96.095689,33.107171,0.07598173515981735,0.19123641484733583,1.029652210155886,False
Dallas,48121020401,-97.178048,33.253534,0.07892244554351258,0.5640038339828157,2.058744683323985,True
Dallas,48121021304,-97.130747,33.174823,0.09642857142857143,0.4905973061862227,1.9717928524801414,True
Dallas,48097000700,-97.029729,33.535364,0.005928072717692003,0.4510407984578931,1.6648445226202477,False
Dallas,48121020307,-97.206301,33.01694,0.03453900709219858,0.33054453433684244,1.9706135729544139,True
Dallas,48121021301,-97.127618,33.197785,0.24079677256681795,0.48097318205219736,1.9179827737444273,False
Dallas,48121020402,-97.151898,33.237328,0.06079196876742889,0.5228907598154606,1.9842336552451592,True
Dallas,48121021409,-97.070617,33.149203,0.06020706729687148,0.35249641142518906,1.5962587002175317,False
Dallas,48121021719,-97.081028,33.081704,0.03950381679389313,0.3790302113009823,1.7006360872761368,False
Dallas,48231961100,-96.06675,33.055373,0.03965739762994251,0.17104617706511194,0.9347512307615033,False
Dallas,48121021404,-97.040116,33.14934,0.05452127659574468,0.276220702991941,1.3119979088266276,False
Dallas,48121021305,-97.11914,33.184878,0.07156011575901079,0.46383051989389285,1.8916517797611756,False
Dallas,48121021407,-97.096749,33.147752,0.07936954686180693,0.41170961824740104,1.8017539333040904,False
Dallas,48439113703,-97.066971,32.956289,0.05840026773761713,0.24708280285584183,1.2161396488474283,False
Dallas,48231960700,-95.940219,33.074342,0.014283368904941716,0.15849891973200758,0.8056728799005849,False
Dallas,48439113632,-97.112447,32.90218,0.021242803255906294,0.06516435783351365,0.4147371960307424,False
Dallas,48439113610,-97.164316,32.898505,0.027330587794833397,-0.12269525184869517,-0.8361770437740423,False
Dallas,48113013200,-96.783686,32.916696,0.14735671936758893,0.4756109011851739,3.3419736267973117,True
Dallas,48439113814,-97.201571,32.900465,0.030605455755156354,-0.20763551994810206,-1.4719646180199062,False
Dallas,48121020308,-97.33148,33.045148,0.08005749986177918,0.31035564881990135,1.6770731250530129,False
Dallas,48121020309,-97.300925,33.137702,0.026033776580822534,0.7792574149341925,3.1586931910569995,True
Dallas,48113020600,-96.823941,32.872697,0.004035512510088781,0.48474347327157624,3.5742474591335505,True
Dallas,48439113813,-97.227583,32.899646,0.025826648405400117,-0.22007803170682969,-1.6160339601102782,False
Dallas,48113014206,-96.935005,32.867654,0.18461047932830268,0.16000185259801922,0.7064540051184016,False
Dallas,48121020303,-97.171415,33.113926,0.027156549520766772,0.550496545718373,2.277756226776957,True
Dallas,48251130410,-97.206742,32.436351,0.037680529916386145,0.30206830364672543,3.3128184920533776,True
Dallas,48121020700,-97.150392,33.21681,0.08608523849844764,0.5230563670428781,2.001890802138916,True
Dallas,48121020203,-97.170562,33.354705,0.035882749326145554,0.5380661780622079,1.9434836099296382,False
Dallas,48121020202,-97.253662,33.299031,0.013855479649764264,0.6370035148372792,2.213936299429843,True
Dallas,48349970100,-96.464607,32.225035,0.03458394466568854,0.22889405459929288,2.8088247230178554,True
Dallas,48121020107,-96.985335,33.202318,0.15465594793760168,0.16201118710539883,0.7727736869909977,False
Dallas,48121021745,-97.008094,33.031921,0.05570560432140446,0.36303954291699225,1.4470520481867164,False
Dallas,48085031001,-96.519906,33.137623,0.061869747899159666,0.500902733776088,2.4186761114914033,True
Dallas,48439100602,-97.415929,32.778889,0.09886411442995373,0.20897898839556978,2.1587672236980255,True
Dallas,48121020108,-96.909559,33.19796,0.24117799688635183,0.01954787188356348,0.08721643435468328,False
Dallas,48121020900,-97.15708,33.210164,0.15146623621199892,0.5351889572317801,2.0417555535994314,True
Dallas,48085031100,-96.3735,33.140655,0.030622164614387555,0.3384394757053952,1.6276347058103595,False
Dallas,48121021618,-96.997878,33.04428,0.0746954723052172,0.3527914380622561,1.436785495223487,False
Dallas,48085030303,-96.779405,33.232148,0.08570307903510492,0.09428186978544395,0.37636975283565105,False
Dallas,48113020300,-96.769261,32.770707,0.728448275862069,0.4578364932418389,3.747654163974027,True
Dallas,48231961503,-96.122608,32.935902,0.01637107776261937,0.16076332942347513,0.9614709580991716,False
Dallas,48121021303,-97.101665,33.168541,0.06693207265488928,0.4224118346523914,1.8154797333622572,False
Dallas,48121021405,-97.069027,33.19145,0.09189629428532646,0.3555757422657987,1.5831323641041124,False
Dallas,48113014103,-96.98578,32.867403,0.21363040629095675,0.1788147693187815,0.875394162599746,False
Dallas,48085030605,-96.651773,33.223975,0.22121929564960047,0.38270941912948375,1.4701137919020593,False
Dallas,48231961400,-96.245639,33.062205,0.04088353413654618,0.21099472691812024,1.3006574207249741,False
Dallas,48231961300,-96.127877,33.087087,0.07946643961969632,0.1910654868880689,1.063246217876645,False
Dallas,48113014126,-97.003691,32.962831,0.02688018301401201,0.3544220329583798,1.5894758246949465,False
Dallas,48121020800,-97.150009,33.199759,0.13367651942876121,0.5255083746086033,2.024810951013424,True
Dallas,48113009607,-96.864933,32.902416,0.03540320314695139,0.5310620987913137,3.102592910447314,True
Dallas,48139060801,-96.96995,32.441303,0.10130963517305894,0.18246416085896094,2.2742789213613204,True
Dallas,48397040401,-96.343231,32.942307,0.08518748337913305,0.243070575825377,1.6516895981516013,False
Dallas,48113013721,-96.868571,32.976349,0.08099532398129593,0.5880201199852062,2.929100836449737,True
Dallas,48113013720,-96.886764,32.979742,0.08123997862105825,0.5762793560815886,2.7904621171562436,True
Dallas,48121021000,-97.147194,33.206733,0.16580862772945146,0.5186664357692244,2.0012411036894715,True
Dallas,48121020601,-97.122665,33.227971,0.16943083301922351,0.4691899399280063,1.8733268517387605,False
Dallas,48439123200,-97.330242,32.769242,0.15155398910605575,0.09140721310961511,0.9321897564051512,False
Dallas,48121020602,-97.104749,33.221461,0.09613876911015289,0.4341143201419165,1.7963564607013696,False
Dallas,48121021100,-97.13827,33.209444,0.08737024221453288,0.5008365644501984,1.9561862692698293,False
Dallas,48439121702,-97.091366,32.752424,0.30211616389013957,0.12027330914336984,1.1123805882842142,False
Dallas,48121020505,-97.108588,33.2428,0.045829514207149404,0.4451786300847732,1.812882694719366,False
Dallas,48121021202,-97.11838,33.207174,0.2440886699507389,0.458888488622828,1.8668337610073453,False
Dallas,48097000900,-97.231191,33.509697,0.006211180124223602,0.6075087131132023,2.0676316092578024,True
Dallas,48121021734,-96.990281,33.012116,0.3219389184645559,0.4007588711279225,1.6328480086568322,False
Dallas,48121021201,-97.097832,33.197149,0.2917564655172414,0.4178269414331482,1.7642042780631444,False
Dallas,48439104702,-97.336855,32.67997,0.043584273087473334,0.22033606118898916,2.2727941563442444,True
Dallas,48439111005,-97.341765,32.628775,0.4046920821114369,0.2598764737906974,2.6909196696115165,True
Dallas,48439105902,-97.299418,32.681443,0.3876358695652174,0.18294493227669484,1.871054484571264,False
Dallas,48439104100,-97.337519,32.723188,0.02465423932651834,0.17718259442295664,1.8139299010726784,False
Dallas,48439106202,-97.24743,32.708528,0.6781680016430478,0.05888159623382974,0.5848011245422982,False
Dallas,48439105701,-97.361531,32.663539,0.11674118231495281,0.25155024746377086,2.5749357571790523,True
Dallas,48439105703,-97.363302,32.654341,0.2703198741478762,0.2597099932587454,2.6520483587142203,True
Dallas,48439105704,-97.360426,32.6424,0.3237299318231801,0.26593597449179646,2.718785937760828,True
Dallas,48439105800,-97.342503,32.665935,0.05993829881004848,0.2328684239171949,2.4137409558741756,True
Dallas,48439104802,-97.352501,32.677866,0.07639680729760548,0.23575797101402263,2.4174897152392227,True
Dallas,48439104803,-97.345989,32.696065,0.02535994764397906,0.21454167906825583,2.2061406253249234,True
Dallas,48439105511,-97.379435,32.634645,0.3386880856760375,0.2814848603570814,2.8672032217767605,True
Dallas,48439111102,-97.269566,32.652925,0.45992057655537577,0.1625431713324754,1.7073745439853476,False
Dallas,48439103601,-97.246458,32.727133,0.48501577287066244,0.01764841377456254,0.17005801676837215,False
Dallas,48439111003,-97.34495,32.654214,0.15496304118268214,0.24409833570670428,2.5214767681111,True
Dallas,48439102602,-97.384147,32.730514,0.05131128848346636,0.2133043498453411,2.1891923932980815,True
Dallas,48439105600,-97.366375,32.67802,0.03836077844311377,0.24335671154641736,2.496377810498167,True
Dallas,48439106004,-97.286142,32.626178,0.3472587981805123,0.20366465979998724,2.1540129388346267,True
Dallas,48439111104,-97.273052,32.667752,0.4350714048488874,0.15695361684014933,1.6281258910054686,False
Dallas,48439105901,-97.32243,32.679843,0.2033276241742109,0.20776636642942425,2.1437386365935374,True
Dallas,48439123600,-97.328625,32.728192,0.20179876335019675,0.15909834076905097,1.6253474202903997,False
Dallas,48439104502,-97.325913,32.708174,0.15140967629655414,0.18317490888399635,1.8784783625592676,False
Dallas,48439106001,-97.334347,32.642659,0.3096089514361518,0.2430973092200155,2.5236764831705627,True
Dallas,48121020106,-96.968784,33.235327,0.14720545788506953,0.14202232761473987,0.6526319547635502,False
Dallas,48439106002,-97.30429,32.656954,0.47834894910103826,0.20442678470582093,2.130754932827364,True
Dallas,48439123500,-97.315569,32.723452,0.32073374096720403,0.14712429548145622,1.5065861361749129,False
Dallas,48439105505,-97.391905,32.670137,0.22480146609651802,0.2638055873605088,2.683175760223339,True
Dallas,48439123300,-97.335377,32.753143,0.23261065943992773,0.12768926538888234,1.3060186022526188,False
Dallas,48439104300,-97.352871,32.710589,0.03694102397926118,0.20561516729458595,2.1142044905702275,True
Dallas,48439123400,-97.339088,32.733816,0.10046922439966878,0.16286887552558676,1.671095530750663,False
Dallas,48439104400,-97.33823,32.707295,0.031291738217897345,0.1953260831350061,2.011909468832196,True
Dallas,48439104603,-97.27177,32.686356,0.12864321608040202,0.13647103004820343,1.397143001384112,False
Dallas,48439100102,-97.30952,32.779504,0.03226504980511044,0.03087353214672635,0.3054578298386376,False
Dallas,48439105514,-97.404228,32.67336,0.3269934162399415,0.2684958895452856,2.7199022867391,True
Dallas,48439104601,-97.270156,32.712247,0.34845306764551653,0.09541527300572925,0.9450094264665616,False
Dallas,48439111546,-97.175619,32.681242,0.10070588235294117,0.02244151119685514,0.23040698436726656,False
Dallas,48439100300,-97.356601,32.800033,0.1374233128834356,0.0926711060086763,0.9428872514939682,False
Dallas,48439111540,-97.10463,32.663095,0.2850226456348587,0.09689026621376638,0.9616512098268035,False
Dallas,48439104503,-97.325113,32.693514,0.013873265841769778,0.19794053887245747,2.0379493561632476,True
Dallas,48439102302,-97.444881,32.705989,0.0466817627591012,0.26860934687715077,2.7467945414933514,True
Dallas,48113020400,-96.786663,32.77695,0.2416907514450867,0.44718583769428993,3.6225696231931317,True
Dallas,48439104504,-97.313359,32.690593,0.06014561570117126,0.1897456613094218,1.944360117959419,False
Dallas,48439104602,-97.271597,32.698948,0.18580210192345825,0.11885264493241653,1.211822145607471,False
Dallas,48439104505,-97.314226,32.710186,0.4373459326211997,0.16514428775431603,1.6964019283741405,False
Dallas,48439102000,-97.356563,32.753126,0.046849087893864015,0.15581099021560138,1.6084049893973558,False
Dallas,48439111506,-97.163506,32.714796,0.18215384615384617,-0.004040812195811205,-0.04148612305168597,False
Dallas,48121020506,-97.080681,33.252539,0.009164969450101833,0.3965946550203272,1.6888096386412457,False
Dallas,48085031657,-96.81991,33.081025,0.11925042589437819,0.12234513157142185,0.597828290475337,False
Dallas,48085031652,-96.786236,33.063483,0.07128737336298492,0.1540108141225694,0.8445681270807287,False
Dallas,48113007825,-96.733533,32.893312,0.24356636271529888,0.3972538000383831,2.861056249095397,True
Dallas,48113018133,-96.571362,32.898196,0.10572012257405516,0.31372984984252256,2.103186952988831,True
Dallas,48113009611,-96.876712,32.901676,0.06148126965970832,0.49240722076733323,2.7240830673159575,True
Dallas,48113015304,-97.000319,32.808044,0.02960361264425489,0.3015720205264906,1.9915082840047509,True
Dallas,48113009900,-96.909117,32.885926,0.18268770923003347,0.3020132576776158,1.4575737703387623,False
Dallas,48439113907,-97.13838,32.967318,0.028263639522761497,0.18995238497718095,1.0970260393229667,False
Dallas,48113013716,-96.902951,32.969766,0.06951555730602599,0.546909202209341,2.5662601874405597,True
Dallas,48113013714,-96.892282,32.946402,0.04052767577859377,0.5587497065900843,2.647666908978644,True
Dallas,48113012604,-96.646518,32.84936,0.36491290437255597,0.3928316678536775,3.241216370117583,True
Dallas,48085031648,-96.812165,33.036669,0.04745810449232502,0.30449497464751163,1.606057858910788,False
Dallas,48113013719,-96.907405,32.983094,0.08902983321587973,0.5318563122759047,2.503822314625904,True
Dallas,48085031715,-96.805829,33.008497,0.09581945985941547,0.3881940640419357,2.3204745650048784,True
Dallas,48085031646,-96.812699,33.050892,0.05373320837238363,0.2380525536025558,1.2292209149301876,False
Dallas,48085031647,-96.83768,33.037682,0.11365719523373052,0.3608258304084337,1.8362329220088092,False
Dallas,48113002400,-96.756272,32.794975,0.03364969801553063,0.3939624365457189,3.0493056435522417,True
Dallas,48085031649,-96.813049,33.020986,0.06665478524327215,0.3696002169703901,2.051299597202169,True
Dallas,48121021747,-97.069191,33.059563,0.04543871866295265,0.35665441595235053,1.587008007408592,False
Dallas,48439100101,-97.300139,32.788196,0.019770726034224955,-0.007118684010345263,-0.0690051625592175,False
Dallas,48439113916,-97.297969,32.867681,0.11371020142949967,-0.12755230594975614,-1.095481934454611,False
Dallas,48121020310,-97.240839,33.150182,0.009775374376039933,0.7046007163894378,2.678421646170339,True
Dallas,48113018506,-96.711552,32.902727,0.6961385781306387,0.39810070251360263,2.81830878122358,True
Dallas,48113018501,-96.65994,32.886948,0.06951066499372648,0.4059173704238021,3.044085992565199,True
Dallas,48085031709,-96.783072,33.00186,0.09288176840397486,0.34386092539337304,2.1777857269054994,True
Dallas,48121021408,-97.072347,33.13636,0.07714967036049937,0.3557474682049038,1.6150106651608929,False
Dallas,48121021716,-97.021328,33.052286,0.1771171171171171,0.3101863002830091,1.3152168381858138,False
Dallas,48085031807,-96.74842,33.013888,0.039928486293206195,0.25265029000139877,1.5793187820808028,False
Dallas,48121021718,-97.121764,33.093641,0.037395912187736566,0.4630845525586129,2.00990274363069,True
Dallas,48121021403,-97.033482,33.12143,0.04956169925826028,0.25891995229463827,1.25423662299462,False
Dallas,48113014137,-96.954405,32.893642,0.12075248694967004,0.1893039132976913,0.8434696339398533,False
Dallas,48121020306,-97.245976,33.009635,0.06193272824345969,0.21173886642292916,1.2191799670342884,False
Dallas,48085031716,-96.802114,33.001763,0.11101766190075694,0.3936122760173724,2.429481602263505,True
Dallas,48121021724,-97.051979,33.026933,0.031058823529411764,0.33554880983928526,1.3626083274481104,False
Dallas,48121021726,-97.056778,33.016663,0.03347280334728033,0.328614292030309,1.3170877709847288,False
Dallas,48121021722,-97.055107,33.04302,0.04795180722891566,0.33753335225339676,1.4451884010257283,False
Dallas,48113007913,-96.764574,32.848173,0.08977480219111382,0.3783112261894434,2.8946244390093168,True
Dallas,48113012601,-96.657931,32.852869,0.14127615424520146,0.3943999287883634,3.2577175179256974,True
Dallas,48085032012,-96.691685,33.035681,0.09448388858547242,0.2639669552882651,1.628128136402867,False
Dallas,48113013901,-96.893737,32.932257,0.012488577520560463,0.5253716236424026,2.5622790364081025,True
Dallas,48121021800,-96.847587,33.101757,0.07254623044096728,0.10635767128490484,0.5088225953328148,False
Dallas,48113014124,-96.972633,32.910552,0.06517803258901629,0.2405622845641899,1.1257622473835298,False
Dallas,48439100202,-97.340109,32.80261,0.010316875460574797,0.05525544656076056,0.5550560241906706,False
Dallas,48121021637,-96.8616,32.995629,0.2704626334519573,0.5502657652356611,2.809575752192725,True
Dallas,48085031508,-96.657805,33.113671,0.12720444154147617,0.3071636983881831,1.5981948497941552,False
Dallas,48497150401,-97.804198,33.287986,0.02350265352539803,0.49361023836985046,2.3223035702384007,True
Dallas,48439104900,-97.296478,32.802999,0.03167281672816728,-0.04455637542121952,-0.42126434604988056,False
Dallas,48113013616,-96.823945,32.957815,0.15131162083386135,0.5231256286936673,3.2623431235213323,True
Dallas,48085030519,-96.824621,33.183541,0.10834833483348334,0.0035128928346886933,0.015146787827462574,False
Dallas,48113013622,-96.809626,32.948587,0.19273952095808383,0.49901328309891796,3.271134986943305,True
Dallas,48121020205,-97.085075,33.323636,0.011771300448430493,0.42478409506643794,1.7138721404287747,False
Dallas,48121021526,-96.85624,33.165705,0.06654589371980676,0.012854418277575545,0.05648007882121668,False
Dallas,48085031664,-96.781209,33.07528,0.046523649521840266,0.11054712469321724,0.5961951945580362,False
Dallas,48121021523,-96.86404,33.101699,0.07902391725921137,0.13552979716472346,0.6537931800533735,False
Dallas,48121021522,-96.873959,33.117977,0.11755270394133822,0.11442544210020647,0.5473844834293067,False
Dallas,48085031660,-96.797161,33.089881,0.048541897379106684,0.07236056560958141,0.3627218945759347,False
Dallas,48085031661,-96.77992,33.101516,0.06847090663058186,0.050899917274622564,0.2595659927503431,False
Dallas,48121021621,-96.915158,32.998901,0.06301596037424326,0.5063031357370352,2.359079437549163,True
Dallas,48085031655,-96.784732,33.031567,0.09258084971464807,0.26787199235506587,1.5702583282604359,False
Dallas,48121021625,-96.899372,33.041707,0.0939151441944738,0.41083700784433785,2.017162827966991,True
Dallas,48121021627,-96.850976,33.047592,0.09943401080524826,0.3393924983378321,1.714725759197548,False
Dallas,48121021900,-96.853032,33.122095,0.055709822978132595,0.0672146475776814,0.31459617546034874,False
Dallas,48439113705,-97.086384,32.93142,0.04186046511627907,0.19950000803024703,1.0948363292685568,False
Dallas,48121021521,-96.886981,33.095577,0.07764589515331355,0.18846020573163322,0.9192171419972253,False
Dallas,48113002100,-96.801158,32.782528,0.23198529411764707,0.433912640543805,3.5311098340931957,True
Dallas,48085030504,-96.832271,33.108619,0.13153724247226625,0.06505525848614396,0.3084485599532128,False
Dallas,48085030505,-96.812114,33.109716,0.13044214806030832,0.03439887316149734,0.16299267309659712,False
Dallas,48085030506,-96.794934,33.11295,0.09575170592119744,0.02037872523054368,0.09749911555682617,False
Dallas,48113016802,-96.782949,32.572985,0.5366880146386094,0.23574683314390055,2.4089014348602924,True
Dallas,48113013608,-96.794776,32.93829,0.019455252918287938,0.4717132520914571,3.2095952513721877,True
Dallas,48113013726,-96.849647,32.943544,0.08479327259985985,0.5804483681340746,3.3189091708212444,True
Dallas,48439114103,-97.381327,32.94678,0.10659392395247722,0.10031692098681902,0.8360126194523699,False
Dallas,48121021738,-96.974365,32.997081,0.20106445890005914,0.4101055066375279,1.7616522083669552,False
Dallas,48121021739,-96.989203,33.019206,0.26140155728587317,0.39642994743945614,1.6248748845633803,False
Dallas,48113001900,-96.80828,32.793179,0.10087631945827524,0.4006015100342701,3.205572797467365,True
Dallas,48121021736,-96.984766,33.000769,0.28373565492679065,0.40200365433344093,1.6984661871115878,False
Dallas,48121021735,-96.985045,33.008599,0.3442916915720263,0.4042559468998723,1.6811600082984097,False
Dallas,48113019035,-96.723611,32.912159,0.443879472693032,0.3896333381684832,2.675007461989127,True
Dallas,48439113001,-97.045663,32.772686,0.2501634342994116,0.2500769481592028,2.037523775920276,True
Dallas,48121021619,-96.978657,33.027317,0.12162162162162163,0.3976688523080717,1.6584626946906642,False
Dallas,48439105008,-97.324874,32.85505,0.16063969447428095,-0.049407599089369605,-0.45682100379357576,False
Dallas,48113008802,-96.788295,32.709964,0.5176080892608089,0.6164714441771546,6.17727137215072,True
Dallas,48113016202,-97.007932,32.7143,0.10354609929078014,0.21111820372588694,2.1679679402500747,True
Dallas,48439105405,-97.407709,32.697046,0.12474849094567404,0.2577243980979779,2.6111062416513957,True
Dallas,48439113711,-97.098559,32.947732,0.03074739829706717,0.20268722933686034,1.109884855488745,False
Dallas,48113010000,-96.825128,32.785113,0.32388110693542876,0.42816697674930465,3.5800707664742624,True
Dallas,48113014302,-96.968529,32.844763,0.03698475437605872,0.1591957989396282,0.7701291490258146,False
Dallas,48113008000,-96.742304,32.831725,0.006272869837950863,0.3801220308629183,2.9118108959732503,True
Dallas,48121021514,-97.06171,33.082499,0.019112789051439358,0.3378261144776805,1.5418083692115963,False
Dallas,48121021502,-97.007302,33.069366,0.1098180279305967,0.2730836739072925,1.2384034530793593,False
Dallas,48121021505,-97.033934,33.07477,0.10594947025264874,0.2836174544552388,1.304964265467338,False
Dallas,48121020109,-96.871974,33.191694,0.09512683578104139,-0.024927639211251167,-0.10136788186995906,False
Dallas,48121020105,-96.919088,33.227294,0.19010841068518386,0.032331221186953654,0.14282108231446217,False
Dallas,48121020103,-96.978497,33.336984,0.039641639578212956,0.26820753153077936,1.112384067840721,False
Dallas,48085031621,-96.781643,33.021542,0.10259601706970128,0.2919167182568967,1.76253212183647,False
Dallas,48113013806,-96.841432,32.935465,0.22216097023153253,0.5720458363091023,3.5512983207918585,True
Dallas,48113009608,-96.845213,32.917658,0.0382224984462399,0.5709816040557242,3.6866028998808176,True
Dallas,48113013624,-96.818081,32.945483,0.31222601071602535,0.5256592887748657,3.430991536677362,True
Dallas,48113014001,-96.883454,32.918572,0.04445484323818437,0.5133514685410433,2.6964009324811022,True
Dallas,48085030405,-96.796717,33.133836,0.15200175978882535,0.013582863127802172,0.06362215989358894,False
Dallas,48085030407,-96.832797,33.125831,0.05842812823164426,0.03391636289742192,0.157463423371899,False
Dallas,48085030406,-96.812532,33.133326,0.1319815012451085,0.011236546607320014,0.05201489972711813,False
Dallas,48113016511,-96.95036,32.6265,0.5335640138408304,0.18202639566378445,1.897146132379992,False
Dallas,48113014403,-97.016729,32.827188,0.31788856304985336,0.2951352621240199,1.8344334908548177,False
Dallas,48121020503,-97.125488,33.245313,0.08833021912688975,0.4757952573270313,1.877857559235522,False
Dallas,48085030408,-96.818537,33.147926,0.12876506024096385,0.010079829546842639,0.045930405061709124,False
Dallas,48121020504,-97.121745,33.26334,0.09446830007577671,0.46911386366347907,1.8657219798491842,False
Dallas,48085031654,-96.781404,33.03809,0.029989384288747346,0.23858108966043812,1.3866942451456006,False
Dallas,48085031656,-96.836204,33.060032,0.08538993089832182,0.24330051519791696,1.196412685490019,False
Dallas,48085031653,-96.783211,33.04961,0.10015301154541661,0.20390402227843024,1.1666113274062944,False
Dallas,48085031659,-96.79669,33.080379,0.09146628948609146,0.10346702612658035,0.53280073194272,False
Dallas,48085031658,-96.811672,33.067391,0.13003548319766228,0.1587931574616056,0.7928970694282182,False
Dallas,48113019211,-96.733879,32.968655,0.09296828835926728,0.3356774139230602,2.17575122869822,True
Dallas,48113019210,-96.731643,32.981369,0.009451360073766712,0.32438807647623774,2.118093493563058,True
Dallas,48139061700,-96.549148,32.339907,0.033391915641476276,0.19412204717602202,2.2777300838940584,True
Dallas,48113000603,-96.809415,32.819222,0.054616986808609116,0.34547135651506494,2.6279698295612275,True
Dallas,48085031645,-96.837872,33.050437,0.019335647000495785,0.29720559456791695,1.493739674774614,False
Dallas,48085031643,-96.743333,33.064118,0.06861443116423196,0.11992440637108287,0.6796470382682719,False
Dallas,48113019204,-96.763839,32.947097,0.09113179813816756,0.36411446112928475,2.3776323241500386,True
Dallas,48085031312,-96.64927,33.036595,0.09341228719467061,0.3450940766913751,2.093073662306886,True
Dallas,48439111525,-97.116246,32.687972,0.1869260700389105,0.06644218572138352,0.6477817156375589,False
Dallas,48251130406,-97.256377,32.499353,0.013289581624282199,0.2894762259937907,3.065656990031892,True
Dallas,48085032008,-96.674746,33.037785,0.0822481151473612,0.2916272969357588,1.779263992039181,False
Dallas,48085032003,-96.690327,33.024747,0.08639308855291576,0.28541873794534495,1.7783079848475805,False
Dallas,48439122300,-97.111256,32.731785,0.22119815668202766,0.0710192868859718,0.6955270235321017,False
Dallas,48113014134,-96.981796,32.983173,0.04066410009624639,0.3883209156045111,1.7262640894126953,False
Dallas,48113006002,-96.831304,32.698166,0.5928735226671371,0.6051742898678564,6.265059955313197,True
Dallas,48085031714,-96.82333,33.00808,0.2855036130364253,0.4326151166525393,2.4286271413360616,True
Dallas,48085031712,-96.837404,33.011509,0.3043232018123466,0.46239965391153914,2.45840922600995,True
Dallas,48085031713,-96.824901,33.002578,0.3350831146106737,0.4488824048976712,2.534424229474132,True
Dallas,48085031711,-96.836868,33.002025,0.1445635528330781,0.4816200704294212,2.642967078728319,True
Dallas,48085031804,-96.746963,32.991003,0.061635220125786164,0.29883822303453106,1.9180471681020594,False
Dallas,48085031802,-96.719535,33.008901,0.11061011695082429,0.2802567157751768,1.7752346961794379,False
Dallas,48085032013,-96.688055,33.053497,0.13645052198206145,0.24651379037847765,1.4986305746536106,False
Dallas,48113002500,-96.747699,32.786598,0.2380284160673566,0.41175728743528844,3.236761530215288,True
Dallas,48113019302,-96.781678,32.844557,0.0413118889940082,0.3803198262581196,2.87755114967367,True
Dallas,48113000202,-96.765648,32.830868,0.016078017923036373,0.3691325932213722,2.7917815740351335,True
Dallas,48085031409,-96.660597,33.075131,0.10742289597490852,0.2974990660248787,1.7252699577523467,False
Dallas,48085031406,-96.630244,33.124003,0.09384434324310495,0.3936169285430899,1.9443849009271443,False
Dallas,48121021632,-96.860373,33.016359,0.09216459977452085,0.49672435446417,2.5367606617160496,True
Dallas,48121021630,-96.908841,33.020626,0.1711563129924867,0.48039650433836184,2.2762211491266657,True
Dallas,48121021634,-96.852558,33.005931,0.3411313518696069,0.5128868584534253,2.6565475518058275,True
Dallas,48085031613,-96.743201,33.048705,0.03563791874554526,0.16263534830740864,0.9626377508168018,False
Dallas,48085031612,-96.760809,33.049827,0.06989332908772489,0.16887616994316984,0.9840408676959143,False
Dallas,48085031611,-96.706868,33.048926,0.14238326103597856,0.21580494103249256,1.3201499439991375,False
Dallas,48113013400,-96.811158,32.90198,0.010638297872340425,0.552834457749332,3.916950921986446,True
Dallas,48113001002,-96.776304,32.816213,0.011814744801512287,0.36236115858108947,2.727743428562573,True
Dallas,48113013618,-96.777129,32.982593,0.0687863038826047,0.3567274071743299,2.320149104550016,True
Dallas,48121021525,-96.873411,33.140817,0.07255826247852329,0.058317085779461646,0.26526653418126334,False
Dallas,48085031663,-96.783062,33.082443,0.07462298491939677,0.08410235511927884,0.4391331172900542,False
Dallas,48121021623,-96.931171,33.020773,0.136986301369863,0.4492300298999307,2.055214586825033,True
Dallas,48113013605,-96.776959,32.969534,0.03187948852688737,0.3734720952315034,2.458721307040611,True
Dallas,48113019036,-96.692864,32.976729,0.05093080435546189,0.36961168519708365,2.4275155179308663,True
Dallas,48085031634,-96.724955,33.061152,0.10125744540039709,0.15668894658620952,0.920469381057944,False
Dallas,48085031637,-96.761312,33.078914,0.04491017964071856,0.10044362876566894,0.5590456298203068,False
Dallas,48085031636,-96.760801,33.064497,0.0683552029295087,0.11875709903278951,0.6620071197974733,False
Dallas,48113019038,-96.712874,32.977683,0.21420804639362087,0.3500948710186813,2.2896345338045485,True
Dallas,48085031632,-96.702794,33.076462,0.15527838033261027,0.18576218997059787,1.0728037450260042,False
Dallas,48139060102,-96.662273,32.4604,0.02989027620128642,0.14781927939780365,1.512089573139969,False
Dallas,48085031622,-96.719589,33.034402,0.08244375102644112,0.21993735680785462,1.354316596585364,False
Dallas,48085031623,-96.724507,33.023073,0.08536585365853659,0.24090109143720415,1.5023693682068504,False
Dallas,48085031626,-96.741447,33.023434,0.035012809564474806,0.2247852326239359,1.3855121501026881,False
Dallas,48085031627,-96.743251,33.034633,0.05448043752629365,0.1910374410160042,1.1498683042035194,False
Dallas,48085031624,-96.758112,33.023648,0.09711211778029445,0.23992700940489273,1.4759841299934993,False
Dallas,48085031625,-96.76115,33.033777,0.04563263424752247,0.21319498478207477,1.2799376910114357,False
Dallas,48113019100,-96.722248,32.947422,0.14070741545144275,0.36756612843403264,2.4157796243817518,True
Dallas,48085031628,-96.720385,33.052723,0.08179723502304148,0.179670865059001,1.0760172088204547,False
Dallas,48085031629,-96.723734,33.045078,0.08799293702177752,0.18970622943215942,1.1478233287730657,False
Dallas,48085031900,-96.694641,33.018138,0.20291522823168393,0.28960948135084186,1.8099302654986342,False
Dallas,48439113110,-97.090596,32.766375,0.41199301377838154,0.12160067313664313,1.0940785686742516,False
Dallas,48237950500,-98.169112,33.10708,0.0003835826620636747,0.3959080788760512,2.5473805747854237,True
Dallas,48439105001,-97.334649,32.816989,0.08174878556557946,0.02125395911451112,0.20934761560611687,False
Dallas,48367140300,-97.815377,32.754108,0.015030380556443877,0.44358882923764775,4.005712016238831,True
Dallas,48497150500,-97.752302,33.210868,0.006639004149377593,0.4679995714793396,2.36473166983729,True
Dallas,48439106502,-97.226588,32.7542,0.3589171974522293,-0.07139826033336524,-0.6653886410711009,False
Dallas,48367140200,-97.78957,32.745263,0.023032629558541268,0.4434125395526692,4.043891810457075,True
Dallas,48367140411,-97.722587,32.865308,0.010823702073014125,0.4324458666348344,3.9831509850821765,True
Dallas,48367140410,-97.749285,32.945451,0.005863669679941363,0.4445123596810445,3.6995773831583425,True
Dallas,48439100502,-97.384717,32.794882,0.01666211417645452,0.15026672907145017,1.5502991987424093,False
Dallas,48439113926,-97.333106,32.899862,0.12509101941747572,-0.051087133318753884,-0.4405609846065209,False
Dallas,48035950100,-97.700233,32.034367,0.002144388849177984,0.5048053692271143,4.511746370417357,True
Dallas,48363000400,-98.111418,32.797378,0.005148833467417538,0.43750587206913716,3.444619929348947,True
Dallas,48363000300,-98.215337,32.643734,0.002054442732408834,0.46487016369251677,3.7986839720935905,True
Dallas,48497150603,-97.483165,33.013605,0.02064128256513026,0.2988770652393224,2.0095563832672663,True
Dallas,48367140102,-97.788801,32.769328,0.014492753623188406,0.4410372056742628,4.0130268103294435,True
Dallas,48497150601,-97.608395,33.03824,0.0038984300916657887,0.3966826691953982,2.7184300813200575,True
Dallas,48367140601,-97.931011,32.728372,0.005309734513274336,0.44740095490473386,3.8969366802808856,True
Dallas,48367140602,-97.832087,32.631014,0.0070058736112093975,0.4506678283731412,4.258072258911154,True
Dallas,48367140703,-97.690099,32.723626,0.0069124423963133645,0.41551704691456615,4.02230405242166,True
Dallas,48367140705,-97.702282,32.759897,0.009608355091383813,0.43118388668166674,4.051482945970608,True
Dallas,48425000200,-97.753098,32.233781,0.0069084628670120895,0.4849100532399083,4.565940027080086,True
Dallas,48367140403,-97.676852,32.971719,0.006914759869248177,0.40633152433972736,3.4372721452107324,True
Dallas,48363000700,-98.090644,32.797897,0.041705571117335825,0.4370445116572317,3.464576986506799,True
Dallas,48367140502,-97.96996,32.842372,0.008794910179640719,0.43192083129389985,3.475244366214406,True
Dallas,48367140501,-97.833631,32.875817,0.008616880247459125,0.42580721498180524,3.720346975718637,True
Dallas,48497150402,-97.824591,33.09498,0.003482665822384043,0.4450026727038654,2.8590462055643724,True
Dallas,48439110500,-97.397621,32.776458,0.012032435260266806,0.18648331236540688,1.9288304623205477,False
Dallas,48363000600,-98.089705,32.818054,0.028290993071593534,0.43323291619792886,3.406756553541426,True
Dallas,48363000100,-98.336262,32.923222,0.00072992700729927,0.423175278922019,2.9771240112618016,True
Dallas,48439110401,-97.438616,32.811729,0.014858841010401188,0.21589619369205587,2.223576240172224,True
Dallas,48497150102,-97.554767,33.177507,0.006409535589789722,0.5117547234970117,2.3415263030989624,True
Dallas,48143950100,-98.163497,32.39472,0.002165674066053059,0.49784443543165013,4.395166527107598,True
Dallas,48439114005,-97.380165,32.868706,0.05012641530174783,0.0888645663134633,0.8635522060558275,False
Dallas,48139061100,-96.859457,32.328931,0.04054054054054054,0.16598571164441314,2.0551048747112097,True
Dallas,48113015900,-96.990547,32.737217,0.14990025648332858,0.23586153265102763,2.1379461911349322,True
Dallas,48113016302,-96.989384,32.715423,0.05887894488930758,0.20570603365393128,2.0112745076832517,True
Dallas,48113016301,-96.983808,32.71647,0.09248639905896192,0.20770143304042712,1.9853743464222902,True
Dallas,48113016407,-96.996623,32.704588,0.1309593878752207,0.196287618359348,2.048133251524586,True
Dallas,48113016201,-97.005078,32.724309,0.08742331288343558,0.22353026158318384,2.210288811337706,True
Dallas,48113015403,-97.02328,32.755303,0.1844550830751901,0.2716669583957713,2.3189651793813097,True
Dallas,48113010904,-96.877254,32.673184,0.7232094776521271,0.43840904481810067,4.581014366737035,True
Dallas,48113013610,-96.775021,32.932849,0.06337294142172191,0.41936382767187397,2.8350446102344384,True
Dallas,48113014204,-96.93012,32.842252,0.12048192771084337,0.16634519729888636,0.7846952097915855,False
Dallas,48439111536,-97.049933,32.701073,0.42777122641509435,0.1923238287703223,1.9099969855600276,False
Dallas,48143950201,-98.147299,32.243815,0.002829218106995885,0.5089573779537032,4.590300467221572,True
Dallas,48113015600,-96.984124,32.752718,0.01651267937880873,0.2544457291792595,2.204093128110918,True
Dallas,48113014501,-96.968809,32.83088,0.0449438202247191,0.20506017076843513,1.0635960277115168,False
Dallas,48221160206,-97.76111,32.432855,0.004123306499116434,0.45897655437683066,4.475114670515569,True
Dallas,48113016406,-97.009718,32.702566,0.1599918682659077,0.20053912511211136,2.1026434379811154,True
Dallas,48113016401,-97.023693,32.691732,0.24863334634908238,0.19504055910774615,2.0604748063637524,True
Dallas,48113016409,-96.996901,32.681484,0.2234927234927235,0.18702795547077822,2.083152949256336,True
Dallas,48113016408,-97.002738,32.693165,0.13687070938215104,0.19120602855039778,2.074979161919594,True
Dallas,48113010703,-96.92409,32.737353,0.1201889433170049,0.3505707323468566,3.265420089669384,True
Dallas,48113016100,-97.023516,32.72813,0.2816136539953452,0.23362865433787103,2.2496045377233447,True
Dallas,48113019900,-96.887618,32.738152,0.01416065911431514,0.485676455701816,5.087446248842156,True
Dallas,48439113002,-97.041521,32.734554,0.2838365896980462,0.23325693148166923,2.1058254564739656,True
Dallas,48113014601,-96.949857,32.833038,0.05879983890455095,0.1838524248465161,0.9004768152976848,False
Dallas,48113014408,-97.004981,32.826144,0.1612165561399497,0.2865921962845434,1.7312586365653628,False
Dallas,48113015500,-97.009451,32.751873,0.08296337402885683,0.27053204148384125,2.352931626903362,True
Dallas,48113016412,-96.998042,32.662559,0.24693559170938267,0.18839556947142833,2.1705237160429363,True
Dallas,48113016413,-97.009656,32.663808,0.3012391397236861,0.1881784121164236,2.13495966832274,True
Dallas,48113015800,-96.953282,32.753892,0.1201889433170049,0.27185272812724387,2.296661017472032,True
Dallas,48113014406,-96.982398,32.823153,0.03798548868971404,0.254844132217538,1.4653760812061465,False
Dallas,48439110906,-97.46237,32.670128,0.024158952359449086,0.29962828255270557,2.9906818874319403,True
Dallas,48439110901,-97.462213,32.707443,0.05576417574164476,0.2811675131028973,2.860717437691149,True
Dallas,48439110903,-97.422853,32.690414,0.08477412158393753,0.26784643194162444,2.712721974182495,True
Dallas,48439110905,-97.444845,32.674373,0.03721461187214612,0.2873300794845191,2.8888434633702724,True
Dallas,48439110907,-97.480639,32.67091,0.05641442907512883,0.3094439180435091,3.098961811683061,True
Dallas,48439101202,-97.298518,32.769477,0.0621105527638191,0.027792546109888717,0.27333278692474255,False
Dallas,48439100501,-97.380247,32.808574,0.15859030837004406,0.12989795688047157,1.3365600097542207,False
Dallas,48439105508,-97.412416,32.656184,0.27463863337713534,0.28538364993412857,2.8654720104136278,True
Dallas,48439102601,-97.394146,32.726939,0.152856407617087,0.2241631653664586,2.300371229191506,True
Dallas,48367140704,-97.637621,32.678418,0.00949367088607595,0.3887447447413874,3.89033743880629,True
Dallas,48367140706,-97.624325,32.71811,0.013942264724282777,0.38845305531658997,3.863315097498705,True
Dallas,48439113102,-97.109171,32.784652,0.2609149780655943,0.05653378981802602,0.5064339720387075,False
Dallas,48439104201,-97.363311,32.710723,0.16449286481509898,0.21452395120993728,2.20279274352691,True
Dallas,48439114207,-97.497027,32.78362,0.07039167351410572,0.2852204475763201,2.928664799717674,True
Dallas,48439110808,-97.510902,32.686645,0.03367003367003367,0.3291463782247977,3.3014055390331394,True
Dallas,48439114205,-97.527471,32.871705,0.006329113924050633,0.2934789301733475,2.8643290638580114,True
Dallas,48439114203,-97.524534,32.94352,0.011387473778843273,0.2910796314255346,2.612549639150313,True
Dallas,48439110805,-97.492683,32.752197,0.09225463428653542,0.29202671768754224,2.989049128070491,True
Dallas,48439110807,-97.508233,32.727837,0.12714144131388927,0.3113523145868591,3.1687764245938013,True
Dallas,48439113511,-97.115861,32.826545,0.1581520410657541,0.0021227179847205686,0.01640172675476176,False
Dallas,48439113619,-97.143322,32.817893,0.3473648762417915,-0.08234662014133018,-0.6855346324572176,False
Dallas,48439113618,-97.143043,32.82877,0.11418962203715567,-0.09493219580146048,-0.7569982786300323,False
Dallas,48439113220,-97.20278,32.841344,0.13239133773613884,-0.19766737519258334,-1.6071462682801827,False
Dallas,48439106600,-97.423329,32.801005,0.2336675782436949,0.20368291416189435,2.102094107453719,True
Dallas,48439100601,-97.478261,32.82158,0.027007029226785054,0.25824227082624707,2.615302358507242,True
Dallas,48439111010,-97.496011,32.606922,0.03226566179934055,0.33541271505454895,3.4210890554268154,True
Dallas,48439110704,-97.455406,32.748126,0.08532129808725554,0.26218649993342213,2.6924479691477936,True
Dallas,48439111017,-97.398461,32.617065,0.3055103766833648,0.2971347595721399,3.032448601321455,True
Dallas,48439110701,-97.464395,32.766612,0.05629610456839653,0.26387243166616037,2.7099801702114203,True
Dallas,48439105205,-97.469752,32.730911,0.4142518680517587,0.27936176070987967,2.8552046537866973,True
Dallas,48439105204,-97.476737,32.732088,0.37784256559766766,0.28349485069495567,2.9017625165314804,True
Dallas,48439105201,-97.458451,32.731985,0.3308159336591145,0.2690357739945252,2.7594331530655234,True
Dallas,48439113217,-97.221602,32.844104,0.09255978742249779,-0.19765985062425712,-1.6282564901666345,False
Dallas,48439105512,-97.383152,32.64565,0.20475038486914449,0.2786493661397052,2.8196923599086365,True
Dallas,48251130207,-97.305544,32.518495,0.03372243839169909,0.29743033677004643,3.201843406726809,True
Dallas,48251130208,-97.330588,32.527363,0.03223898254954156,0.30562427915440094,3.262671856324356,True
Dallas,48439102401,-97.417644,32.723474,0.1866636425493309,0.24430061997567099,2.5045006474406426,True
Dallas,48439102500,-97.405908,32.721946,0.5246092838815022,0.23827167769656454,2.436283816645149,True
Dallas,48439106700,-97.429436,32.826378,0.039242843951985226,0.19714836087774432,2.021314202311105,True
Dallas,48439105006,-97.312409,32.815857,0.08174878556557946,-0.032635429863026116,-0.3098797569308078,False
Dallas,48439123000,-97.424251,32.739983,0.13059472716125076,0.23887199032397022,2.4631519103929054,True
Dallas,48439102301,-97.437415,32.727219,0.14698937426210154,0.2550280212412742,2.6210239924535026,True
Dallas,48439110203,-97.279447,32.852012,0.1242919026991003,-0.1429098239375762,-1.2362869894825166,False
Dallas,48439104202,-97.368366,32.695245,0.023522129371711543,0.2332235358404257,2.3875923136899853,True
Dallas,48439105507,-97.428687,32.667022,0.09778544722461892,0.28520837898835966,2.8610755579913922,True
Dallas,48367140101,-97.75865,32.75426,0.03419942260715079,0.4383866940129975,4.051990073737131,True
Dallas,48439105203,-97.467918,32.720429,0.07427385892116183,0.28228771304385397,2.872666704448638,True
Dallas,48439105404,-97.384865,32.686131,0.022316185106882783,0.25053849570868797,2.5523612526924957,True
Dallas,48439106400,-97.233907,32.688226,0.18885765397393303,0.06731124092192493,0.6890128850874463,False
Dallas,48439114007,-97.412866,32.842062,0.12807262569832403,0.165914330957956,1.6798481573444302,False
Dallas,48439114006,-97.374883,32.852945,0.041180811808118084,0.08485447657800647,0.8382817364824989,False
Dallas,48439114008,-97.389763,32.855722,0.13461196945480378,0.11646573084558533,1.1563007185318372,False
Dallas,48113004400,-96.844962,32.759679,0.07121026894865526,0.5342868946351557,4.835799576611893,True
Dallas,48113015306,-96.984329,32.797979,0.08382802662349344,0.2909139931974424,1.9807887145133696,True
Dallas,48439113911,-97.236145,32.935758,0.04307094710385011,-0.18292898513159636,-1.219654554892269,False
Dallas,48113008100,-96.710348,32.821827,0.0345252774352651,0.3918350162489521,3.1319014057182186,True
Dallas,48113007823,-96.764478,32.889972,0.20463709677419356,0.4193946061200127,3.0938272525071904,True
Dallas,48439106509,-97.157704,32.778042,0.3273141654978962,-0.07593215271922144,-0.6928355391976717,False
Dallas,48439113910,-97.21825,32.959309,0.02821176680653513,-0.051579395530772475,-0.3152317659260002,False
Dallas,48497150200,-97.588479,33.235824,0.009609423434593924,0.5993012995368932,2.5711267702957814,True
Dallas,48139060400,-96.833164,32.378338,0.341236722306525,0.1308061247902447,1.5169940663559396,False
Dallas,48439110402,-97.402461,32.803297,0.04107077374404107,0.1727907702079586,1.7811925176140135,False
Dallas,48439100900,-97.350334,32.780295,0.01779935275080906,0.10834216520532372,1.11011565124483,False
Dallas,48113008200,-96.696467,32.840355,0.1075553416746872,0.3861577463376087,3.168828642241408,True
Dallas,48113020500,-96.865451,32.785475,0.5525765354630158,0.3731222782933808,3.3638062005627405,True
Dallas,48113000702,-96.789483,32.822046,0.02926829268292683,0.35675382119069937,2.6614878138099116,True
Dallas,48113020200,-96.750602,32.679011,0.6798007246376812,0.581269904861838,6.08183847544733,True
Dallas,48113016902,-96.707633,32.649417,0.3805514056770338,0.5050053813749872,5.357429419340308,True
Dallas,48439100201,-97.33019,32.802195,0.04937017472572125,0.03368961634944453,0.334686785464698,False
Dallas,48113008701,-96.763527,32.702652,0.7392829306313328,0.6046424834404402,6.072275767392393,True
Dallas,48113017305,-96.541322,32.73284,0.43485570187727657,0.247105937438854,1.84758578111782,False
Dallas,48439111008,-97.370467,32.579517,0.2427328272542122,0.30158057353798434,3.1519493244616843,True
Dallas,48113016803,-96.767828,32.598012,0.4949848024316109,0.33634877396900015,3.375129192080784,True
Dallas,48439105007,-97.302465,32.854042,0.16218392655822195,-0.10906910141356577,-0.9597490606591766,False
Dallas,48121021616,-96.862385,33.007249,0.28599221789883267,0.5284860294304002,2.6743427811140026,True
Dallas,48439113923,-97.309238,32.872337,0.14950634696755993,-0.1023193889597107,-0.8955548557025051,False
Dallas,48113007810,-96.738557,32.905563,0.24933787362845253,0.3980372257542919,2.7607151980199864,True
Dallas,48439102800,-97.352599,32.730038,0.10046922439966878,0.1835744350392214,1.8856045780586395,False
Dallas,48439101500,-97.276464,32.743886,0.1369531765223126,0.03946574752421106,0.3858333875137832,False
Dallas,48439103500,-97.279667,32.731755,0.1224734498115793,0.07227463360420082,0.711641971504582,False
Dallas,48439100400,-97.363867,32.788472,0.015320733104238258,0.12082070846221098,1.2415580295595847,False
Dallas,48439113921,-97.274178,32.911055,0.09640282038003425,-0.1715662984434967,-1.3283842626538926,False
Dallas,48439111532,-97.198028,32.660453,0.16464590796362635,0.05615470213309519,0.5839896409563848,False
Dallas,48439105502,-97.3789,32.661395,0.16190801846469483,0.2637354212860931,2.6853662517774484,True
Dallas,48439105503,-97.398168,32.65296,0.16594655144823173,0.2797507000436261,2.8274646053315564,True
Dallas,48439113403,-97.191737,32.830143,0.06203288490284006,-0.17622409554184348,-1.4696273423274737,False
Dallas,48439101700,-97.31326,32.751349,0.4051981252662974,0.09425325678874669,0.9500847577104823,False
Dallas,48439113607,-97.161028,32.831889,0.13886518771331058,-0.14491144463364963,-1.1608437625939536,False
Dallas,48439113811,-97.255193,32.847403,0.10694910875742702,-0.1693722114453506,-1.4408535849365054,False
Dallas,48439114104,-97.437029,32.928735,0.06294285451366523,0.18435454676047136,1.653112466036945,False
Dallas,48439114102,-97.444074,32.879724,0.03775380710659899,0.19502920162386933,1.911014701630487,False
Dallas,48439110302,-97.282758,32.788038,0.014883195177091184,-0.04776349543973066,-0.44728598668558994,False
Dallas,48439114003,-97.347969,32.869279,0.09278569908491169,0.00406207176888347,0.038116816788711885,False
Dallas,48121020111,-96.872783,33.17236,0.056338028169014086,-0.002324722385949326,-0.009805330950563386,False
Dallas,48397040503,-96.454424,32.88781,0.11075903787987902,0.224397283322148,1.4458174577234737,False
Dallas,48113002200,-96.784583,32.789932,0.19895104895104895,0.40647743541298925,3.216397196497375,True
Dallas,48085031706,-96.821453,32.992562,0.03817132711939636,0.4597196390578559,2.703331932937893,True
Dallas,48113000606,-96.802449,32.815159,0.02365930599369085,0.35319990197623313,2.680968132917434,True
Dallas,48113001202,-96.734401,32.806086,0.125,0.3894703103718656,3.004321757187861,True
Dallas,48113018136,-96.567812,32.885597,0.11341957402325885,0.30642263334020026,2.124500027584918,True
Dallas,48085031309,-96.552931,33.018697,0.16576525287029129,0.41687851793118136,2.4330561469500758,True
Dallas,48439106507,-97.249246,32.765286,0.2501286670097787,-0.06901130292599833,-0.6299441492049597,False
Dallas,48085031313,-96.618961,33.034779,0.0655276004506196,0.3997244714466302,2.431331302635592,True
Dallas,48085031315,-96.589146,33.028066,0.1301726021411405,0.42566550063118413,2.55987849688566,True
Dallas,48085031708,-96.802485,32.993617,0.12660174269605332,0.40820064218312485,2.5424576370801906,True
Dallas,48085030702,-96.624146,33.204753,0.0703734099302421,0.43927784626249144,1.7070724451857588,False
Dallas,48085030603,-96.648582,33.201284,0.1377638948728996,0.3752759980144505,1.4775328140940622,False
Dallas,48085032004,-96.672103,33.022225,0.09473275527371554,0.31632776434655374,1.9527004928958964,False
Dallas,48113014133,-97.007463,32.865034,0.35345120707242433,0.2438613568018193,1.27465261893489,False
Dallas,48113009803,-96.872789,32.877143,0.05704534373476353,0.4465066840475091,2.5553193916278456,True
Dallas,48113013300,-96.79666,32.901769,0.013565891472868217,0.5146611433367797,3.69707524343522,True
Dallas,48085031717,-96.798381,33.006698,0.18998527245949925,0.37341758220802274,2.281114797927206,True
Dallas,48439102202,-97.394136,32.739471,0.02240398293029872,0.21397793102367735,2.200732098931119,True
Dallas,48085031805,-96.70932,32.992795,0.0728513720573896,0.32960840265719393,2.1398116763242334,True
Dallas,48113016705,-96.78658,32.608535,0.7274665908444697,0.3623996060106955,3.7116645028183233,True
Dallas,48113007914,-96.766321,32.843129,0.0828808230923121,0.3732629267857575,2.8557005322261406,True
Dallas,48113016703,-96.79593,32.623792,0.657518326479528,0.4205486029287721,4.322457556453127,True
Dallas,48113014129,-96.961519,32.924236,0.10088296073642683,0.28632983675247226,1.3095311791345263,False
Dallas,48113007912,-96.766102,32.861324,0.10511363636363637,0.3894992589179536,2.9807119287408397,True
Dallas,48113014127,-96.960544,32.941251,0.09575115127291685,0.3369903329028979,1.5305445597872098,False
Dallas,48085031506,-96.66377,33.088678,0.14966902277572086,0.2886420329478829,1.6327536592806224,False
Dallas,48113007906,-96.775953,32.859516,0.008471313053523296,0.3959366277077862,3.027192225183599,True
Dallas,48113018141,-96.546431,32.858789,0.32720848056537105,0.2778190805360183,2.0052451587661557,True
Dallas,48085030511,-96.774521,33.145173,0.05099993080063663,0.03333517254957542,0.15662600533962498,False
Dallas,48085030510,-96.778397,33.134218,0.13839716768587063,0.026749650352036008,0.12770644232778414,False
Dallas,48113004300,-96.841957,32.77173,0.2207363986078036,0.48280693662754337,4.213047509673896,True
Dallas,48085030508,-96.778485,33.123913,0.04254317111459969,0.026909194431736817,0.13057853703942573,False
Dallas,48113004700,-96.831402,32.746522,0.041944335554684437,0.5833800518267378,5.3948460494060235,True
Dallas,48085031639,-96.759165,33.107012,0.09137979289112791,0.06400341140687069,0.3369861605485461,False
Dallas,48085031638,-96.76089,33.091738,0.0336760542393086,0.08304658554923239,0.45403883170719517,False
Dallas,48113019501,-96.799944,32.85726,0.0038049605411499435,0.40860182794505245,3.1169394982138647,True
Dallas,48113007804,-96.753175,32.915273,0.5913671228756204,0.39753712012096365,2.687429569640304,True
Dallas,48085031201,-96.390351,33.043504,0.052438252058264724,0.30117823733358007,1.79084601735568,False
Dallas,48439113408,-97.176023,32.816998,0.08154213578983283,-0.15300682060507792,-1.2882087580251707,False
Dallas,48113000404,-96.827541,32.819003,0.09061109810348865,0.32360435520713315,2.491084051992095,True
Dallas,48113000405,-96.820539,32.814177,0.33124159569699685,0.34044103470203235,2.639425654072937,True
Dallas,48113000401,-96.827331,32.810756,0.1902654867256637,0.3397308979092231,2.640684010511552,True
Dallas,48113013626,-96.815665,32.934598,0.2141192141192141,0.5352523524023316,3.61479301131974,True
Dallas,48085030404,-96.792244,33.144349,0.10442637759710931,0.016838189398134296,0.078141162079023,False
Dallas,48113001800,-96.803145,32.801905,0.04209328782707622,0.3761246478430013,2.936588215684387,True
Dallas,48113019037,-96.689943,32.965717,0.0778816199376947,0.3831061428002477,2.53291857621863,True
Dallas,48113001001,-96.776009,32.820904,0.016753926701570682,0.3607633730838742,2.721061855668379,True
Dallas,48439106511,-97.195956,32.769092,0.40428824049513706,-0.1004405993373537,-0.9342424198510176,False
Dallas,48113019031,-96.674795,32.972604,0.09881796690307329,0.3880867026722412,2.575136412338425,True
Dallas,48113018123,-96.610997,32.939754,0.17209485388172785,0.3975952333538879,2.623284968892461,True
Dallas,48113000701,-96.796322,32.810615,0.04188567674113009,0.3611600500214361,2.7379461108981786,True
Dallas,48085030512,-96.743528,33.131254,0.03613666228646518,0.07149274379900698,0.35456187333539363,False
Dallas,48113020000,-97.003949,32.979615,0.025609967122339504,0.36869392156159975,1.6131054904286053,False
Dallas,48113000605,-96.806676,32.809695,0.045757071547420966,0.3587174207327479,2.7461140683122864,True
Dallas,48113001704,-96.800406,32.795863,0.06264053967234179,0.3921188044202002,3.0924044293251574,True
Dallas,48113000500,-96.813559,32.808507,0.08119004587793688,0.35766078733324713,2.764819235022217,True
Dallas,48121020114,-96.922793,33.163879,0.1443390371486834,0.06540553986318466,0.3069125620335512,False
Dallas,48113000300,-96.775487,32.830258,0.02025261324041812,0.3636595676474288,2.7514032150673304,True
Dallas,48113000100,-96.737749,32.815532,0.03308741336910351,0.38324175859224696,2.93504660213674,True
Dallas,48085031405,-96.700758,33.118163,0.06733756585168175,0.17117108492634298,0.8853275045775061,False
Dallas,48139061600,-96.620532,32.336014,0.20150115473441108,0.1885979367395396,2.1390586109503706,True
Dallas,48113010902,-96.867047,32.657227,0.7372314696258359,0.41776150465805145,4.502130027165038,True
Dallas,48231960500,-95.893939,33.241335,0.22883697563426275,0.1894072320087545,0.8317831407135167,False
Dallas,48113016804,-96.798751,32.598012,0.8157403082671649,0.3076356947542559,3.2521825762373124,True
Dallas,48439121904,-97.059344,32.725219,0.21253175275190517,0.19573601275449856,1.8227777522854094,False
Dallas,48113016610,-96.832876,32.610858,0.7728601252609604,0.31160449497081916,3.4313555095761368,True
Dallas,48139060600,-96.849111,32.409465,0.10712093308778392,0.12526264659303918,1.4309229462951387,False
Dallas,48257050500,-96.289483,32.724053,0.5454380883417813,0.14987544106483688,1.0646054132299256,False
Dallas,48139060802,-97.007936,32.445074,0.07593778591033852,0.21018770763581318,2.6516032037651196,True
Dallas,48113011701,-96.658667,32.710142,0.1781931464174455,0.4549744588261356,4.240385212211275,True
Dallas,48139060101,-96.690541,32.526802,0.09397618491711417,0.1932797673129422,1.9671329884354005,True
Dallas,48113016619,-96.850439,32.613131,0.6735459662288931,0.2900604321097256,3.174571292059638,True
Dallas,48231960100,-95.942475,33.27632,0.17092651757188498,0.2072630331781063,0.8840683999777816,False
Dallas,48439111516,-97.122905,32.661981,0.27126611068991663,0.06815986755665461,0.6740688042733323,False
Dallas,48139060206,-96.8114,32.526871,0.2983514274225975,0.14826478809465057,1.5966829938775715,False
Dallas,48113008603,-96.779134,32.72973,0.486665035478346,0.5861528414917672,5.525436169510116,True
Dallas,48439111550,-97.115445,32.618917,0.3358982172786835,0.11577728693617179,1.2001280821957832,False
Dallas,48113011104,-96.8355,32.655078,0.5702393340270552,0.48365731375870746,5.156812092756357,True
Dallas,48139061500,-96.627485,32.314554,0.16349876803942273,0.19332840934849238,2.2086907823888224,True
Dallas,48113011200,-96.815265,32.665815,0.6765988372093024,0.5522772185144723,5.749733782155241,True
Dallas,48251130211,-97.351878,32.480844,0.01316895488932474,0.3282859615764561,3.413511257713621,True
Dallas,48139061400,-96.64649,32.33715,0.054684606838661894,0.18291471563156383,2.0635864289673096,True
Dallas,48139061300,-96.694784,32.332823,0.044113592500689275,0.1715065932593371,1.9489043031388258,False
Dallas,48139061000,-96.907455,32.171859,0.12097840458351697,0.2469681932455828,3.386064353300075,True
Dallas,48397040301,-96.512724,32.909071,0.11456417800662008,0.26177931728382764,1.6650539977787042,False
Dallas,48139061200,-96.730654,32.240804,0.050161067648412334,0.20236578709803948,2.4398009736316255,True
Dallas,48139060500,-96.858084,32.386085,0.12,0.1346904581623437,1.5742339224753528,False
Dallas,48217961100,-97.034284,32.016327,0.033066960595205294,0.29725813914240784,4.1937756453468396,True
Dallas,48251130407,-97.154229,32.500402,0.05375944506379289,0.24547947911550244,2.9311187796487057,True
Dallas,48113013722,-96.857677,32.9794,0.22435344827586207,0.5699158263112455,2.9573977631897135,True
Dallas,48121021519,-96.87033,33.085754,0.11674250745331868,0.19685885306165804,0.9639574289228585,False
Dallas,48139060211,-96.90592,32.444045,0.07779419005416051,0.14342681515167188,1.651497109643597,False
Dallas,48139060212,-96.825925,32.43881,0.13988657844990549,0.12128038998565778,1.363468318675207,False
Dallas,48439113109,-97.076764,32.768016,0.38755067970426904,0.1653375790319653,1.4385229792723713,False
Dallas,48439121609,-97.213674,32.68512,0.07797110965200263,0.041310934237734756,0.4244621244576921,False
Dallas,48439111537,-97.048887,32.686149,0.3562210859508157,0.18437374282634952,1.8934820296975772,False
Dallas,48439101201,-97.269847,32.774652,0.04849084611578427,-0.049193430212509645,-0.455473922610608,False
Dallas,48439113631,-97.107624,32.915481,0.057211858760826115,0.10777671993123818,0.6646861094553864,False
Dallas,48113018802,-96.642201,32.912833,0.19029374201787994,0.41148601230547843,2.8483043791031677,True
Dallas,48439111513,-97.068148,32.656933,0.25402934808756317,0.16055256154569963,1.6706000443714755,False
Dallas,48223950200,-95.791585,33.110782,0.009125306031604719,0.1537281516800436,0.7383811771264603,False
Dallas,48139060204,-96.855533,32.532575,0.3550144730120892,0.13670947420908808,1.451242911319388,False
Dallas,48113019021,-96.656098,32.938477,0.12948180219185496,0.41537192401577644,2.867457698104953,True
Dallas,48439113613,-97.174958,32.845547,0.039331135186057464,-0.1781337123375297,-1.3979091442497207,False
Dallas,48439121611,-97.212839,32.675967,0.15515362824144693,0.05248502183142874,0.5424190438126938,False
Dallas,48439113628,-97.119595,32.841922,0.22166599919903884,-0.01834526459430373,-0.13457790079846024,False
Dallas,48397040302,-96.461936,32.916295,0.0859912445278299,0.23918588369732274,1.50463997009247,False
Dallas,48439122400,-97.115666,32.725715,0.16642030056664203,0.06212894132710043,0.6119531898606407,False
Dallas,48439103800,-97.303515,32.720974,0.5047549378200439,0.13386122293538869,1.3616120351367653,False
Dallas,48439106201,-97.258528,32.70743,0.5772984078068824,0.08239218308686125,0.8160832569189115,False
Dallas,48439113512,-97.122497,32.830265,0.17058729396703473,-0.025460164456426265,-0.19662565777815072,False
Dallas,48439111204,-97.274342,32.566723,0.035795355334381,0.24979334030630465,2.706572793182607,True
Dallas,48439106510,-97.189222,32.79725,0.1430745814307458,-0.14160933698560554,-1.2456618058073263,False
Dallas,48439106514,-97.168859,32.752706,0.4759710335747202,-0.051442637951920854,-0.5031168433836838,False
Dallas,48439106516,-97.227784,32.763665,0.5790386951240674,-0.09235346168378218,-0.8446930744172316,False
Dallas,48439113612,-97.169378,32.859176,0.023008849557522124,-0.16920129651971677,-1.2924808176097455,False
Dallas,48257050600,-96.200472,32.76492,0.03988737681839512,0.15946225671784492,1.0621520230681298,False
Dallas,48439111539,-97.050303,32.65779,0.304601752089417,0.17984720813964697,1.8894614738011408,False
Dallas,48113016520,-96.910401,32.687152,0.25986577181208054,0.35855963229569177,3.4239955260821504,True
Dallas,48439106102,-97.251107,32.675425,0.34681440443213296,0.11371961376487913,1.19725675246497,False
Dallas,48439106101,-97.256205,32.69117,0.420863309352518,0.1038531215015509,1.0608848828475663,False
Dallas,48113018503,-96.721745,32.906833,0.6395674063024427,0.3938648214303613,2.734160809510477,True
Dallas,48439102100,-97.370075,32.758636,0.08613804905875641,0.1659430612198246,1.7173170320780164,False
Dallas,48439101403,-97.244055,32.739876,0.2971239797901283,-0.017288129010712326,-0.16325915910974134,False
Dallas,48439101402,-97.262983,32.738369,0.13448631905007744,0.025149338101172064,0.24259698027090146,False
Dallas,48439101401,-97.249117,32.752827,0.24326361409459205,-0.0366791517423686,-0.34336334839449295,False
Dallas,48231961000,-96.094973,33.130469,0.13050570962479607,0.19907614995525302,1.0526833652762444,False
Dallas,48257050203,-96.422237,32.693666,0.2580004111560337,0.13327318169573352,0.9233632582236242,False
Dallas,48439103701,-97.278659,32.723094,0.14740018570102137,0.08878341263059611,0.8819774969365903,False
Dallas,48221160100,-97.793458,32.448499,0.012674007895283607,0.4644878840761602,4.505517738267014,True
Dallas,48121021624,-96.938879,33.02723,0.18004465859677987,0.42777757030973645,1.9371680790538173,False
Dallas,48439100700,-97.388779,32.768643,0.018120937561552097,0.18325117336477587,1.8857355335154784,False
Dallas,48439122801,-97.111741,32.715301,0.27702702702702703,0.07225714928903071,0.7096796219698585,False
Dallas,48439101302,-97.220314,32.730975,0.2999349381912817,-0.029408497677936997,-0.2854395018847668,False
Dallas,48439111405,-97.226567,32.636317,0.07192660550458715,0.115721356661008,1.2361219702074915,False
Dallas,48439123100,-97.310432,32.737812,0.3759650025733402,0.11584695782840115,1.1654502418284907,False
Dallas,48113019034,-96.727941,32.920104,0.3997790055248619,0.3770415652464384,2.527244580030269,True
Dallas,48439101301,-97.21555,32.741649,0.2588213895962168,-0.052498043114525376,-0.5049413591197539,False
Dallas,48113016616,-96.948956,32.566765,0.5324066843667031,0.1658251145092205,1.8462354304035784,False
Dallas,48113016611,-96.8406,32.581645,0.7022687094873306,0.21275371453843564,2.3215672653176123,True
Dallas,48113018121,-96.604863,32.919493,0.16776544066620402,0.37332087340055636,2.464274011379643,True
Dallas,48439113803,-97.246966,32.887002,0.04317726361814538,-0.19622325557430098,-1.5548953920680184,False
Dallas,48439103602,-97.232104,32.724836,0.5554150863885378,-0.0017218303594826456,-0.01671877032680306,False
Dallas,48439111103,-97.258776,32.668557,0.24893817838603113,0.13310130307795323,1.395150812339229,False
Dallas,48439122200,-97.106031,32.741733,0.1718377088305489,0.08159779571417086,0.7810581313938627,False
Dallas,48439105403,-97.379546,32.710471,0.045215729979302656,0.22906729460363257,2.3400230925851657,True
Dallas,48439113405,-97.20034,32.816032,0.1353426215524595,-0.17401446636250514,-1.4796256131438046,False
Dallas,48113016620,-96.84016,32.597045,0.6445147679324894,0.2541288559184091,2.8028877159012144,True
Dallas,48251130500,-97.234657,32.28005,0.016495368608044663,0.3471220421003625,3.551991117421066,True
Dallas,48439110102,-97.267243,32.808383,0.060957286971453105,-0.12081013415622183,-1.0695982673506703,False
Dallas,48439104604,-97.288264,32.711616,0.5098039215686274,0.12734642476887248,1.2773752786807293,False
Dallas,48439104605,-97.294013,32.696591,0.45467567014528343,0.15922387618719325,1.6108614050237031,False
Dallas,48439122002,-97.07107,32.731901,0.14981022549676268,0.17490019775985655,1.5945077223397786,False
Dallas,48113017807,-96.638918,32.812954,0.2547693374956642,0.3933295633205983,3.3354795150465493,True
Dallas,48397040505,-96.400394,32.889908,0.05408805031446541,0.2168085116749873,1.429126256548284,False
Dallas,48397040504,-96.48286,32.862705,0.044545820474976516,0.2242503957005663,1.46810332053473,False
Dallas,48113018104,-96.572632,32.793032,0.1424613745338306,0.30104659576177906,2.3386000353554226,True
Dallas,48397040506,-96.444301,32.855712,0.036014520443255635,0.2160122555245734,1.425130843003775,False
Dallas,48113017808,-96.605448,32.828795,0.1929654100272056,0.3554418959436388,2.8459087899517237,True
Dallas,48139060207,-96.778638,32.523855,0.15413274458396578,0.1576523494693854,1.698968155434766,False
Dallas,48113019026,-96.638047,32.937981,0.12052764727141309,0.41367315724910897,2.8009711271044373,True
Dallas,48113019027,-96.652238,32.954202,0.18572549019607842,0.41317015435736093,2.8045823399808336,True
Dallas,48113019018,-96.713062,32.925125,0.3224743067675005,0.3854432770522122,2.6260451316173965,True
Dallas,48231961502,-96.235894,32.946391,0.0256328099967959,0.19474749881421172,1.2437317523288733,False
Dallas,48113019203,-96.743622,32.956543,0.03866565579984837,0.3388362152946778,2.187476649927836,True
Dallas,48113006200,-96.834208,32.722801,0.2982145729451504,0.6149011346230677,6.228196487540815,True
Dallas,48257050300,-96.297862,32.746911,0.1192768255459028,0.16382139987017857,1.149123694404908,False
Dallas,48113014701,-96.926843,32.833172,0.04754765474405654,0.1869735040120187,0.9455018351982338,False
Dallas,48085031310,-96.517151,33.010029,0.10908543016423082,0.3881087142288207,2.183778723457263,True
Dallas,48113018300,-96.642267,32.886507,0.03891509433962264,0.39871289565582596,2.931345397944619,True
Dallas,48257050206,-96.457336,32.729049,0.14730857800805988,0.18305480667825802,1.2953242084958092,False
Dallas,48257050204,-96.406948,32.750861,0.3237674760853569,0.16874675844536435,1.165840217237815,False
Dallas,48257050205,-96.447399,32.770151,0.21275295914471173,0.19749761491053044,1.372746056608837,False
Dallas,48257050201,-96.473679,32.776107,0.20882211152177407,0.21218419563165394,1.4895480843063713,False
Dallas,48231960600,-95.904552,33.241131,0.25490659730432724,0.1913794754017238,0.8433751392185472,False
Dallas,48439121906,-97.071007,32.717527,0.1814148961008639,0.16922780919318717,1.5840506149650313,False
Dallas,48113018002,-96.637912,32.824955,0.1068090787716956,0.3918719043723931,3.2803958261231703,True
Dallas,48113018001,-96.644226,32.833992,0.16456368707663702,0.39413983172715455,3.3223026443709918,True
Dallas,48113011602,-96.663608,32.693533,0.09819560669456066,0.47187123050600865,4.548713385430965,True
Dallas,48113017900,-96.652733,32.820424,0.08758314855875832,0.39959803692406093,3.4174303104398747,True
Dallas,48113019042,-96.65782,32.971514,0.19234507897934386,0.40251005687908437,2.6977266481600957,True
Dallas,48113019043,-96.618991,32.972009,0.06390390390390391,0.42091422609114915,2.7553859896026753,True
Dallas,48113017703,-96.616048,32.783729,0.21677341873498798,0.36904842066852267,3.0483284695129615,True
Dallas,48113017702,-96.593526,32.77908,0.32664343227977405,0.333071461410964,2.6678068920467686,True
Dallas,48113004800,-96.818091,32.74528,0.05201137748882568,0.5848381284193999,5.3089278677217,True
Dallas,48113016903,-96.688133,32.59418,0.26448693621369146,0.354443847563202,3.4056111931048503,True
Dallas,48397040402,-96.374196,32.956388,0.07225484961736964,0.2440970992106254,1.6336820844986286,False
Dallas,48113014602,-96.938572,32.826333,0.045259062052017206,0.20186538375391538,1.040398636463523,False
Dallas,48113017812,-96.620983,32.817665,0.14150943396226415,0.37586623414579423,3.1039361091599598,True
Dallas,48113018403,-96.646114,32.861541,0.2702960840496657,0.39235768556286277,3.1350712958636358,True
Dallas,48113016001,-97.009806,32.735958,0.04065743944636678,0.24529543480074795,2.2996146218357523,True
Dallas,48113019016,-96.738718,32.918696,0.3508706928492034,0.3832857006242744,2.584040164088754,True
Dallas,48113018142,-96.561511,32.846109,0.18922369765066394,0.2937691503995439,2.175691244117428,True
Dallas,48113018140,-96.562369,32.918182,0.23618090452261306,0.32272768865502266,2.118046527634674,True
Dallas,48257051300,-96.197497,32.392263,0.024824162184526273,0.14756995548807036,1.4038738127141057,False
Dallas,48113011702,-96.641864,32.708321,0.08625525946704067,0.4189702955731448,3.725109822999476,True
Dallas,48257050701,-96.336243,32.652449,0.044516244839346616,0.10693066077814325,0.8270424663136363,False
Dallas,48257050704,-96.192095,32.641035,0.042222222222222223,0.1318297900728174,0.9243636377953699,False
Dallas,48439122100,-97.086843,32.728368,0.04369343891402715,0.13188414305985693,1.2386117735426125,False
Dallas,48397040200,-96.448334,32.948778,0.04294940796555436,0.25548904730206207,1.5772438483815852,False
Dallas,48113004201,-96.829226,32.755191,0.06287491668518107,0.5554447466319914,4.957268279950377,True
Dallas,48113005000,-96.831728,32.738215,0.03564064801178203,0.6077150215332702,5.7274102316878075,True
Dallas,48113010701,-96.905305,32.753731,0.11149197185639545,0.4165551740306846,4.069331653880761,True
Dallas,48113016605,-96.856336,32.638915,0.5598624156634475,0.3734208200831949,4.011188641820401,True
Dallas,48113018138,-96.582775,32.849763,0.3875626880641926,0.3282875726284021,2.533289002260869,True
Dallas,48397040101,-96.474995,32.942637,0.04803086748270356,0.2698227613518903,1.6672353086128002,False
Dallas,48113018132,-96.579,32.838948,0.1938985588620625,0.32349476643005104,2.5304231401995265,True
Dallas,48113018130,-96.627409,32.839759,0.41306266548984993,0.3805626057163885,3.103301275012561,True
Dallas,48113018135,-96.528654,32.886464,0.17580084909301427,0.2598235095616428,1.7303792934040243,False
Dallas,48113018134,-96.52494,32.901894,0.19371633752244166,0.2656817435020481,1.7213822828026175,False
Dallas,48113012207,-96.690854,32.784629,0.40488006617038874,0.42728611399898797,3.684331848506846,True
Dallas,48113012206,-96.708386,32.78661,0.3641821946169772,0.42377617411883767,3.5111073514461375,True
Dallas,48113012204,-96.705419,32.800374,0.1709853392430958,0.4089171620520606,3.3210639514181595,True
Dallas,48113013727,-96.839141,32.969457,0.23799472295514512,0.5440860877079996,3.0971767661930523,True
Dallas,48439111545,-97.158722,32.692655,0.06843354430379747,0.016071329737582407,0.16375925352601015,False
Dallas,48113018205,-96.617359,32.887456,0.14695752009184845,0.37476397303066733,2.7008260891293463,True
Dallas,48113018204,-96.625431,32.90022,0.13698934280639433,0.3920108618249559,2.760648589794591,True
Dallas,48113018206,-96.626778,32.885897,0.041914893617021276,0.38579534542091987,2.8268889193477675,True
Dallas,48113018129,-96.613795,32.844186,0.1978241563055062,0.36739553397686503,2.9768648395050676,True
Dallas,48113018120,-96.603206,32.931765,0.17736289381563594,0.3823816108730955,2.4894140387692403,True
Dallas,48113018122,-96.575979,32.971224,0.10533061462277891,0.40112321219876307,2.429982593240868,True
Dallas,48113018126,-96.631556,32.858577,0.15680301711633304,0.384164681509286,3.087140292176092,True
Dallas,48113018127,-96.638758,32.853602,0.0857843137254902,0.3887307362547962,3.1530449667964056,True
Dallas,48113005902,-96.818524,32.697295,0.5856246985045828,0.6159220483383694,6.328065069970863,True
Dallas,48085031202,-96.390438,33.001047,0.07433554817275748,0.2661162320810892,1.6924245045808943,False
Dallas,48231961600,-96.069979,32.89043,0.008332115187838036,0.15236171846597082,0.9150424969437987,False
Dallas,48113012100,-96.657375,32.767032,0.4313326551373347,0.4173605643492059,3.6181065912317725,True
Dallas,48113001400,-96.763047,32.806773,0.13591945513769618,0.37460612135028787,2.863035882845473,True
Dallas,48113017813,-96.61776,32.801307,0.36670056661339534,0.3716999030919557,3.074782873327343,True
Dallas,48113017500,-96.606357,32.756257,0.1867643212137065,0.3504297485708046,2.8267055266675887,True
Dallas,48113018118,-96.592711,32.860317,0.2292238445493468,0.3411974266885752,2.618436439926246,True
Dallas,48113018111,-96.618138,32.865885,0.21078645151911615,0.3728744393029775,2.9281621807219147,True
Dallas,48113018110,-96.606391,32.878697,0.09939148073022312,0.35971418787556664,2.67500945668921,True
Dallas,48113009605,-96.861397,32.912167,0.07000864304235091,0.551162430716226,3.2661182491263334,True
Dallas,48113018139,-96.579565,32.921338,0.18001681277771106,0.34301347327633475,2.2310279471212917,True
Dallas,48139060213,-96.799107,32.474771,0.06781863063531246,0.12559360612380585,1.374757796422674,False
Dallas,48439105406,-97.422152,32.700327,0.06793321819228555,0.26092117099300705,2.6545077419045913,True
Dallas,48439106503,-97.208488,32.751866,0.47601677913550977,-0.07127796817294982,-0.6814709176914328,False
Dallas,48439102700,-97.376391,32.740598,0.02348276913693199,0.1953350240556648,2.0105759380161055,True
Dallas,48113017805,-96.647567,32.788011,0.3008377760853008,0.40257179321583003,3.4702756044143537,True
Dallas,48113011500,-96.734812,32.754181,0.3735832606800349,0.49314429029501367,4.2337193670538635,True
Dallas,48113018900,-96.65595,32.922475,0.09822410812509823,0.4178005980927376,2.931229890918322,True
Dallas,48439113908,-97.168852,32.932434,0.022765598650927487,-0.045533388269017566,-0.2953560351179272,False
Dallas,48113019029,-96.666745,32.948802,0.19632183908045978,0.40796649524946677,2.75991255930718,True
Dallas,48231961501,-96.243603,32.877108,0.006289308176100629,0.19371630708028356,1.2598924788217487,False
Dallas,48113019208,-96.764762,32.931122,0.10316925151719487,0.39268572574665267,2.6201587490951357,True
Dallas,48085031311,-96.549092,32.994109,0.11360090767267055,0.39759742589528296,2.3117025186053555,True
Dallas,48113017804,-96.640842,32.797516,0.22960126749405863,0.39582713264744257,3.3608427289501566,True
Dallas,48439111526,-97.138745,32.702998,0.17040862146385272,0.030869059176090438,0.3130730009192076,False
Dallas,48257050800,-96.44732,32.5786,0.027219537013482575,0.12018245129306347,1.0499887988227572,False
Dallas,48113018105,-96.620335,32.921777,0.09523809523809523,0.39355682272820985,2.628108568194878,True
Dallas,48113009000,-96.675661,32.759286,0.21850549948973808,0.4443338269073397,3.9313273675868943,True
Dallas,48439106518,-97.053904,32.820775,0.389572773352643,0.22686932328076126,1.5998553553773815,False
Dallas,48113001502,-96.768087,32.794499,0.13299418604651161,0.39392069626388104,3.0459777746270262,True
Dallas,48113018801,-96.641124,32.924917,0.056162587412587416,0.4140959028226594,2.873363786516828,True
Dallas,48113019040,-96.726656,32.934952,0.32606199770378874,0.3664286978874222,2.409654479962591,True
Dallas,48139060900,-96.99763,32.335857,0.027777777777777776,0.22341914428859772,3.0066309429792955,True
Dallas,48113018700,-96.638732,32.900629,0.04345238095238095,0.40502432119144777,2.869821340250915,True
Dallas,48121021729,-97.039553,33.015499,0.061752988047808766,0.3442222610007223,1.348724595937853,False
Dallas,48113001600,-96.789209,32.797313,0.34223002633889377,0.38808042305090473,3.0312065030742716,True
Dallas,48439111547,-97.084544,32.637714,0.3231626258150282,0.14675513694110762,1.5779232480528478,False
Dallas,48113013010,-96.68299,32.868915,0.31805585163078237,0.39301733983537285,3.1406593857499767,True
Dallas,48113018401,-96.654341,32.872948,0.09230180007659901,0.39691148036402435,3.0787956192753456,True
Dallas,48085031507,-96.691401,33.107971,0.11196145124716553,0.19974699189650139,1.0543257006388733,False
Dallas,48085030100,-96.409875,33.304804,0.011298717785959122,0.37662465767334624,1.2306386830128635,False
Dallas,48113019019,-96.710006,32.915563,0.4479122733024041,0.3908569756123838,2.695297567080289,True
Dallas,48113010101,-96.849913,32.784766,0.3229433813375419,0.39998137985686855,3.5740224911315073,True
Dallas,48085030513,-96.698369,33.151631,0.13161251138779229,0.18982037534221477,0.8977531245618036,False
Dallas,48113019004,-96.696456,32.925963,0.1415708546890151,0.39661020294082927,2.730887278134211,True
Dallas,48397040102,-96.490215,32.955821,0.08272564255827854,0.29478216806872143,1.7635096634470586,False
Dallas,48113018137,-96.563856,32.858927,0.27117008443908325,0.3007029094519214,2.2176679414572904,True
Dallas,48113018128,-96.605743,32.853483,0.24945036360561473,0.35747578417740844,2.8246856431331464,True
Dallas,48113013607,-96.777407,32.956681,0.04918032786885246,0.3890255671043771,2.5732988351494908,True
Dallas,48113008400,-96.711291,32.772749,0.040666596792789014,0.44648665868169585,3.7287782933247047,True
Dallas,48113018203,-96.611428,32.900095,0.21308016877637131,0.37469461248337343,2.6297316545897886,True
Dallas,48257050400,-96.274951,32.750557,0.12070076001545794,0.16413910480767124,1.1405335202985623,False
Dallas,48113001302,-96.762264,32.800367,0.11004601226993865,0.383517839475242,2.949538532594306,True
Dallas,48257051202,-96.342319,32.486351,0.034125636672325974,0.1299466561256376,1.292091922155527,False
Dallas,48113018124,-96.529903,32.935026,0.1938617938489255,0.3088558285952158,1.9331481437241211,False
Dallas,48121021744,-97.012012,33.0387,0.04390372917217667,0.34981470795170866,1.3982525788057667,False
Dallas,48231961700,-96.055246,32.850044,0.005691924581999288,0.1497722535308537,0.9090707807464368,False
Dallas,48113016626,-96.937185,32.584513,0.5409444112372983,0.16033176473143881,1.6865436920144965,False
Dallas,48113013625,-96.820499,32.944368,0.32342657342657344,0.5331106692393142,3.463626906232754,True
Dallas,48113007819,-96.758311,32.865269,0.25978021978021976,0.38973063317466,2.9678483835778446,True
Dallas,48085030523,-96.742656,33.18911,0.1731327048585932,0.11604318922663662,0.4997034593790604,False
Dallas,48121021750,-97.093456,33.026191,0.029451921201482347,0.36524937517287875,1.584567337339683,False
Dallas,48113009101,-96.69112,32.755578,0.18688981868898186,0.4658559133101081,4.172606230950534,True
Dallas,48113009103,-96.703225,32.739882,0.19912112057127163,0.5033607160148466,4.691917991889536,True
Dallas,48113003700,-96.762535,32.762963,0.6875519822567231,0.4775372509200484,4.004739843810058,True
Dallas,48113003901,-96.745371,32.76015,0.70392840891855,0.47821985721869065,4.081091566155638,True
Dallas,48113001504,-96.773196,32.800611,0.18644747393744987,0.38169909301626553,2.9359888280073436,True
Dallas,48113011800,-96.647346,32.727246,0.2190008025682183,0.4256631579826385,3.802092894579263,True
Dallas,48113009303,-96.711187,32.724459,0.12185495806610755,0.5385452607867252,5.140744716715758,True
Dallas,48113009301,-96.693494,32.728553,0.03969912244045132,0.5057416539718816,4.852954421366935,True
Dallas,48113015700,-96.969189,32.754012,0.011604641856742696,0.25766111723636476,2.238147730601717,True
Dallas,48113009202,-96.67245,32.727563,0.06982829108748978,0.4708817733064625,4.36392352733538,True
Dallas,48113008500,-96.692734,32.770839,0.11568016614745587,0.44522123601299657,3.8373373769648498,True
Dallas,48113003800,-96.756063,32.75745,0.70392840891855,0.49032109705161364,4.194658391125722,True
Dallas,48113011101,-96.847652,32.658251,0.7402422611036339,0.46865045687200274,5.088628189586318,True
Dallas,48113012000,-96.656243,32.756103,0.3708161293156461,0.421776321843506,3.662612593391458,True
Dallas,48439111522,-97.089208,32.699211,0.11975293079541158,0.12328192429661539,1.1804785792250736,False
Dallas,48113009610,-96.883047,32.905062,0.027255029201817,0.47817286934808007,2.5753220805131187,True
Dallas,48085031308,-96.555621,33.038135,0.11230175739391342,0.43055633338051896,2.524291527609787,True
Dallas,48439113622,-97.133169,32.87379,0.04391072295002426,-0.054382096605519126,-0.37410234786944035,False
Dallas,48113017001,-96.571647,32.64806,0.1594406906906907,0.26953679723366797,2.2017948127476177,True
Dallas,48113018505,-96.714374,32.906484,0.5162538699690402,0.39562503716679004,2.768739187445257,True
Dallas,48113007102,-96.828818,32.843829,0.2777063039882375,0.3492145773769964,2.5882395884739555,True
Dallas,48439113514,-97.092231,32.83047,0.16978583831757668,0.09008909540016509,0.6649496917558086,False
Dallas,48113001101,-96.76597,32.814947,0.04328436516264428,0.36721383162143484,2.764936348658381,True
Dallas,48085030301,-96.689988,33.235524,0.11141277023629965,0.29540679870540903,1.1844297710198934,False
Dallas,48085030305,-96.769135,33.314882,0.05636356145193853,0.22470503252491733,0.8231893816502499,False
Dallas,48113017704,-96.607482,32.77736,0.16734629861982434,0.35596181296689633,2.9066276883102247,True
Dallas,48113013902,-96.881069,32.931894,0.016129032258064516,0.5520433864623633,2.824029506184867,True
Dallas,48113012301,-96.674172,32.817247,0.10172704296545915,0.40462281487406276,3.4212755539383752,True
Dallas,48113017003,-96.551914,32.665709,0.18247901678657075,0.2460100442669377,1.9187955523192701,False
Dallas,48113010102,-96.837451,32.782748,0.043673012318029114,0.42878533614294695,3.7147649843110933,True
Dallas,48439111551,-97.130708,32.605794,0.24153225806451614,0.11630477701800258,1.2142399717706749,False
Dallas,48113012800,-96.687195,32.855903,0.0407029331955033,0.38773515033261113,3.16506797025349,True
Dallas,48113010704,-96.908967,32.733312,0.2722243418542541,0.41240678430452926,4.256357005050477,True
Dallas,48113014312,-96.963604,32.869388,0.162602842183994,0.1232785720421862,0.5539411076327978,False
Dallas,48113017101,-96.596042,32.693065,0.13813262067813595,0.3209778255642042,2.6508240469278688,True
Dallas,48439113710,-97.095204,32.957115,0.05775488069414317,0.22103891373719206,1.1681977480586834,False
Dallas,48439121608,-97.189768,32.700669,0.073046875,0.00039727823453843125,0.0040548731975771305,False
Dallas,48439121606,-97.182727,32.714243,0.0813368825791186,-0.011042572903334893,-0.11377364974945138,False
Dallas,48439111514,-97.083223,32.661292,0.2505079825834543,0.1368946034699185,1.3955693778562046,False
Dallas,48113016509,-96.915621,32.63457,0.29503210544102737,0.2241435662106552,2.0995790602352757,True
Dallas,48113016502,-96.906615,32.667933,0.19194244604316546,0.3318049698124015,3.192265433258392,True
Dallas,48113016523,-96.989129,32.572351,0.31139240506329113,0.19331518061243708,2.3352228929013985,True
Dallas,48439113111,-97.101858,32.770405,0.40493794560338,0.08534205301722154,0.7883750540948996,False
Dallas,48439113114,-97.074183,32.784391,0.24284574164861475,0.16996287285490977,1.4355571760442825,False
Dallas,48113014902,-96.936593,32.810548,0.03226613306653327,0.2381207929434517,1.4231059136528548,False
Dallas,48439113629,-97.149366,32.844476,0.12021475256769375,-0.12060667588073204,-0.9303687070383166,False
Dallas,48439111524,-97.107276,32.698284,0.28641975308641976,0.08228989344100307,0.7957142336443352,False
Dallas,48439111523,-97.081206,32.687042,0.38952138830551564,0.1387747235039354,1.3619834488954508,False
Dallas,48113015401,-97.025212,32.768267,0.18740346662090268,0.280407614258847,2.2875202005297157,True
Dallas,48251130408,-97.110606,32.438997,0.0932247086727854,0.2738209486605834,3.5080678480247176,True
Dallas,48439111304,-97.122454,32.595686,0.09190311418685121,0.1371359772077196,1.4808074730610914,False
Dallas,48439111307,-97.144643,32.583264,0.22062146892655368,0.13977088225433698,1.5111593036508977,False
Dallas,48439111301,-97.207927,32.583556,0.07809764637230111,0.16347041365685222,1.7353963151359557,False
Dallas,48439111533,-97.148322,32.654004,0.11330438215554678,0.05009879450262947,0.5000777234553461,False
Dallas,48439111530,-97.151761,32.666639,0.10698125404007756,0.03847689774510635,0.38627275191226945,False
Dallas,48439111531,-97.178462,32.667636,0.0955288985823337,0.037194255191980524,0.3831438083968645,False
Dallas,48113016521,-96.944834,32.679029,0.3842699512445471,0.24443490812400254,2.132054657319012,True
Dallas,48439111313,-97.07733,32.576984,0.33733706408244046,0.19862303645135174,2.3443261525030903,True
Dallas,48439111310,-97.091067,32.606848,0.3770659396830806,0.16085238558766451,1.7856513320047351,False
Dallas,48439111311,-97.101513,32.597296,0.20693764067258044,0.15645256919216718,1.7212653073930342,False
Dallas,48439111549,-97.055652,32.594456,0.3735203502513378,0.20107560808468883,2.3528170579925973,True
Dallas,48439111548,-97.054418,32.63538,0.39155722326454034,0.18161468193037256,1.9990467428943648,True
Dallas,48439111544,-97.124191,32.638212,0.29376176391503095,0.08304481427335371,0.8243595422354253,False
Dallas,48439111543,-97.125498,32.649624,0.4342795641060137,0.07348740445338253,0.7305819773375747,False
Dallas,48439111541,-97.10936,32.651744,0.2831687936431495,0.09439287123703952,0.9419475985167557,False
Dallas,48113014405,-96.986451,32.830647,0.04631005448241704,0.238835558689636,1.3121565918204419,False
Dallas,48113016410,-97.023778,32.6635,0.21106941838649157,0.18814713916472334,2.1075955948634775,True
Dallas,48113016411,-97.026217,32.647943,0.25876299710579914,0.18960272286838306,2.156781203532342,True
Dallas,48113007909,-96.76478,32.853506,0.11748508490133089,0.3823309091336279,2.9285457589959085,True
Dallas,48113007903,-96.75641,32.850023,0.044137931034482755,0.38105709356463774,2.9129169404012294,True
Dallas,48439122900,-97.089256,32.713844,0.08886537952922507,0.12474104671516685,1.1836293978187222,False
Dallas,48113019301,-96.781723,32.855991,0.0022595222724338285,0.3980510449189568,3.028497448925069,True
Dallas,48439122700,-97.12325,32.713226,0.15834896810506566,0.04856698453009395,0.4803939198013659,False
Dallas,48439111552,-97.138905,32.693221,0.10376314333148866,0.034645363190911244,0.34963648784296303,False
Dallas,48439111553,-97.138687,32.685831,0.2913551401869159,0.036573924707303,0.36558215565040536,False
Dallas,48439113812,-97.243834,32.90324,0.04930215696936741,-0.21073048213231277,-1.5742868811071882,False
Dallas,48439111408,-97.185331,32.624335,0.19854132901134522,0.08805917603267531,0.9099988806995427,False
Dallas,48439111409,-97.151661,32.637213,0.1247084155750942,0.06766418523777169,0.6838799608123177,False
Dallas,48439121905,-97.074271,32.709803,0.37553211178974644,0.15787164347032692,1.514936370015685,False
Dallas,48439111406,-97.153862,32.606899,0.17129422301836095,0.10519137534265627,1.0936024588263973,False
Dallas,48439111407,-97.145286,32.634328,0.14227015921931177,0.073238376876511,0.739097838831669,False
Dallas,48439111404,-97.21243,32.656399,0.2416375949107326,0.07613100226640375,0.7984344988716386,False
Dallas,48113008801,-96.793587,32.716693,0.590725064409275,0.6193589822757557,6.083912716889847,True
Dallas,48439122600,-97.138598,32.714797,0.09481699828052076,0.02198727277674467,0.22088489570063313,False
Dallas,48439121903,-97.053056,32.722578,0.2965836711059641,0.20318254202350486,1.9230238994442073,False
Dallas,48439111542,-97.109009,32.635203,0.2981042654028436,0.10964844228930448,1.128533262335772,False
Dallas,48439113116,-97.065225,32.77956,0.5234090909090909,0.1992345177501087,1.6593056738033025,False
Dallas,48113014306,-96.982887,32.845649,0.04750752760120441,0.19015489212479225,0.9587134638938144,False
Dallas,48439111538,-97.050933,32.670001,0.37620477168589034,0.17908657727645833,1.867533644378437,False
Dallas,48113016517,-96.90171,32.639995,0.3237722729248153,0.26749127571559644,2.6087472195035253,True
Dallas,48439111306,-97.160287,32.576479,0.17068910765322323,0.14853525078159144,1.610745085087387,False
Dallas,48113010602,-96.910782,32.772318,0.19074960127591706,0.3627377041664323,3.153680582190875,True
Dallas,48113011001,-96.849657,32.681944,0.7302061547654616,0.535054014775096,5.749636599043811,True
Dallas,48439121703,-97.113538,32.751013,0.1633009708737864,0.059628330673157724,0.5765580961155551,False
Dallas,48113016510,-96.957281,32.647279,0.4138192862566439,0.1918136771275913,1.9724906311667587,True
Dallas,48439113633,-97.113708,32.88882,0.020974131903985085,0.03697834523828511,0.2409094849720809,False
Dallas,48113015305,-96.984313,32.810339,0.09349775784753363,0.27957431667904437,1.7370714358186505,False
Dallas,48113000601,-96.823158,32.824571,0.126604621309371,0.32729705629645506,2.496922962015878,True
Dallas,48113014205,-96.938029,32.853581,0.04727272727272727,0.14823879558832495,0.6692326686857787,False
Dallas,48113014203,-96.946111,32.84496,0.03458297006684104,0.14810805171671723,0.6798673501867333,False
Dallas,48439113509,-97.091656,32.845387,0.1020066889632107,0.0873571886667414,0.6067156408434542,False
Dallas,48113014901,-96.955718,32.810918,0.03226613306653327,0.25262103507652817,1.4958371798434973,False
Dallas,48439113917,-97.272708,32.866277,0.1383091149273448,-0.16445203404224434,-1.3753359368615363,False
Dallas,48113014702,-96.929388,32.825224,0.028561476837338905,0.19808929700692646,1.0460526798851624,False
Dallas,48113015100,-96.950212,32.79766,0.05151425178147268,0.27322718604620344,1.8351956951133679,False
Dallas,48113014136,-96.970347,32.904312,0.10008982420120621,0.21935102585847532,1.034914384125379,False
Dallas,48113014130,-96.950463,32.92034,0.11745419479267116,0.28762590340003846,1.269659756627827,False
Dallas,48113015303,-97.023589,32.8002,0.03852002027369488,0.2983936790960154,2.1366230244367204,True
Dallas,48349970200,-96.479649,32.119418,0.1767161410018553,0.2524539242056799,3.0964462421814756,True
Dallas,48113020100,-96.91105,32.815573,0.03789126853377265,0.2152665552418833,1.3704906606541172,False
Dallas,48497150602,-97.467065,33.085279,0.01600922131147541,0.3916531617209914,1.987610056685967,True
Dallas,48121021725,-97.063083,33.025247,0.026367461430575036,0.33659230857292,1.3963822810671536,False
Dallas,48085030201,-96.55433,33.262131,0.09603238866396761,0.5379818002557502,1.819610152582325,False
Dallas,48113014603,-96.946517,32.824145,0.04973544973544974,0.2114378149734514,1.103782603752666,False
Dallas,48113010903,-96.888608,32.668103,0.5766033254156769,0.3907389420593949,4.0065176834703955,True
Dallas,48113014115,-97.001377,32.848664,0.16717730118556015,0.24477027995373735,1.3105631199707326,False
Dallas,48121021620,-96.965977,33.00945,0.3223633065561026,0.42064698423094754,1.7987261792844793,False
Dallas,48113016606,-96.891068,32.631934,0.5249505928853755,0.2675631119999315,2.693181369651325,True
Dallas,48113014502,-96.95572,32.822515,0.05032143648858346,0.22490505346144682,1.209557546388591,False
Dallas,48121021737,-96.988387,32.993451,0.18602281988590058,0.3931046901259679,1.6841652676529408,False
Dallas,48113015206,-96.968501,32.805278,0.04518430439952437,0.2727457274206309,1.7280245782125483,False
Dallas,48113015204,-96.96899,32.790915,0.040545758784914405,0.278064006496693,1.941076595765964,False
Dallas,48113015205,-96.969468,32.812494,0.035400451920662816,0.2586418539875347,1.5354618061511949,False
Dallas,48113015202,-96.970255,32.82071,0.04539007092198582,0.24028841856091596,1.3456683488413836,False
Dallas,48439113922,-97.296934,32.915669,0.1011826544021025,-0.13356328221981753,-1.0501599342398957,False
Dallas,48113014307,-96.957841,32.854477,0.117831541218638,0.13054921492814903,0.5986450614355543,False
Dallas,48113014308,-96.95585,32.842466,0.13146198830409356,0.15938982918176206,0.7590696768549416,False
Dallas,48113014309,-96.989933,32.857179,0.2478,0.2008445228714701,1.015903900159403,False
Dallas,48113020700,-96.866492,32.96689,0.08420239474700657,0.5901896831785902,3.0401638199157173,True
Dallas,48113009609,-96.847388,32.902207,0.018530150753768845,0.5653352611849717,3.6609096197308713,True
Dallas,48113010601,-96.901554,32.78745,0.025812274368231046,0.32816746283460985,2.7789689694160025,True
Dallas,48113009603,-96.828772,32.917785,0.04535249214189493,0.5676931623862211,3.899558898489994,True
Dallas,48113015000,-96.933516,32.801877,0.03058252427184466,0.25918226833627134,1.7051909562682066,False
Dallas,48113016519,-96.934268,32.653576,0.1572807723250201,0.2306378294731293,2.1028791664471824,True
Dallas,48113014407,-97.000815,32.830634,0.17927119575169384,0.2724829837091929,1.588001283112815,False
Dallas,48121021753,-97.08106,33.007271,0.02373887240356083,0.3118610957085777,1.3211805074000287,False
Dallas,48113014310,-96.981861,32.858819,0.2998992950654582,0.16848813075092536,0.8210567263529417,False
Dallas,48439106517,-97.081829,32.817687,0.3595687331536388,0.1317630600362557,1.02169158033214,False
Dallas,48439113630,-97.144,32.846695,0.1183337755372778,-0.10537534754790079,-0.8015307153162056,False
Dallas,48113006800,-96.86457,32.754365,0.1189146049481245,0.5136979637595565,5.058515813346626,True
Dallas,48113014113,-97.001728,32.859969,0.3122394846532778,0.23185310844896329,1.1963306531098588,False
Dallas,48113006402,-96.873839,32.726559,0.006492189085007101,0.5363980825279119,5.706373933689079,True
Dallas,48439113928,-97.268655,32.963588,0.08841960683320457,-0.09635051873449392,-0.6186782582944474,False
Dallas,48121021515,-96.9108,33.140126,0.09875533751249205,0.08982936425568165,0.4051364287931723,False
Dallas,48439110101,-97.265383,32.830143,0.13976377952755906,-0.14648075644505032,-1.2755915424114694,False
Dallas,48439111203,-97.294097,32.59177,0.14986492250817574,0.24673163295407566,2.615846718161838,True
Dallas,48113010500,-96.879786,32.786911,0.25773195876288657,0.34962524323846145,3.15902747866894,True
Dallas,48439113519,-97.08925,32.873574,0.0854337631887456,0.1078471183525141,0.6862588973742687,False
Dallas,48439113510,-97.076243,32.846389,0.16215807767870635,0.14645503807074522,0.9764461146069306,False
Dallas,48113015404,-97.029146,32.748581,0.26293297345928923,0.2578318068830149,2.265071339655252,True
Dallas,48113006700,-96.883805,32.744181,0.019997059255991767,0.4885414538541476,5.094720580068759,True
Dallas,48113014116,-97.013947,32.84951,0.316703216374269,0.2689991330807471,1.4828639494503029,False
Dallas,48113019800,-96.812293,32.829323,0.009935968204901745,0.343814139350797,2.590523336174033,True
Dallas,48439113709,-97.089761,32.888287,0.033652976298172606,0.12792918314771534,0.7758533404457922,False
Dallas,48439113407,-97.159681,32.817177,0.17012667135819845,-0.12463179811391366,-1.0427883662316644,False
Dallas,48113016623,-96.871997,32.561916,0.6043000362362604,0.15874952915290233,1.6922920855337622,False
Dallas,48113000406,-96.852558,32.832267,0.07454690527755614,0.2647816946861026,1.9772805635368822,True
Dallas,48113017604,-96.618233,32.741296,0.1424817518248175,0.3678700408943169,3.0148474448718807,True
Dallas,48113017304,-96.558622,32.748833,0.32089033155576163,0.2679907132001994,2.028853035856875,True
Dallas,48113017602,-96.63866,32.769067,0.16624627379041504,0.3946043798740989,3.330900125617526,True
Dallas,48113017606,-96.627761,32.75566,0.206678180771445,0.3839761272305115,3.217678109186017,True
Dallas,48113013715,-96.876502,32.950238,0.03806672369546621,0.5886877953891686,2.9365265839634795,True
Dallas,48113017004,-96.575617,32.687164,0.11252517116391463,0.28143141284250994,2.236214264939283,True
Dallas,48113018600,-96.65653,32.90097,0.06231003039513678,0.4136207044224095,2.9939453497089836,True
Dallas,48113017201,-96.622701,32.726549,0.1772495213784301,0.38027508641248814,3.2249809157304057,True
Dallas,48113017202,-96.611331,32.723557,0.2948608137044968,0.35648201344676045,2.9410785255152407,True
Dallas,48113017605,-96.644524,32.754291,0.3004313625983253,0.4069778322698482,3.4979723586292812,True
Dallas,48113017303,-96.576522,32.755993,0.1931703629032258,0.2992086170271849,2.3306999838746267,True
Dallas,48113001301,-96.752936,32.806289,0.05082872928176796,0.37937792200009574,2.88748802305537,True
Dallas,48113011900,-96.648696,32.741777,0.2109500805152979,0.4183002155521893,3.6288429239893665,True
Dallas,48139060208,-96.811407,32.408521,0.09806852149919522,0.12027941196220662,1.3624447321731972,False
Dallas,48439113112,-97.10813,32.76672,0.18852844381758346,0.06817279324513385,0.6355113108680527,False
Dallas,48113012302,-96.67458,32.809687,0.3738260009886307,0.4068418698297045,3.4836643286279005,True
Dallas,48113017814,-96.604292,32.80291,0.157951872625294,0.35262211985813524,2.8547195392642926,True
Dallas,48113012400,-96.684046,32.828899,0.031031807602792862,0.3979002642095579,3.305898351984675,True
Dallas,48113006501,-96.888458,32.72941,0.012962962962962963,0.48441512712933626,5.216550782612154,True
Dallas,48113012500,-96.666447,32.829544,0.036223506743737956,0.39967703280556705,3.3790287222397546,True
Dallas,48113019202,-96.749753,32.944487,0.08718710224862113,0.3479194371704874,2.2442480655680552,True
Dallas,48113017306,-96.585263,32.72856,0.3305486284289277,0.30085126733579687,2.32393213308961,True
Dallas,48113017301,-96.597,32.712237,0.2446130912047703,0.3275874900168669,2.6716317383621813,True
Dallas,48085031003,-96.52948,33.193515,0.15754450174679754,0.5546877446922889,2.2091217657955076,True
Dallas,48113016701,-96.767854,32.660702,0.7161399548532731,0.5608551582965916,5.671324864555206,True
Dallas,48113000201,-96.757318,32.832512,0.007563819728963126,0.3727996082463177,2.8352295780051944,True
Dallas,48085031407,-96.585754,33.121891,0.019582089552238807,0.48535224038133057,2.3821261906308946,True
Dallas,48113017400,-96.589688,32.753701,0.15422535211267605,0.3208747856767159,2.5266630819001605,True
Dallas,48113017102,-96.639678,32.672277,0.14052718286655683,0.41052459314350853,3.7867611038119655,True
Dallas,48113009304,-96.703741,32.71601,0.5637872277374426,0.5378421560828655,5.243126043851906,True
Dallas,48113013620,-96.81508,32.964736,0.17276390008058018,0.48914460586157094,3.0855796372684527,True
Dallas,48113013621,-96.807037,32.959668,0.22654307031426635,0.4749174011343173,3.0621279686899983,True
Dallas,48113016518,-96.91792,32.654432,0.288785046728972,0.2685662942003881,2.471719021496401,True
Dallas,48085030801,-96.6339,33.174244,0.21654501216545013,0.4052784357135595,1.640620661603904,False
Dallas,48113019024,-96.689425,32.938696,0.17915465898174832,0.39713822354083583,2.687955078015258,True
Dallas,48113019025,-96.629716,32.946028,0.15309446254071662,0.413079585445003,2.7875207643029687,True
Dallas,48085031640,-96.742385,33.109893,0.1494240263302249,0.07045248960399715,0.3663129247588679,False
Dallas,48085031641,-96.742232,33.094609,0.0436092610212496,0.08336023196646518,0.45203790849061104,False
Dallas,48085031642,-96.743283,33.079734,0.05871886120996441,0.08938216526333227,0.48977192447776335,False
Dallas,48113019205,-96.762153,32.970419,0.02855274629468178,0.33973090625087443,2.2245839166264028,True
Dallas,48085032009,-96.661948,32.990867,0.08447280461865694,0.3819757302119726,2.487773086865595,True
Dallas,48113014135,-96.980847,32.973636,0.07028488251195675,0.37941967266063503,1.6982630611262999,False
Dallas,48085031505,-96.710303,33.09317,0.06762295081967214,0.15354423038336246,0.8518536780508035,False
Dallas,48113013611,-96.815436,32.977529,0.06996882577069623,0.46937723652831564,2.8898752091266005,True
Dallas,48085030516,-96.704402,33.164103,0.12803561791689153,0.1809216266797164,0.8228160803494377,False
Dallas,48113013009,-96.714455,32.888548,0.28082901554404144,0.39546700110542216,2.9356734725214557,True
Dallas,48113013606,-96.793803,32.957678,0.11280824438719175,0.4371895251053563,2.8807436760506437,True
Dallas,48113019700,-96.795121,32.833719,0.003560528992878942,0.3603636646329354,2.7112351615757087,True
Dallas,48085031635,-96.709331,33.064094,0.20654351212997996,0.18324775777276892,1.0825386604931344,False
Dallas,48085031631,-96.71647,33.076631,0.1482209124645274,0.1525737209455058,0.8763669283468308,False
Dallas,48085031630,-96.730317,33.078736,0.07657859381997313,0.11781666141949142,0.6632678351813804,False
Dallas,48113007815,-96.757642,32.876724,0.2137795275590551,0.39804241301486776,2.997972210421664,True
Dallas,48085030403,-96.811495,33.162633,0.07905982905982906,0.006176687581802093,0.02756452847772631,False
Dallas,48113016522,-96.961577,32.600787,0.33837837837837836,0.17675041142018458,1.944610995807869,False
Dallas,48121021717,-97.035948,33.049688,0.06417800662008091,0.31326951117868446,1.3527226806383523,False
Dallas,48113014119,-96.984961,32.962159,0.03566058002148228,0.3627871166639848,1.647212056672655,False
Dallas,48085031719,-96.775116,32.993916,0.06523005241700641,0.33836262754553503,2.188854209599766,True
Dallas,48113007902,-96.744262,32.84929,0.0353395913859746,0.3755944377430741,2.9102770458112257,True
Dallas,48113013617,-96.795896,32.981369,0.06738909583474433,0.4088624805619119,2.6060697482030784,True
Dallas,48113013004,-96.720574,32.871431,0.04021677124928694,0.38625708117891044,2.9826678444634878,True
Dallas,48121021732,-96.998724,33.013463,0.2753565768621236,0.38893213385731024,1.587622826221872,False
Dallas,48113019033,-96.692032,32.913581,0.06784260515603799,0.40238633765244536,2.8166075805723745,True
Dallas,48113016612,-96.884936,32.58642,0.7439874282590871,0.17678517297327748,1.8466808657162213,False
Dallas,48113007605,-96.810538,32.888718,0.009327115256495669,0.5281195720255651,3.855903077607384,True
Dallas,48121021740,-96.999831,33.022863,0.19961501443695862,0.3829180985006235,1.5392791517127469,False
Dallas,48439113108,-97.134207,32.7681,0.06591008293321693,-0.007605441916412603,-0.07160568368532562,False
Dallas,48439113634,-97.134422,32.895641,0.020456333595594022,-0.023444179218241157,-0.15494150166041273,False
Dallas,48439113906,-97.171327,32.956091,0.026888098062475288,0.05706788772041003,0.35710126136952497,False
Dallas,48439113909,-97.137451,32.928496,0.017048554282596835,0.04234097343244332,0.2707725307395012,False
Dallas,48439113918,-97.285168,32.870439,0.11065493646138808,-0.1509851740919092,-1.270014249709504,False
Dallas,48439113919,-97.280614,32.883422,0.06304846766572161,-0.16500660872941675,-1.3474071244237216,False
Dallas,48439113912,-97.202186,32.932855,0.020714500150105074,-0.1410098659788799,-0.923481651640407,False
Dallas,48439113624,-97.116323,32.855929,0.052244122536214674,-0.002099150989045048,-0.01450501094830816,False
Dallas,48439113627,-97.119778,32.848441,0.15150534153447717,-0.0181307451523944,-0.12922439656092374,False
Dallas,48113007302,-96.83675,32.858002,0.033426183844011144,0.4139020332950489,2.9085798792215196,True
Dallas,48121021406,-97.117136,33.148386,0.07814661134163209,0.4624729147559827,1.9373707335404207,False
Dallas,48439113611,-97.178102,32.87231,0.023043478260869565,-0.18454289790437714,-1.3779686819199288,False
Dallas,48121020305,-97.167828,33.005884,0.017964824120603014,0.34085322462770257,1.9633830142607442,True
Dallas,48121020113,-96.910468,33.175831,0.18803418803418803,0.033958317306275534,0.15267171577107927,False
Dallas,48439113218,-97.194068,32.869755,0.0351668169522092,-0.2041584686458639,-1.5601176307505846,False
Dallas,48113019400,-96.790446,32.846328,0.008158508158508158,0.38609461525824074,2.904573802793642,True
Dallas,48439103702,-97.264875,32.722864,0.323943661971831,0.0635482590364023,0.6135473323233264,False
Dallas,48439110301,-97.261608,32.794342,0.045715778474399164,-0.10224828819319974,-0.9222915320545317,False
Dallas,48121020204,-97.205334,33.38797,0.02052574720921858,0.5735097765992756,2.000823080335921,True
Dallas,48439113816,-97.236258,32.917947,0.020489573889392567,-0.20961606484022435,-1.489659381424317,False
Dallas,48439113815,-97.205254,32.916208,0.02232648438763954,-0.19524739251420936,-1.320471047722809,False
Dallas,48439113707,-97.109592,32.964193,0.009353564747453752,0.22039266603856056,1.175882235454089,False
Dallas,48113007201,-96.874625,32.859515,0.054397693013501114,0.3524700815304166,2.055211339727087,True
Dallas,48439113920,-97.267004,32.884872,0.08896602119108513,-0.17756796447372455,-1.439284481164335,False
Dallas,48439113927,-97.289067,32.963124,0.08715927385776939,-0.07149472299354104,-0.4814907555557342,False
Dallas,48439113301,-97.224505,32.816319,0.03729441741950429,-0.16731879078401407,-1.4527691876422104,False
Dallas,48439113520,-97.074324,32.871395,0.14684397827308485,0.16368943044827464,0.996550172088901,False
Dallas,48213950602,-96.141435,32.333459,0.018295870360690015,0.15280643848849357,1.463609573231515,False
Dallas,48439113113,-97.058978,32.795371,0.5400569337128914,0.21367372455066136,1.6932117313720039,False
Dallas,48439113516,-97.091254,32.858187,0.08481308411214954,0.09022226809196784,0.6013057120887125,False
Dallas,48439113221,-97.204184,32.853046,0.0802192326856004,-0.20503280748656535,-1.6317645016622295,False
Dallas,48217960100,-97.171727,32.167444,0.056185080264400375,0.340730729982281,4.124620871919299,True
Dallas,48439100800,-97.359431,32.776292,0.010682600036212204,0.12913230799784506,1.3287415799701827,False
Dallas,48121020115,-96.978884,33.166653,0.053801006148686416,0.1387065277783775,0.687919161239535,False
Dallas,48439113809,-97.252348,32.866041,0.028957937011202705,-0.18040586585718663,-1.4967203709906094,False
Dallas,48121021749,-97.101244,33.053799,0.019420376456528235,0.4114161178777466,1.819303048475877,False
Dallas,48121021746,-97.103951,33.062059,0.013745704467353952,0.42059311620718426,1.8593800826813058,False
Dallas,48439102402,-97.429799,32.710635,0.03941730934018852,0.2584899831774843,2.6432718617760362,True
Dallas,48221160301,-97.836889,32.390048,0.0041390728476821195,0.4782643317569327,4.598360371049817,True
Dallas,48439113808,-97.247232,32.875256,0.046064959400374764,-0.19073554756674535,-1.5463781034879285,False
Dallas,48439105513,-97.414056,32.672161,0.36236702127659576,0.27641694583973375,2.78085367220882,True
Dallas,48439113302,-97.233304,32.804285,0.054223877123574585,-0.15037142161747954,-1.3257065287589658,False
Dallas,48367140408,-97.588446,32.892042,0.009621993127147767,0.3519753006362982,3.3173858019224367,True
Dallas,48439110600,-97.416621,32.758392,0.04758220502901354,0.22349689317598992,2.302973395239268,True
Dallas,48113014138,-96.935336,32.901599,0.08785977061242155,0.26045415705496033,1.1268638813333125,False
Dallas,48113014123,-96.964616,32.978391,0.02743022136669875,0.4041643403846611,1.8079617479293681,False
Dallas,48257051201,-96.209558,32.493034,0.05239717055279015,0.1258691306588535,1.05229705143897,False
Dallas,48113009604,-96.811206,32.920317,0.09523809523809523,0.5432805662973788,3.794294985447883,True
Dallas,48213950500,-96.012445,32.316235,0.009332872450743173,0.12827015439851663,1.083585838833766,False
Dallas,48439113210,-97.203164,32.882713,0.03463657832589871,-0.2147583592668852,-1.594115986885917,False
Dallas,48113009105,-96.691826,32.738156,0.06463595839524518,0.4911703400922499,4.611599115325624,True
Dallas,48113013005,-96.704746,32.87582,0.02211874272409779,0.3917050254199922,3.039167304294709,True
Dallas,48113019041,-96.727127,32.928968,0.12103258569614897,0.3701823070760962,2.4542057738392464,True
Dallas,48113009201,-96.671783,32.741296,0.1483375959079284,0.4575922363049584,4.1781777870858745,True
Dallas,48121021733,-96.998154,33.006691,0.2527743526510481,0.3927402021750618,1.6052877583193803,False
Dallas,48439113216,-97.228839,32.851973,0.09166666666666666,-0.196493459997749,-1.6152134700951093,False
Dallas,48439111312,-97.113015,32.582019,0.05996523754345307,0.16146959644700565,1.7980795076390321,False
Dallas,48113014121,-96.950961,32.958078,0.1690450054884742,0.39494980996630885,1.7963038974064498,False
Dallas,48439113215,-97.218801,32.869784,0.0453395191902151,-0.21004168142185958,-1.6520435933083204,False
Dallas,48251130210,-97.349644,32.442955,0.010926206085056312,0.33690160159656185,3.429818698296602,True
Dallas,48113000900,-96.779706,32.81225,0.06274292059966685,0.36382510958216885,2.770617366609883,True
Dallas,48113003400,-96.777955,32.761393,0.6670301708469647,0.4939015692669263,4.154998051649989,True
Dallas,48439113404,-97.174559,32.830096,0.10498220640569395,-0.16217875936211698,-1.329670512179428,False
Dallas,48121021752,-97.085268,33.025318,0.027829313543599257,0.3564212522829589,1.4978937537124302,False
Dallas,48439113513,-97.07749,32.828933,0.1389059618930547,0.14224128786223042,1.0367514165054268,False
Dallas,48113009802,-96.860265,32.871256,0.017735578645646722,0.4668170835619649,2.7873761107492983,True
Dallas,48113006900,-96.868094,32.760171,0.120157215047726,0.4831687681950155,4.70859518529382,True
Dallas,48113000800,-96.784411,32.808689,0.18677494199535963,0.36695122286337917,2.7879497857451057,True
Dallas,48113009701,-96.877128,32.889875,0.029732620320855614,0.4651511236900402,2.5774696979467517,True
Dallas,48113004000,-96.767739,32.753473,0.6670301708469647,0.5110315755867484,4.400265556349953,True
Dallas,48439113104,-97.090748,32.778575,0.42098672677185073,0.11740552908308645,1.0436837882376722,False
Dallas,48439121604,-97.13777,32.747392,0.2343052662897947,0.006619078615444779,0.0657511389019691,False
Dallas,48439113107,-97.119411,32.771708,0.056451612903225805,0.032610973788422266,0.304912573825162,False
Dallas,48439121605,-97.125499,32.748366,0.0676132521974307,0.031085417354950753,0.3045032535995577,False
Dallas,48439113115,-97.067943,32.771914,0.2801418439716312,0.19117568268897586,1.627331681948323,False
Dallas,48439113518,-97.070212,32.857786,0.2791542781631979,0.17118715926479164,1.0740281510981007,False
Dallas,48439122802,-97.103197,32.71181,0.14983642311886586,0.09064725773250815,0.8715332652387819,False
Dallas,48113011103,-96.831355,32.667872,0.3599290780141844,0.5365944637612747,5.624753036215851,True
Dallas,48439113213,-97.224251,32.831533,0.06550449022715267,-0.18142911832878986,-1.5419066921465048,False
Dallas,48439122500,-97.140519,32.728604,0.11206896551724138,0.012823498439308759,0.12922289830442285,False
Dallas,48113019014,-96.675126,32.923804,0.10284766380978712,0.4133584297309745,2.9086922049160946,True
Dallas,48439106300,-97.237154,32.715814,0.6281902552204176,0.026812974258645747,0.26507307669273067,False
Dallas,48113016607,-96.884721,32.653563,0.8237716167993412,0.3567883089269956,3.683045030942363,True
Dallas,48439102201,-97.396528,32.749576,0.01720676799541153,0.20907250494278393,2.150011929991009,True
Dallas,48439121704,-97.103806,32.749586,0.1415481832543444,0.08599978363327311,0.8054714325421488,False
Dallas,48113005600,-96.820695,32.713229,0.16794871794871793,0.6317512043418213,6.288202209427715,True
Dallas,48139060803,-97.051484,32.479249,0.08512874408828167,0.23460144283786177,3.0129878287775544,True
Dallas,48113002000,-96.816744,32.756265,0.19542219657626467,0.5457554427140636,4.77646258491277,True
Dallas,48251130409,-97.246656,32.396035,0.016233766233766232,0.32096218863933945,3.2899195484671795,True
Dallas,48139060702,-96.969931,32.493748,0.08925818057221176,0.18149566546794257,2.2043012529219195,True
Dallas,48113006302,-96.84704,32.724656,0.02583293095123129,0.5977970330662707,6.18294255219748,True
Dallas,48113006301,-96.846947,32.714592,0.061457418788410885,0.5918871635598014,6.273341484204721,True
Dallas,48121021636,-96.848465,32.992539,0.37071869736103313,0.5304123199999237,2.8096378318732644,True
Dallas,48113016615,-96.932762,32.576478,0.603366524419156,0.15769728311090134,1.6721533487024938,False
Dallas,48113010803,-96.877181,32.698792,0.32032691800685476,0.49661171562226997,5.282153067660065,True
Dallas,48113010804,-96.865784,32.712403,0.3089151450053706,0.5526403244958599,5.840023683027067,True
Dallas,48113016617,-96.886874,32.612988,0.6501993797075765,0.22196565199429763,2.260624890795978,True
Dallas,48113016625,-96.922364,32.599625,0.6581621850518738,0.16487100075822442,1.6567882989823657,False
Dallas,48113016624,-96.919541,32.576981,0.6428987194412107,0.15374679895139404,1.596970128940203,False
Dallas,48113016514,-96.94672,32.614837,0.47843137254901963,0.17372115669923383,1.7888482488620294,False
Dallas,48113006502,-96.884537,32.724868,0.013110181311018132,0.4985527355282887,5.355932271574276,True
Dallas,48139060214,-96.929362,32.500916,0.0930454387790496,0.15343564375779584,1.7342504836259078,False
Dallas,48113007812,-96.744719,32.89265,0.019613947696139476,0.4010033942800754,2.884390510624582,True
Dallas,48113007821,-96.755213,32.872257,0.2061050061050061,0.3952572687052052,2.9767887320470066,True
Dallas,48113007805,-96.75573,32.902649,0.19472868217054262,0.41438002115963485,2.884954648841493,True
Dallas,48113007809,-96.743045,32.859171,0.1794871794871795,0.379303559688116,2.9261360717554417,True
Dallas,48113013500,-96.829913,32.902171,0.01600312256049961,0.5698181467005228,3.9586975549853216,True
Dallas,48113007601,-96.832435,32.887237,0.02164730728616684,0.5426924323240779,3.8502586384733704,True
Dallas,48113007604,-96.794597,32.887271,0.01299545159194282,0.4827268507361115,3.5951576123595617,True
Dallas,48113012900,-96.707863,32.854102,0.060894780447390225,0.38246903784119873,3.072108921865557,True
Dallas,48113007910,-96.762151,32.856532,0.1195394514053505,0.3857607151545267,2.9471169172667073,True
Dallas,48113013105,-96.773041,32.89297,0.24196044711951847,0.4389174253942211,3.2267421891748294,True
Dallas,48113009500,-96.847344,32.888629,0.010947368421052631,0.5484949421649222,3.5796571998964066,True
Dallas,48113004900,-96.806134,32.735967,0.4438435190192897,0.6026338480558963,5.575672739300432,True
Dallas,48113011401,-96.769124,32.674468,0.7610783487784331,0.5828475612826369,6.049136959820907,True
Dallas,48113005100,-96.842802,32.73658,0.028616228929831438,0.6049562259979676,5.83461389890996,True
Dallas,48113005400,-96.816998,32.726264,0.2624953720844132,0.626297618681809,6.028235869829958,True
Dallas,48113019023,-96.689666,32.953692,0.10640413683373111,0.39154390214134116,2.6000851137230705,True
Dallas,48349970300,-96.520724,32.09045,0.09435874338475397,0.25606829052733887,3.0823815440395808,True
Dallas,48113005200,-96.850863,32.740034,0.024191557640088866,0.5910466885189034,5.722687613412666,True
Dallas,48439111521,-97.070745,32.698708,0.2834707942605355,0.1609296899204073,1.5772897614942452,False
Dallas,48113011105,-96.826992,32.652258,0.511426153195091,0.4891420040243942,5.180555853196268,True
Dallas,48113005500,-96.802362,32.723272,0.3703434929850024,0.6178836212514395,6.009026740550406,True
Dallas,48113009104,-96.692248,32.745606,0.11391328988381978,0.4820568593224719,4.377516681239765,True
Dallas,48113010805,-96.881302,32.709966,0.2551093581929007,0.49987233972773015,5.3009406465026805,True
Dallas,48113017806,-96.656472,32.800837,0.13618974751338944,0.4056982979421247,3.491963276322315,True
Dallas,48113006001,-96.836347,32.707551,0.18786279683377308,0.6086962930665091,6.304113032047098,True
Dallas,48257050703,-96.204067,32.581388,0.012195121951219513,0.12650090633350825,0.9630899603164782,False
Dallas,48113006100,-96.846939,32.698984,0.4595744680851064,0.5747096181788737,6.134120738124622,True
Dallas,48113011601,-96.692063,32.706215,0.43477292965271597,0.5251682514999769,5.191722208488113,True
Dallas,48113005300,-96.860634,32.734157,0.01383188934488524,0.5786692737942919,5.8299962093517514,True
Dallas,48113012211,-96.688681,32.803587,0.3319299800576113,0.41005795530111805,3.455590054600047,True
Dallas,48467951000,-95.972861,32.435078,0.00688879516378462,0.10578550712898173,0.7543092362196593,False
Dallas,48113016513,-96.935404,32.632239,0.36075829383886254,0.1954537741300855,1.9182812634586897,False
Dallas,48113013011,-96.689437,32.875955,0.3153954141319607,0.39416146560525,3.1140040316025224,True
Dallas,48113002701,-96.741678,32.773691,0.6528356586338104,0.44184621556294457,3.558289517905496,True
Dallas,48113016516,-96.8996,32.655776,0.24942345219088166,0.3192360098815526,3.1096482289504466,True
Dallas,48121021727,-97.050972,33.00593,0.03845439346089541,0.32490069448622916,1.3075378447351944,False
Dallas,48121021720,-97.053002,33.0663,0.059303420144336365,0.3235505975200581,1.4683921922869843,False
Dallas,48251130204,-97.349383,32.541352,0.0410363257541444,0.3091782634819116,3.2717890369939333,True
Dallas,48121021527,-96.874934,33.159527,0.059759358288770055,0.027752508389648753,0.12197306031931927,False
Dallas,48121020112,-96.887681,33.172727,0.1397179403082978,0.004357364359622511,0.018412420394223444,False
Dallas,48121021615,-96.878662,32.995559,0.06308610400682012,0.5626793661863807,2.7655772518547312,True
Dallas,48121021612,-96.90468,33.005149,0.06896551724137931,0.5202670717035021,2.4637403733112944,True
Dallas,48113019502,-96.808108,32.843874,0.0042629571460623735,0.369344230907103,2.799768016017915,True
Dallas,48121021748,-97.080398,33.043822,0.022096850023507288,0.37324794610735845,1.6179115346418396,False
Dallas,48113013623,-96.808115,32.941851,0.25092764378478666,0.5052675191078636,3.396856599702938,True
Dallas,48085030524,-96.737737,33.210594,0.12080088987764183,0.15589295817846577,0.6485878513541268,False
Dallas,48113012209,-96.706958,32.809847,0.15754437869822485,0.40183338917559525,3.206450865364492,True
Dallas,48113012208,-96.722223,32.798563,0.375098814229249,0.40266704285335997,3.178696096473262,True
Dallas,48113016704,-96.774439,32.618308,0.6472686733556299,0.41657824655585257,4.144791048930275,True
Dallas,48113008704,-96.777721,32.695959,0.6948332909137185,0.6107497398648639,6.219957795108474,True
Dallas,48113019039,-96.708822,32.943468,0.1080835603996367,0.38207281414652283,2.5450767854496226,True
Dallas,48113005700,-96.800627,32.699893,0.3859109018471568,0.6267950649400843,6.299263443487264,True
Dallas,48113019032,-96.692625,32.920005,0.05495537811178957,0.40204694839877925,2.8042232857483875,True
Dallas,48113010801,-96.900179,32.715466,0.13865455332035476,0.4352877479250727,4.626016609226255,True
Dallas,48113016618,-96.864168,32.607521,0.6434782608695652,0.251251808946722,2.7305236972170674,True
Dallas,48113005901,-96.80806,32.694243,0.47755960729312763,0.6200625839648004,6.297881096345972,True
Dallas,48113016621,-96.843067,32.568102,0.566005291005291,0.18404697717032298,1.9879255258001858,True
Dallas,48113011300,-96.799209,32.671914,0.7749676942957356,0.5836165458944022,5.9469376337743975,True
Dallas,48113011002,-96.833499,32.682434,0.6511777992900936,0.5705897997221259,6.003599491469662,True
Dallas,48439111534,-97.179171,32.655318,0.12218599596335973,0.04810064601756443,0.4923040649354571,False
Dallas,48439106512,-97.191332,32.754611,0.561672620298382,-0.07423256230477537,-0.7133901236774141,False
Dallas,48251130215,-97.382687,32.534016,0.04478646699944537,0.32265603595881626,3.372811543727134,True
Dallas,48113013713,-96.90036,32.946887,0.04052767577859377,0.53885308399856,2.538479331619973,True
Dallas,48113019206,-96.750911,32.97408,0.04904458598726115,0.3231721827503835,2.0962065555054292,True
Dallas,48113013609,-96.77392,32.945937,0.13448534936138243,0.3927118687302095,2.605949349579276,True
Dallas,48113019600,-96.787423,32.831348,0.009286618826509076,0.36098234601943985,2.716874820219049,True
Dallas,48121021635,-96.848208,33.003613,0.4331868131868132,0.5078942255323841,2.6584976300137466,True
Dallas,48113013615,-96.809581,32.936214,0.2180900766211923,0.518393658049602,3.521608525126481,True
Dallas,48113013619,-96.793266,32.969833,0.03398596231991134,0.4180902210468532,2.7167320690085113,True
Dallas,48121021613,-96.892057,33.003701,0.141064706936727,0.5406271580464788,2.6157086904995643,True
Dallas,48113013101,-96.778499,32.902618,0.01886108088501995,0.4627661754759032,3.3366720638313034,True
Dallas,48113007811,-96.7244,32.89972,0.5647748835604623,0.3966391555559992,2.799854240962363,True
Dallas,48121021517,-96.911169,33.064642,0.20085182694463125,0.3227122207611926,1.577643765856242,False
Dallas,48113013718,-96.890428,32.960922,0.05001091941471937,0.5777243258961047,2.7462870548433296,True
Dallas,48085030701,-96.622512,33.215957,0.10883140053523639,0.45701888110211497,1.697613908158864,False
Dallas,48085030302,-96.75221,33.250913,0.06073640743289745,0.17701259031118224,0.6946635927143289,False
Dallas,48085030304,-96.799989,33.242901,0.05656590994606798,0.07009972636702927,0.2764643656287455,False
Dallas,48439111402,-97.171107,32.643135,0.13995037220843673,0.05825193371839604,0.5911397997849336,False
Dallas,48085030526,-96.714088,33.21097,0.10998759305210919,0.21161495083390572,0.8883435292399561,False
Dallas,48085030528,-96.672689,33.180858,0.06554307116104868,0.28548846653168547,1.234481913082323,False
Dallas,48251130302,-97.420121,32.364289,0.0386058981233244,0.37669306409555653,3.71460549179692,True
Dallas,48367140407,-97.618146,32.825365,0.012997696610727213,0.39528877640352333,3.7582894315853808,True
Dallas,48439110703,-97.468451,32.749714,0.07787580590430947,0.27189462896248834,2.7920733882662585,True
Dallas,48121021626,-96.850942,33.066429,0.0447822514379622,0.24458496539834418,1.2043613243606714,False
Dallas,48085031704,-96.837695,32.991556,0.17213793103448277,0.5049476674104056,2.805334826894256,True
Dallas,48121021520,-96.88169,33.090357,0.07003118797845194,0.19950009270610564,0.9801918132104849,False
Dallas,48439114206,-97.515311,32.838862,0.010774873911049978,0.2853951012130618,2.86959780128841,True
Dallas,48221160208,-97.823477,32.497956,0.008805222407772886,0.4613452570864678,4.4930912467915265,True
Dallas,48251130212,-97.465295,32.51565,0.014775815217391304,0.3517179334783534,3.5908067381380935,True
Dallas,48497150300,-97.692661,33.373664,0.005635566687539136,0.7102238910806243,2.6901467700701858,True
Dallas,48439110809,-97.496688,32.666522,0.030543435144783818,0.3230534474496562,3.2342889917475883,True
Dallas,48221160205,-97.755096,32.393687,0.00575742067553736,0.4622575935597697,4.50424596246895,True
Dallas,48221160209,-97.736787,32.484578,0.020979765708200215,0.44400605509754915,4.361929767924113,True
Dallas,48439113212,-97.242427,32.830131,0.05526134008749712,-0.16818938539241024,-1.4498983225698983,False
Dallas,48221160210,-97.667093,32.363076,0.0018223989396951624,0.44662746590613095,4.341598726108073,True
Dallas,48143950700,-98.070978,32.079074,0.0005186721991701245,0.5274322641032413,4.691378622969928,True
Dallas,48113001102,-96.757382,32.818243,0.012474012474012475,0.3714183421489997,2.7894326468470925,True
Dallas,48113013102,-96.781479,32.887675,0.021784232365145227,0.4510596156224056,3.3529644750646095,True
Dallas,48113009401,-96.851915,32.870644,0.02122168052767422,0.47612327499149554,3.0556299216458984,True
Dallas,48113009402,-96.843044,32.871017,0.015037593984962405,0.48528820282498886,3.283024721600281,True
Dallas,48113007818,-96.756508,32.867199,0.3139831339478329,0.3919610467393607,2.971411032136606,True
Dallas,48113013805,-96.853287,32.937078,0.17971226530114606,0.5794615107739656,3.3289421421041028,True
Dallas,48221160204,-97.681695,32.420796,0.005827505827505828,0.4386672961248127,4.312853950198479,True
Dallas,48439113625,-97.14605,32.863517,0.030049118751805836,-0.10915112176274064,-0.7970663817705572,False
Dallas,48439106515,-97.227181,32.769527,0.5320366132723112,-0.10147530434362156,-0.9263139816433781,False
Dallas,48221160207,-97.704702,32.426365,0.0038547624968913205,0.44471232209734735,4.36560636948323,True
Dallas,48439105510,-97.399794,32.634975,0.38679579544112436,0.2903647460011405,2.9407454999420697,True
Dallas,48251130601,-97.383618,32.280943,0.015682656826568265,0.39439871484170824,3.662163009997877,True
Dallas,48251131100,-97.401181,32.346246,0.027267668336115748,0.37538461484882557,3.65582747067756,True
Dallas,48439111013,-97.335162,32.589376,0.3414752116082225,0.2814635294645629,2.9477188106023045,True
Dallas,48221160302,-97.926831,32.468979,0.005978385835824327,0.4796835219623064,4.524128975963671,True
Dallas,48251130100,-97.535671,32.430346,0.0166048401342519,0.3943151792234981,3.965633025797434,True
Dallas,48085030601,-96.654868,33.173156,0.12716495322774846,0.33747188072388573,1.411575595430502,False
Dallas,48085030529,-96.725946,33.181609,0.10134770889487871,0.14539667919962018,0.6445352942011173,False
Dallas,48085030802,-96.625558,33.191384,0.13280865715691098,0.4327593828736554,1.7011335991907843,False
Dallas,48085030517,-96.720903,33.162521,0.13204373423044574,0.13732143836262967,0.6267433889704641,False
Dallas,48085030515,-96.6891,33.16662,0.1336126629422719,0.2246962757641282,1.0067021181009657,False
Dallas,48085030202,-96.646655,33.339525,0.08085106382978724,0.4121421206085964,1.4308968258197727,False
Dallas,48147950500,-96.016424,33.516131,0.08896658896658896,0.2610669249784675,0.8693582731513135,False
Dallas,48085030522,-96.7577,33.183993,0.10751961049499595,0.08075129261281963,0.34882507065323953,False
Dallas,48439121601,-97.151214,32.744488,0.13216925822074943,-0.017298395090766902,-0.17217292732563244,False
Dallas,48439111202,-97.285134,32.630604,0.19548261293467664,0.19873708112593377,2.099104288206551,True
Dallas,48439111012,-97.363181,32.625707,0.41163117500810725,0.27715387989837575,2.8478895795250443,True
Dallas,48121021715,-97.035597,33.062181,0.10779330792037273,0.30001628156694515,1.3380186803591574,False
Dallas,48113004500,-96.86614,32.744471,0.03494176372712146,0.5352397854281734,5.514472375268005,True
Dallas,48113004600,-96.843046,32.746732,0.10974960042621204,0.5764941405185323,5.499241911369097,True
Dallas,48113007202,-96.86622,32.862428,0.03424251408241921,0.3993345250862104,2.3509997504271607,True
Dallas,48113013007,-96.694157,32.871303,0.09116809116809117,0.3903510867351015,3.109401914052069,True
Dallas,48113004202,-96.846049,32.751742,0.05222270176952956,0.5602481623814557,5.263608144698666,True
Dallas,48113006401,-96.863838,32.726384,0.006802721088435374,0.5687823952624967,5.925629591323031,True
Dallas,48121021731,-97.011745,33.01135,0.1192952050837666,0.37617963336540655,1.5195647712942086,False
Dallas,48113019020,-96.673033,32.939495,0.143646408839779,0.40845618255398936,2.798009660479113,True
Dallas,48085031806,-96.734724,32.999169,0.07416462917685411,0.28966259174490827,1.8558639782502604,False
Dallas,48085030604,-96.639854,33.241186,0.19564569042648375,0.42446274067446893,1.5794282472487684,False
Dallas,48181001802,-96.465317,33.479004,0.011821278300941694,0.3295092673519159,0.9705049667704182,False
Dallas,48085030518,-96.741328,33.169755,0.05903714463581656,0.10017292131920012,0.45084404455567434,False
Dallas,48085030514,-96.674046,33.163355,0.13133235724743778,0.2666908399816515,1.2248009698884583,False
Dallas,48085030900,-96.608632,33.190086,0.15508709422011085,0.48182686759271826,1.835920435318269,False
Dallas,48121020104,-96.896087,33.312713,0.12087223510245003,0.10112363981242373,0.4049497839069149,False
Dallas,48181001803,-96.587534,33.428062,0.025782937365010798,0.4141271203755414,1.3120311912883527,False
Dallas,48085030527,-96.684478,33.204506,0.13266583229036297,0.2773192758299348,1.1471712385101687,False
Dallas,48085030525,-96.72338,33.195647,0.049949715051961115,0.16940569437055208,0.7375149728214084,False
Dallas,48121021518,-96.899364,33.080068,0.09153952843273232,0.25408168062280245,1.2430453703372846,False
Dallas,48439113623,-97.118836,32.862801,0.02784090909090909,-0.006889075987471944,-0.04678696059412843,False
Dallas,48367140409,-97.633407,32.91734,0.005905976848570754,0.39268254578863754,3.5104082851584333,True
Dallas,48113014114,-96.994231,32.861039,0.31295843520782396,0.21126629894706564,1.0747012526652426,False
Dallas,48439111018,-97.399896,32.566378,0.10378619153674833,0.3206009218874789,3.293150798821059,True
Dallas,48439104804,-97.353867,32.689344,0.02089337175792507,0.22650471304968275,2.328121288225704,True
Dallas,48439111011,-97.378816,32.616235,0.4223738301408204,0.28923116969515383,2.973914259544006,True
Dallas,48439111016,-97.336178,32.562601,0.0962789921575171,0.2942054606455242,3.121513502472303,True
Dallas,48121021633,-96.877862,33.017861,0.04904951889227881,0.5073813548152731,2.522631347171927,True
Dallas,48121021628,-96.876031,33.031984,0.10114766641162969,0.44418016014618644,2.2542615485477278,True
Dallas,48121021629,-96.894171,33.033724,0.06403595000702149,0.4445283334198442,2.191140190224101,True
Dallas,48113013725,-96.850798,32.962328,0.16728922091782283,0.5758869552045331,3.1387306234116603,True
Dallas,48121021614,-96.879476,33.004663,0.0747945205479452,0.5455717677879672,2.6967345377719916,True
Dallas,48085030530,-96.689993,33.186371,0.05118308441013593,0.24117277343707366,1.0337067047587876,False
Dallas,48113014132,-96.945629,32.941084,0.2659817351598174,0.3654450677161487,1.6509270289005138,False
Dallas,48439111308,-97.129532,32.569975,0.12288875946418171,0.1633958532000982,1.8197431653197722,False
Dallas,48113014311,-96.968448,32.880699,0.1515431528368139,0.14993486656898997,0.6902290946703524,False
Dallas,48113001204,-96.748332,32.798728,0.021015761821366025,0.3906250708805458,3.000006788241623,True
Dallas,48113001203,-96.744622,32.802544,0.008029197080291971,0.38752784017763814,2.972419709677343,True
Dallas,48139060701,-97.012432,32.500331,0.10571131879543094,0.2096318772455187,2.6114817944549182,True
Dallas,48139060300,-96.832712,32.396651,0.05804311774461028,0.12519285644862096,1.4356059534690362,False
Dallas,48113016622,-96.837881,32.554544,0.6286153058612747,0.16455327611606527,1.7603940886268918,False
Dallas,48121021638,-96.869364,32.99577,0.26383399209486164,0.5586447473713742,2.813712095268746,True
Dallas,48121021611,-96.89845,32.99489,0.08883363471971067,0.5427565404264929,2.583033912353013,True
Dallas,48121021622,-96.922235,33.009903,0.0695994747209455,0.4799293879961672,2.1963766272161465,True
Dallas,48251130900,-97.375566,32.358987,0.07527226137091608,0.3660133279554334,3.527415429376341,True
Dallas,48251131000,-97.401434,32.330465,0.022787385554425228,0.3812313131837681,3.674760904831295,True
Dallas,48439113214,-97.232691,32.871146,0.06862404447533009,-0.1997039978379395,-1.60684093968106,False
Dallas,48113012701,-96.673515,32.848966,0.04596100278551532,0.39274593583773076,3.241795699032549,True
Dallas,48251130304,-97.345474,32.398057,0.03152906870785493,0.3457958062054238,3.4027173277295817,True
Dallas,48251130700,-97.403193,32.358741,0.03076923076923077,0.37147586524853726,3.651161594144708,True
Dallas,48251130303,-97.323905,32.383324,0.02973568281938326,0.34324488790653535,3.3365877665911676,True
Dallas,48251130800,-97.389107,32.363642,0.05158214130905939,0.36595024147876226,3.585031401922597,True
Dallas,48251130214,-97.392761,32.473494,0.021883920076117985,0.3435831854815754,3.5297807287328262,True
Dallas,48439113626,-97.147693,32.85693,0.03191211090766414,-0.11652153645535257,-0.8649235042963718,False
Dallas,48085032011,-96.641946,32.996675,0.09054507879101008,0.4002846491463561,2.5720869210970254,True
Dallas,48439113810,-97.249976,32.855952,0.04596505823627288,-0.1789974073707569,-1.4997385405195314,False
Dallas,48439113929,-97.270507,32.946261,0.06917394224311618,-0.1407162573243505,-0.9691262049267038,False
Dallas,48439110204,-97.281054,32.82048,0.046957671957671955,-0.11202737142771706,-0.9983774175846928,False
Dallas,48085030520,-96.793352,33.182795,0.154763657782359,0.028959592934280715,0.1257657612610328,False
Dallas,48113007827,-96.730563,32.885517,0.4209770114942529,0.39356515599059017,2.9126509624354844,True
Dallas,48085031410,-96.643241,33.091776,0.11267441860465116,0.3429508769058023,1.9422088215924844,False
Dallas,48085031408,-96.619621,33.092336,0.10901287553648069,0.4027522847672633,2.2195541616869177,True
Dallas,48113019013,-96.676652,32.914082,0.1579972725501656,0.4122948993321303,2.9132501057686033,True
Dallas,48113013008,-96.721872,32.883927,0.08587479935794542,0.3921593173625676,2.9398954642930035,True
Dallas,48439114204,-97.530777,32.898188,0.017293857221914778,0.29679102249285116,2.8105148529482973,True
Dallas,48439113207,-97.226579,32.886663,0.02408202193609919,-0.2177032846886402,-1.6496004462783151,False
Dallas,48439113924,-97.299317,32.885998,0.12212773656594898,-0.1377355522986039,-1.1390163948647591,False
Dallas,48121021512,-97.080634,33.099468,0.02949231093322098,0.37699341778869977,1.6989991058341372,False
Dallas,48113017811,-96.605428,32.819195,0.1804607508532423,0.35429457173095386,2.8272746295708644,True
Dallas,48085031317,-96.600972,32.994,0.11316198033465585,0.42500924406185125,2.6238987227268575,True
Dallas,48113013104,-96.773457,32.884789,0.07556368068251067,0.4297636938867996,3.2029584268258584,True
Dallas,48367140405,-97.576363,32.943114,0.0108393919365499,0.3395574108735278,3.0434125995580543,True
Dallas,48085031504,-96.638483,33.107989,0.07948243992606285,0.36326413614898234,1.9189180263189158,False
Dallas,48085030531,-96.706109,33.182128,0.049008168028004666,0.1935986690602268,0.8570457543726427,False
Dallas,48231960900,-96.120449,33.130295,0.21299093655589124,0.20359726098833156,1.078504277703253,False
Dallas,48085030203,-96.56293,33.333499,0.11237364140761572,0.4647775814538347,1.5416965083336074,False
Dallas,48379950200,-95.886078,32.900551,0.019806065607592325,0.14589455892773742,0.8236681121545388,False
Dallas,48113012603,-96.658355,32.840731,0.04455445544554455,0.39554377617382375,3.3351592789076925,True
Dallas,48181001900,-96.78545,33.520128,0.013330159485836705,0.4166670132828824,1.4447803063936142,False
Dallas,48113007700,-96.795368,32.870467,0.01042356055592323,0.4410846177403873,3.3656955812684517,True
Dallas,48113018402,-96.642134,32.871565,0.07765451664025357,0.3915395814364157,3.0179464952460844,True
Dallas,48231960800,-96.123221,33.146868,0.21030383091149274,0.2083445064381223,1.065528775654542,False
Dallas,48085031662,-96.778281,33.092798,0.06940330088870081,0.0628935790673035,0.32602757698894,False
Dallas,48085030509,-96.792339,33.121853,0.06940566414040686,0.018504328152152166,0.08831278361366023,False
Dallas,48085030507,-96.78334,33.111314,0.04640883977900553,0.029361924059499812,0.1441679884352919,False
Dallas,48231960400,-96.096308,33.181084,0.0679858934169279,0.2140619761095908,1.0384671218964734,False
Dallas,48119950100,-95.715359,33.377382,0.01599466844385205,0.18926334701944808,0.7362326938603735,False
Dallas,48121020110,-96.876855,33.184791,0.12698412698412698,-0.01723024478702745,-0.07094460678164609,False
Dallas,48085031633,-96.725142,33.067996,0.08278327832783278,0.14714237564961852,0.8566162960356175,False
Dallas,48085030521,-96.778595,33.180141,0.13233054074638234,0.045474627201819544,0.19847616663864096,False
Dallas,48085031004,-96.488613,33.165078,0.028849073792894017,0.4930012923428068,2.2353457702265325,True
Dallas,48113008604,-96.769265,32.718596,0.653834308592547,0.5970947360079694,5.7821744489661135,True
Dallas,48213950700,-96.241974,32.328752,0.007577445954981056,0.17302695163504833,1.8433007583810843,False
Dallas,48467950400,-96.007751,32.740771,0.017391304347826087,0.14015685832200875,0.8608485498748945,False
Dallas,48113012702,-96.675684,32.84006,0.0521482453263365,0.39477740698516345,3.279411872415847,True
Dallas,48121021513,-97.045538,33.089443,0.008290986894891682,0.29857433858259513,1.3904762466190164,False
Dallas,48121021730,-97.026321,33.015257,0.07696551724137932,0.36038985951809865,1.4114007768866197,False
Dallas,48139060209,-96.875122,32.495596,0.12709710218607015,0.13145446337276515,1.4315996000064837,False
Dallas,48121021728,-97.020171,32.996275,0.1256431085838072,0.3625226557969683,1.5023386037504831,False
Dallas,48257051000,-96.299071,32.592553,0.13226837060702876,0.1124104777486405,0.9291980593851775,False
Dallas,48349970400,-96.731374,32.048209,0.035752515521301646,0.24664521628178834,3.103662207160662,True
Dallas,48439113517,-97.078303,32.857367,0.14352720450281425,0.14481948513518686,0.9223542054117382,False
Dallas,48439104701,-97.336373,32.692158,0.008802816901408451,0.20988886588791017,2.160571806088536,True
Dallas,48439113206,-97.24976,32.81779,0.054376894277054735,-0.15074183673249408,-1.3195589121363263,False
Dallas,48139060210,-96.770895,32.434305,0.09806852149919522,0.12357771442568444,1.3803637221920861,False
Dallas,48439113925,-97.296215,32.878309,0.07599699021820917,-0.1399364478298265,-1.169886892653425,False
Dallas,48139060703,-96.99424,32.514809,0.10571131879543094,0.19622127870945938,2.396389340437885,True
Dallas,48439121610,-97.194148,32.687808,0.09751283063560995,0.016259289956038286,0.16522827665361586,False
Dallas,48439106513,-97.190309,32.74052,0.46927187708750834,-0.0550781176936988,-0.540382263945672,False
Dallas,48439111015,-97.35245,32.572931,0.16409583196586808,0.29912751507440566,3.1335855216813364,True
Dallas,48147950701,-96.224566,33.402114,0.018498601849860186,0.30635860218754446,1.017585240364976,False
Dallas,48231960300,-96.215651,33.263389,0.015862668405041285,0.28625694214594166,1.2023148658589202,False
Dallas,48257051100,-96.303937,32.579248,0.0681198910081744,0.10956608923438002,0.9127255378468894,False
Dallas,48439111314,-97.065092,32.55788,0.32955832389580975,0.216198811572647,2.6070421165067543,True
Dallas,48251130205,-97.334979,32.548549,0.016752229127262902,0.3003597471698783,3.192330106079698,True
Dallas,48439110202,-97.28223,32.802281,0.010223953261927946,-0.07835334437357282,-0.7178661268692021,False
Dallas,48113008703,-96.78241,32.703094,0.4070135096292038,0.6154723917850384,6.20642673708108,True
Dallas,48439110806,-97.512094,32.752312,0.050140745953553834,0.307798938162925,3.1425220065148274,True
Dallas,48439111529,-97.175332,32.697376,0.07275,0.006388304422459967,0.06575950273555482,False
Dallas,48439111309,-97.131302,32.558595,0.13188073394495411,0.1773207383793681,2.012449809679946,True
Dallas,48251130405,-97.240478,32.535765,0.01675807434491164,0.2530718869181156,2.726777518249077,True
Dallas,48121021516,-96.905153,33.095662,0.09172361427486712,0.2090848797422474,1.0079906068433286,False
Dallas,48113016002,-96.999419,32.737594,0.10152801358234295,0.2430282155173444,2.239132174215934,True
Dallas,48121021742,-97.030327,33.033106,0.08026703927961497,0.3399188334105072,1.3597417580890991,False
Dallas,48113007820,-96.75119,32.867691,0.25555981595092025,0.3874562360913985,2.9488486182801323,True
Dallas,48113001503,-96.77666,32.803139,0.24463738508682328,0.3767987439807581,2.9074990265849774,True
Dallas,48113007911,-96.760054,32.861695,0.09234507897934387,0.38638216668629544,2.955755293401912,True
Dallas,48121021741,-97.016838,33.023808,0.11447638603696099,0.3633128213813882,1.437219931497132,False
Dallas,48217960200,-97.365769,32.084307,0.007916131792896876,0.45199074158448177,3.9679974887078595,True
Dallas,48121021743,-97.028127,33.038855,0.10002710761724044,0.33211652519054163,1.349700292566785,False
Dallas,48121021751,-97.097808,33.029132,0.023447401774397972,0.3752150980064917,1.6518613088793437,False
Dallas,48121021631,-96.896066,33.017434,0.05997736703130894,0.5039114491239705,2.443437435524451,True
Dallas,48121021723,-97.031637,33.024037,0.10636856368563685,0.35222604491479753,1.3634281650194382,False
Dallas,48113013803,-96.865158,32.936631,0.03354632587859425,0.5784490707985473,3.078112727231011,True
Dallas,48121021721,-97.052139,33.055581,0.042119565217391304,0.32877143046017726,1.4531794900495276,False
Dallas,48231960200,-96.068803,33.357097,0.06008064516129032,0.25804493035250214,1.0047583477978743,False
Dallas,48113013711,-96.887858,32.942464,0.03830963665086888,0.5612784210747184,2.7098417846628946,True
Dallas,48147950702,-96.33916,33.42643,0.01529497450837582,0.30771396143189533,0.9715330915013287,False
Dallas,48085032010,-96.655991,33.017035,0.13152937146771707,0.35193304259107866,2.175652520132065,True
Dallas,48121021524,-96.857418,33.111219,0.07902391725921137,0.09840168568111236,0.467706453131004,False
Dallas,48085031411,-96.632306,33.078177,0.1184363094252112,0.36870602715727374,2.1251565360216973,True
Dallas,48113014131,-96.948061,32.933214,0.2168458781362007,0.33502792519482494,1.5087359730154406,False
Dallas,48113009702,-96.862483,32.888512,0.029583975346687212,0.5168752241525186,3.0870837202351864,True
Dallas,48251130213,-97.447126,32.463703,0.012829912023460411,0.35979965284350335,3.6611131863388717,True
Dallas,48113019028,-96.675265,32.956458,0.1459007551240561,0.3997396881102131,2.7074927189016225,True
Dallas,48439122001,-97.070779,32.724407,0.05614714424007745,0.17316112593999827,1.5949721993320884,False
Dallas,48439111505,-97.156371,32.726906,0.08566019876952201,-0.009217661957099665,-0.09349848716569586,False
Dallas,48251130602,-97.467525,32.296021,0.02132867132867133,0.4088511890877445,3.9506560653758718,True
Dallas,48113012210,-96.691095,32.811136,0.40916030534351144,0.4048282320573248,3.3679905250350295,True
Dallas,48085031314,-96.567381,33.073059,0.08948508581903016,0.4541266478999091,2.6023077641290824,True
Dallas,48113014703,-96.930047,32.819651,0.028561476837338905,0.2125596766351277,1.1818578215585815,False
Dallas,48113008705,-96.778858,32.686264,0.5440233236151604,0.606937298874992,6.176261292246675,True
Dallas,48113014120,-96.966924,32.962626,0.02916747150859571,0.37793351913132006,1.7079222824882763,False
Dallas,48113013804,-96.858223,32.921098,0.04905992949471211,0.5650147199581201,3.338504569936488,True
Dallas,48113014128,-96.956384,32.933377,0.059431524547803614,0.3187812369770746,1.4502066676775678,False
Dallas,48085031316,-96.61875,32.999476,0.10801133820677308,0.4175596403041407,2.640831219132036,True
Dallas,48113013712,-96.878466,32.942541,0.03830963665086888,0.5762462644387345,2.865129047391882,True
Dallas,48337950600,-97.64778,33.59398,0.0,0.9283264772191747,2.7080737784117006,True
Dallas,48497150403,-97.710613,33.124186,0.004204470015490153,0.445700689821818,2.5747334286716894,True
Dallas,48113013717,-96.902284,32.960014,0.035941594908274054,0.5461796152549562,2.543640535586273,True
Dallas,48113009804,-96.869012,32.872079,0.01838794414489147,0.4401893172058192,2.535987872254122,True
Detroit,26125140600,-83.243227,42.626938,0.3020661157024793,0.04125220757826636,0.26602149599565084,False
Detroit,26125127500,-83.400446,42.728456,0.035008299381318844,-0.24262934488851617,-1.4032123238980707,False
Detroit,26125150000,-83.231943,42.612844,0.13169726489321842,0.16773415000471942,1.1817854346132766,False
Detroit,26125183000,-83.170809,42.533762,0.06567967698519515,0.3018824954692936,3.0990811962059697,True
Detroit,26125141400,-83.276893,42.665468,0.32387806943268416,-0.27014815936603237,-1.6096522055843945,False
Detroit,26125192800,-83.211856,42.672294,0.1885485047410649,0.02139286945103054,0.11270592106872265,False
Detroit,26147625000,-82.429576,42.983594,0.05383580080753701,0.7442855134052719,1.9366703762786466,False
Detroit,26125123000,-83.539721,42.828796,0.01544943820224719,-0.1419366334413967,-0.2531064234291507,False
Detroit,26099247602,-82.856819,42.553548,0.15070298769771528,0.5331830980553852,2.94033354138428,True
Detroit,26125196200,-83.140699,42.607731,0.03329223181257707,-0.16725768512843364,-0.47687918613692587,False
Detroit,26163518900,-83.047376,42.355464,0.9151343705799151,0.03279613467288255,0.25196346358263844,False
Detroit,26125150400,-83.228479,42.598443,0.025903203817314247,0.24894871636770313,2.095185812242807,True
Detroit,26125141000,-83.268375,42.678136,0.3920595533498759,-0.25072002416134875,-1.4650746755452693,False
Detroit,26125140301,-83.230473,42.683861,0.18029604464935695,-0.0733277906102488,-0.40492678933541926,False
Detroit,26147647000,-82.618053,42.637987,0.0016795431642593216,0.9444140510542485,3.1609682314899468,True
Detroit,26125140302,-83.221536,42.6928,0.08841224169500392,-0.04256263436774276,-0.22962607123099416,False
Detroit,26125193700,-83.110965,42.631163,0.027342094107672743,-0.667198374988734,-0.9577674920028926,False
Detroit,26125180000,-83.155317,42.544671,0.015007898894154818,0.22880580382482676,2.1995729186158544,True
Detroit,26163558000,-83.362753,42.389332,0.02281191806331471,0.22487642262914254,1.91271481067161,False
Detroit,26125181300,-83.09578,42.498882,0.0675602245969933,-0.1870126916291685,-1.7424022616282064,False
Detroit,26125173200,-83.145628,42.463992,0.04626865671641791,0.0318170667723352,0.26388059053958185,False
Detroit,26125196400,-83.185468,42.613509,0.027646326276463264,0.19047659148535917,1.2356957441686158,False
Detroit,26163540100,-83.210739,42.440837,0.9453295845048423,0.15721630103881773,1.212257446627146,False
Detroit,26125197500,-83.139041,42.55637,0.0882495164410058,0.12075351455083154,0.8682147731035142,False
Detroit,26125144400,-83.393859,42.676654,0.03937007874015748,-0.25342611577429575,-1.5502927019099666,False
Detroit,26125121800,-83.279513,42.804602,0.011646914589293011,-0.2267859235274446,-1.2258140182368318,False
Detroit,26125140700,-83.221747,42.638137,0.12875226039783003,0.07018671996908843,0.4031420006235097,False
Detroit,26125181600,-83.097024,42.483634,0.08060404000784467,-0.12517167157564668,-1.1176479859846815,False
Detroit,26125194200,-83.16366,42.653255,0.028599127484246242,0.056022943722942226,0.2740580064519465,False
Detroit,26099268000,-83.02201,42.479574,0.194771911840082,-0.12277021076182343,-0.9224591596592607,False
Detroit,26125161800,-83.268575,42.459657,0.7989104689720512,0.13098085422972428,0.9952968504018858,False
Detroit,26125180200,-83.137917,42.535622,0.01426448736998514,0.05473259821478651,0.5507358328390373,False
Detroit,26099228000,-83.015272,42.631778,0.07001603420630678,0.1606793538219512,0.3533234737043574,False
Detroit,26163500500,-82.96692,42.424328,0.9396151293961513,-0.280526602728997,-1.9760444837000803,True
Detroit,26163538400,-83.135678,42.424277,0.7378378378378379,0.06358433730113096,0.5810630126766713,False
Detroit,26163535600,-83.167353,42.354946,0.8932116984169574,-0.11283495331712493,-1.3961778809148877,False
Detroit,26163505200,-83.004288,42.414602,0.9446143391097519,0.013031181278350887,0.09927580186168014,False
Detroit,26125141300,-83.303837,42.6693,0.16314125942134694,-0.3367624872486468,-2.0534506834571586,True
Detroit,26125193400,-83.122847,42.66543,0.014241893076248905,-0.02255128159801958,-0.06313209179906046,False
Detroit,26125197600,-83.157255,42.553306,0.06790123456790123,0.23144829659748078,2.145173373897387,True
Detroit,26125180100,-83.157373,42.537127,0.017066085693536674,0.2343154108411956,2.399128585292857,True
Detroit,26125150300,-83.269026,42.590659,0.06289192180007377,0.20316020793954084,1.880225696315725,False
Detroit,26125140800,-83.224233,42.625906,0.13340494092373792,0.11839667863356765,0.7549288984341599,False
Detroit,26099227300,-82.990435,42.63608,0.09008646692137542,0.3028644605835509,0.7980843651895321,False
Detroit,26099221200,-82.808643,42.668317,0.03929539295392954,0.8970998178048762,3.1813731125903346,True
Detroit,26125170200,-83.193037,42.499268,0.019230769230769232,0.250481607881566,2.6284807250507494,True
Detroit,26125142200,-83.277213,42.63892,0.6954195921096623,-0.20307445940938446,-1.2778184403283301,False
Detroit,26125128800,-83.307933,42.716529,0.022981732469063054,-0.3408838278681201,-2.0523952688766345,True
Detroit,26125142300,-83.262543,42.633838,0.7193211488250653,-0.11320954730334011,-0.7048929748465053,False
Detroit,26163504100,-82.96808,42.414964,0.9454390451832907,-0.2847818548206468,-1.9427207175712955,False
Detroit,26125181200,-83.09713,42.513077,0.04575875486381323,-0.22638708998641974,-2.021863005547634,True
Detroit,26125121700,-83.291376,42.817208,0.0034655371582595304,-0.22787100020864465,-1.2297254272439282,False
Detroit,26099241900,-82.880757,42.562654,0.18446402951424473,0.5597848407750194,2.8218593973781534,True
Detroit,26099245000,-82.868786,42.598084,0.4490808287131602,0.7577714584106919,3.009026354526148,True
Detroit,26125173400,-83.139084,42.453072,0.06585173501577288,-0.018149739516910294,-0.13878498586285673,False
Detroit,26125194100,-83.142046,42.644721,0.02234993614303959,0.057969900085125044,0.20414297889470082,False
Detroit,26163552100,-83.067204,42.401412,0.23732638888888888,0.12873126892422287,1.0639687703640404,False
Detroit,26125166900,-83.347046,42.482681,0.1711533012184755,0.187013049078206,1.40973635952047,False
Detroit,26049011101,-83.608084,42.896737,0.09657594381035997,0.7492833124907795,0.5902085589557502,False
Detroit,26125144900,-83.396344,42.653082,0.09931170108161258,-0.22672682301042243,-1.4312342433013239,False
Detroit,26125162000,-83.214575,42.469313,0.7056362293871523,0.16850287079593426,1.640905913819776,False
Detroit,26125141700,-83.301576,42.650334,0.3198874296435272,-0.2994179576918821,-1.8803551066927715,False
Detroit,26099261100,-83.017578,42.512887,0.19973768034476297,-0.11261810730018534,-0.7363939236066542,False
Detroit,26125142600,-83.320743,42.629695,0.3167701863354037,-0.25046267669722866,-1.6867906963833836,False
Detroit,26163515900,-83.016401,42.38318,0.9256944444444445,0.21812256476144182,1.647897896296492,False
Detroit,26125153100,-83.208086,42.551867,0.01992204417496752,0.28950147133032306,3.264634676493918,True
Detroit,26099263400,-83.05511,42.470507,0.13630731102850063,-0.02357579160069134,-0.19524116332701005,False
Detroit,26125142700,-83.285649,42.616557,0.7894476096110974,-0.09301877587003249,-0.6686029623218048,False
Detroit,26125198100,-83.100194,42.544295,0.08699029126213592,-0.23955117660855285,-1.181131155295976,False
Detroit,26125161400,-83.210514,42.479536,0.47310731582972215,0.18206616427031236,1.805366560884777,False
Detroit,26125194600,-83.155493,42.630903,0.0336267208305123,0.09686631673484013,0.41685758966824304,False
Detroit,26125141200,-83.315694,42.670089,0.4247967479674797,-0.34162405184468525,-2.1094567045957553,True
Detroit,26099255000,-82.919829,42.532565,0.2647323436797121,0.18480639925709336,1.404114009832302,False
Detroit,26099206700,-83.013567,42.802706,0.03424475710114149,0.3734317893730252,0.6443520836339957,False
Detroit,26125197702,-83.180932,42.550134,0.05418502202643172,0.2863352888696986,3.08161411228106,True
Detroit,26099242100,-82.867343,42.563731,0.4233032561788937,0.5884271723178648,2.934714355322774,True
Detroit,26125184300,-83.120446,42.490183,0.02135991456034176,-0.11135940809511913,-1.1604780434088262,False
Detroit,26125181500,-83.109486,42.484651,0.06501283147989735,-0.11874173411360439,-1.1383928548205533,False
Detroit,26099260900,-83.076765,42.512321,0.09244737928188196,-0.16043550001879242,-1.1985153414484484,False
Detroit,26125141500,-83.261608,42.65637,0.6093224411340702,-0.18789672252093154,-1.107256783891685,False
Detroit,26125142400,-83.277688,42.628946,0.746831797235023,-0.14540226268148917,-0.9703486082993055,False
Detroit,26125191300,-83.101159,42.693442,0.01511826383808827,-0.24997945731459187,-0.5430692067801679,False
Detroit,26099232200,-83.018408,42.545876,0.135530457322718,0.2948945788567177,1.085840280320497,False
Detroit,26163555300,-83.285377,42.367929,0.6255144032921811,0.011702542653047172,0.12263028614150231,False
Detroit,26099240000,-82.869401,42.613989,0.35353535353535354,0.8163208558673687,3.059678728167737,True
Detroit,26125196900,-83.156897,42.577787,0.02656042496679947,0.1960862441134024,1.2546933702885092,False
Detroit,26125140500,-83.302455,42.696584,0.14257108530236284,-0.341049034268164,-2.0654519526595156,True
Detroit,26125128100,-83.267774,42.77976,0.007415647015202077,-0.22299994034636716,-1.2217079803262667,False
Detroit,26163542500,-83.213233,42.392303,0.9034343434343435,-0.05866740996550593,-0.6350721329973641,False
Detroit,26125194000,-83.122371,42.647013,0.06429691583899634,-0.16999843430710904,-0.40375414808604954,False
Detroit,26125196300,-83.159125,42.610308,0.0292594510616261,0.16189509767227112,0.7741702738739176,False
Detroit,26099258900,-82.967345,42.458421,0.5847263192395936,-0.11715994368791886,-0.8306601580436658,False
Detroit,26125181000,-83.108088,42.525689,0.21583577712609972,-0.23104538961384305,-2.014607215078974,True
Detroit,26125141600,-83.285556,42.647973,0.4274536105522021,-0.2576746589773345,-1.6089913187526848,False
Detroit,26125141100,-83.309048,42.681349,0.32516703786191536,-0.34739443968055445,-2.1183807305910016,True
Detroit,26125180300,-83.154739,42.529722,0.01643535427319211,0.21871008748660745,2.2348954407602735,True
Detroit,26125160900,-83.299136,42.502871,0.6983112733911456,0.329102103254051,2.5508441899729837,True
Detroit,26125145400,-83.338964,42.632162,0.06,-0.2509350508471115,-1.6920868592351181,False
Detroit,26125194500,-83.185078,42.639381,0.039781591263650544,0.0879147598876988,0.4867833124886969,False
Detroit,26163545100,-83.206074,42.3752,0.9317738791423001,-0.13356375919231966,-1.6929898062195603,False
Detroit,26125196500,-83.189299,42.5973,0.03541405830799499,0.2781250340258368,2.144515946084007,True
Detroit,26099260400,-83.017981,42.52828,0.09856308935788055,0.00860371066580631,0.05124636825057622,False
Detroit,26125183500,-83.195162,42.513741,0.12936046511627908,0.2812357662197338,2.9330793691205277,True
Detroit,26125175100,-83.097801,42.465404,0.11726746773475745,-0.04247238357582799,-0.3525947102165105,False
Detroit,26125128600,-83.304094,42.779794,0.013566986998304126,-0.2748147752444689,-1.5637246435128425,False
Detroit,26125197400,-83.122602,42.547324,0.04838709677419355,-0.04425817096794868,-0.2885607147354056,False
Detroit,26163505100,-83.019722,42.438067,0.9013157894736842,0.03690096015209032,0.3054892265384096,False
Detroit,26163561600,-83.453509,42.390359,0.013067061143984222,0.39190321382220056,1.2716039252468057,False
Detroit,26125181400,-83.110892,42.496904,0.04847207586933614,-0.1663608223315095,-1.7217149070311093,False
Detroit,26125150100,-83.290998,42.609123,0.1186677861740834,-0.05739244769256636,-0.434004017142576,False
Detroit,26125140100,-83.237079,42.673575,0.09888169511477339,-0.08851966910263367,-0.4901796020301718,False
Detroit,26163563700,-83.468466,42.325924,0.09699170124481328,0.28179181141671295,1.647406401350158,False
Detroit,26163542600,-83.208666,42.383685,0.954229797979798,-0.09365048371857981,-1.0994444069562967,False
Detroit,26125136000,-83.459595,42.501869,0.10501050105010501,0.30103043972684795,1.0965922468831417,False
Detroit,26163564600,-83.472267,42.299946,0.05230596175478065,0.26000416637660884,1.6209753247633267,False
Detroit,26163556900,-83.344436,42.419676,0.04964731416169289,0.1591560843268559,1.2950510488123577,False
Detroit,26163565200,-83.416723,42.346175,0.20920022905134567,0.3526836164605987,2.073564213964296,True
Detroit,26163566400,-83.363101,42.285664,0.4016100178890877,0.26061436922450837,2.0741665733102392,True
Detroit,26163535200,-83.175433,42.3774,0.9306587419514611,-0.08767779190332575,-1.0354641006835006,False
Detroit,26163569800,-83.321573,42.320926,0.06776263031275061,0.1599041647615615,1.6159425917166634,False
Detroit,26163563500,-83.498157,42.334425,0.03536443632741159,0.2997838879394971,1.5252793722871731,False
Detroit,26163564401,-83.522549,42.334944,0.04827923666612298,0.31491620113830654,1.461688072867459,False
Detroit,26163558300,-83.358622,42.372365,0.09706190975865688,0.24298205302169967,2.1280044541309415,True
Detroit,26163563300,-83.457032,42.343536,0.12074098577571948,0.30933526275491163,1.6488153214763688,False
Detroit,26163571700,-83.268702,42.351128,0.22044960116026105,-0.040559282937512466,-0.4364102348050963,False
Detroit,26163562800,-83.442824,42.365807,0.019647500722334586,0.34752003399496123,1.5048729782834647,False
Detroit,26125134800,-83.458969,42.537868,0.04703211157963023,0.4683406785812614,1.7463340981259663,False
Detroit,26163558400,-83.42142,42.359721,0.04842428900845504,0.37457101920704583,1.8149425696236405,False
Detroit,26163567900,-83.381712,42.316104,0.08571428571428572,0.2885608011500523,2.257335361341308,True
Detroit,26163562900,-83.457274,42.35519,0.021948286229705353,0.3251153291919587,1.5555532898610789,False
Detroit,26163556600,-83.402983,42.418346,0.01517362124306974,0.25283177704603715,1.446591672833347,False
Detroit,26161407000,-83.624924,42.309184,0.03336529242569511,0.396122886965211,1.5767897695833164,False
Detroit,26163521400,-83.067505,42.32985,0.2786885245901639,-0.04326753000476653,-0.37190075961839125,False
Detroit,26163567800,-83.376611,42.332727,0.24719551282051283,0.2938003484248112,2.4224979986085793,True
Detroit,26125136700,-83.455081,42.445127,0.07128580946035976,0.22707458775677886,0.768790500041932,False
Detroit,26163522500,-83.059695,42.342746,0.8259361997226075,-0.035769004724416825,-0.2797750949494368,False
Detroit,26125137100,-83.524183,42.476193,0.044926723792744455,0.37201058488683825,1.0212092159524508,False
Detroit,26163517200,-83.043531,42.333994,0.24573378839590443,-0.0333808090207487,-0.24294218085569488,False
Detroit,26093722500,-84.093878,42.627739,0.0070247933884297524,-0.1826865781635186,-0.18824417900437293,False
Detroit,26163564402,-83.511083,42.313957,0.08617482951022938,0.28669221706224207,1.5253012411617484,False
Detroit,26163543700,-83.238375,42.390324,0.8532212885154061,-0.05783949243168239,-0.6074238466685608,False
Detroit,26163563600,-83.48311,42.331655,0.04619826756496631,0.2923352247312837,1.5692388694822101,False
Detroit,26163556500,-83.419823,42.421583,0.05432780847145488,0.2854203332035709,1.1317782076584086,False
Detroit,26163564502,-83.497269,42.297756,0.09536784741144415,0.26502060235362207,1.5792721521280015,False
Detroit,26125157400,-83.40885,42.533878,0.11503729878288182,0.3063990690675962,2.00654648020313,True
Detroit,26163564200,-83.472958,42.318484,0.09787018255578094,0.2747069549537644,1.6377874498779172,False
Detroit,26163594000,-83.178894,42.150319,0.03949447077409163,0.18585006394858802,1.2182329802888756,False
Detroit,26163563800,-83.467936,42.333312,0.08090724441435342,0.29182828346432577,1.625893477598055,False
Detroit,26099262300,-83.076488,42.497644,0.19855511535772546,-0.146816801221302,-1.0883557812819409,False
Detroit,26125133002,-83.522548,42.544644,0.016094420600858368,0.5547957707664709,1.6182432264211823,False
Detroit,26163568900,-83.398961,42.328979,0.1167964404894327,0.32516556924746964,2.354852996826719,True
Detroit,26163564300,-83.472513,42.31182,0.08293045741911491,0.2688691808315843,1.634987005322961,False
Detroit,26163561900,-83.526352,42.363272,0.019530701138119996,0.37606878637386276,1.4269295809521196,False
Detroit,26099247100,-82.857459,42.617233,0.10804321728691477,0.8283407978018706,3.080323868916237,True
Detroit,26163590500,-83.344534,42.155147,0.045357686453576865,0.31341986031467994,2.054841515611082,True
Detroit,26163569300,-83.340163,42.332687,0.06751626898047722,0.19795711274794867,1.9345394037837853,False
Detroit,26125133100,-83.527685,42.517513,0.26329509906152243,0.47068419656072236,1.332760495551853,False
Detroit,26099216000,-82.922344,42.757939,0.0010582010582010583,0.6710142219011336,2.086224065159216,True
Detroit,26163564000,-83.436149,42.32479,0.2353228962818004,0.2890751993238607,1.8928427877931584,False
Detroit,26163554500,-83.286494,42.40457,0.40563991323210413,0.009048759553569615,0.09449340207471728,False
Detroit,26163520200,-83.069685,42.356461,0.2293150684931507,-0.02482219736996697,-0.19913434225561416,False
Detroit,26163564100,-83.450845,42.314601,0.11495265360052852,0.27072371374160403,1.739845502587394,False
Detroit,26163565700,-83.417608,42.294901,0.1504675545480306,0.24635118311041398,1.833805263306168,False
Detroit,26163571900,-83.304857,42.349341,0.1357495881383855,0.06914929065602733,0.6897689253000018,False
Detroit,26163563400,-83.478012,42.344137,0.06455469216975493,0.31098663448846675,1.5043121699780493,False
Detroit,26163561700,-83.538242,42.379399,0.03634826711749789,0.43225741611655677,1.5418175175170772,False
Detroit,26163563200,-83.434886,42.347515,0.2316346790205162,0.3237338925608519,1.82696335659793,False
Detroit,26163560400,-83.449307,42.403752,0.014371812702828002,0.3957099055817005,1.2595253757881453,False
Detroit,26125136800,-83.457764,42.517634,0.1249603048586853,0.3726379405369757,1.3963665240487841,False
Detroit,26163565100,-83.417385,42.317539,0.2844757518287727,0.27751136244819097,1.9897401015719884,True
Detroit,26163555400,-83.269946,42.365607,0.8050034270047978,-0.030181162339814584,-0.3188749797021235,False
Detroit,26163563900,-83.454429,42.331713,0.10377358490566038,0.2944171475163135,1.6934723913023884,False
Detroit,26163562400,-83.491101,42.359466,0.010663724949439235,0.3364794366403488,1.3807491365997138,False
Detroit,26163586200,-83.324452,42.190158,0.45314036813264014,0.2900109944665148,2.0025058593437586,True
Detroit,26163566600,-83.4125,42.284186,0.2455795677799607,0.24197725868110134,1.8108137254263523,False
Detroit,26163542900,-83.226139,42.398425,0.867429948779753,-0.04705256292583169,-0.4532566992866338,False
Detroit,26163520800,-83.057208,42.324069,0.3864734299516908,-0.04242349472793566,-0.33575538696573687,False
Detroit,26163562700,-83.470528,42.364483,0.00936381162214266,0.33731545790397377,1.3995804806003915,False
Detroit,26163557600,-83.422316,42.402485,0.016452780519907863,0.3874609159758279,1.3152893323121915,False
Detroit,26099212000,-82.909578,42.848278,0.0028206092515983454,0.589900774559779,1.573603535355494,False
Detroit,26093741100,-83.783008,42.53668,0.008531656937584195,-0.09001753507905033,-0.1192145701691698,False
Detroit,26163565300,-83.39834,42.34545,0.41483216237314596,0.369890624907747,2.5090043426264534,True
Detroit,26065005900,-84.197153,42.679936,0.002142857142857143,-0.1483662998753753,-0.14656633280189132,False
Detroit,26125153200,-83.216865,42.541813,0.025614754098360656,0.2864619935609656,3.192871484591251,True
Detroit,26093742202,-83.813458,42.562705,0.0032228360957642726,-0.11580446750240155,-0.14520425304652895,False
Detroit,26093724001,-83.995153,42.616066,0.0070744902205576365,-0.2179340106940062,-0.22540963446678483,False
Detroit,26093724002,-83.978421,42.648094,0.002414486921529175,-0.1755663532687718,-0.20424652041388627,False
Detroit,26093724003,-83.935436,42.649953,0.003696236559139785,-0.17776759422241412,-0.21019667214787127,False
Detroit,26093712602,-83.843208,42.617808,0.0038461538461538464,-0.12430548161143337,-0.1612737878501451,False
Detroit,26093712601,-83.901223,42.612534,0.0034267284821608546,-0.16900304468005342,-0.20601974084675417,False
Detroit,26093710700,-83.724343,42.715327,0.0015511892450879006,-0.05662479144120369,-0.07883889521562437,False
Detroit,26099262500,-83.056379,42.483607,0.16743330266789327,-0.08719382194007103,-0.6627687721107393,False
Detroit,26093725000,-83.934896,42.617047,0.006226415094339623,-0.19101617120267467,-0.22114940953647433,False
Detroit,26099262000,-83.018427,42.502888,0.14322766570605186,-0.15290825880531822,-1.0352943605205758,False
Detroit,26125196100,-83.12144,42.608771,0.05659516202647193,-0.6743889715553723,-1.0232589330820967,False
Detroit,26065006002,-84.176298,42.482329,0.0016982734220209455,0.10281722413349563,0.1947987078850413,False
Detroit,26125136600,-83.466584,42.473048,0.06027364944562397,0.2286085194495393,0.7362297819706483,False
Detroit,26155031301,-83.990037,42.824017,0.0,-0.036340131219885864,-0.03142821205197408,False
Detroit,26155031302,-84.106956,42.879808,0.0014822134387351778,0.12042076913688143,0.09288618425130034,False
Detroit,26099230602,-83.070247,42.60082,0.01341143826113766,-0.3055710835804749,-0.4864795475486066,False
Detroit,26093742500,-83.888451,42.540949,0.0017376194613379669,-0.180597169241551,-0.21884576722162447,False
Detroit,26093720100,-84.091756,42.730085,0.0022172949002217295,-0.13326608160832276,-0.13365993447794086,False
Detroit,26093713100,-83.719331,42.659103,0.0010586491636671606,0.06590816160651813,0.10161541682249041,False
Detroit,26093731100,-84.082786,42.555869,0.0005167958656330749,-0.08204064836149284,-0.10976200589141069,False
Detroit,26163574100,-83.179057,42.318421,0.07282051282051281,-0.1331654378252816,-1.7434954102978166,False
Detroit,26155031500,-84.221748,42.825868,0.004653401797175867,-0.0024103030357871466,-0.002091474298399848,False
Detroit,26093722300,-84.072682,42.657447,0.003049813622500847,-0.18065463575004287,-0.18785819282051666,False
Detroit,26163508100,-83.100392,42.440897,0.8017309205350118,0.12660978845414783,1.085603176926365,False
Detroit,26125152700,-83.233871,42.540009,0.022508038585209004,0.29562769864779415,3.197785267577432,True
Detroit,26093730102,-83.94274,42.572147,0.0018177686889343332,-0.24614638248108403,-0.24885051945687647,False
Detroit,26163576600,-83.209263,42.235716,0.038293969273102496,0.15466732688836923,1.2084799634285823,False
Detroit,26163581600,-83.210053,42.220914,0.11805197040096368,0.1748340522402553,1.3276597308929325,False
Detroit,26093722100,-84.095429,42.668085,0.0024760136180748994,-0.17301191487279682,-0.17660804099430924,False
Detroit,26093725100,-83.937329,42.60366,0.017816449140252745,-0.21091412868533188,-0.23300309772038091,False
Detroit,26125136101,-83.482994,42.511465,0.05269651039830807,0.37148028053682197,1.168961182625888,False
Detroit,26163545800,-83.227025,42.339511,0.45197535338890904,-0.17539370257406234,-2.5647830715640203,True
Detroit,26163583400,-83.239631,42.254325,0.05514337276919992,0.06678110620361646,0.5809278853973686,False
Detroit,26099221100,-82.844564,42.652875,0.06778941409566941,0.8672642255711261,3.1068368084476656,True
Detroit,26163585900,-83.396451,42.224851,0.326285894603976,0.23927254347136584,1.7237037950837648,False
Detroit,26163533400,-83.1182,42.363804,0.9237020316027088,-0.10216869040962687,-1.1772922946314468,False
Detroit,26125183800,-83.134827,42.512839,0.034797738147020446,-0.012220066209468201,-0.1301848635016677,False
Detroit,26163572400,-83.288144,42.29627,0.1130952380952381,0.13845062537167485,1.3144951093158008,False
Detroit,26163570900,-83.304428,42.283115,0.819921875,0.21052418844560133,1.8971281299593195,False
Detroit,26163538600,-83.150965,42.427824,0.9222362337116435,0.056110195117347536,0.4108335264725494,False
Detroit,26163575200,-83.27685,42.288368,0.10230120756436546,0.12328701596019037,1.1688949037939562,False
Detroit,26163557100,-83.325414,42.40388,0.11233815689261234,0.13838324623549605,1.231350411728679,False
Detroit,26163575300,-83.25981,42.286533,0.047055730809674026,0.03305467946446649,0.33846549216958083,False
Detroit,26163520700,-83.052062,42.334582,0.30053951126626466,-0.0414397236488708,-0.311828504109664,False
Detroit,26163574300,-83.199451,42.320876,0.04973544973544974,-0.18719173133589115,-2.5032579948223903,True
Detroit,26163572800,-83.241401,42.276241,0.07809074042840276,-0.050475122515811995,-0.5169949355872244,False
Detroit,26147649000,-82.534963,42.621601,0.0011916110581506197,0.8468359709792833,2.882814953140141,True
Detroit,26163545400,-83.205083,42.35401,0.9108488196885987,-0.17974613149638638,-2.4777057674728113,True
Detroit,26163550100,-82.928619,42.372591,0.08593155893536121,-0.13804067889534166,-0.9506674125439709,False
Detroit,26163525400,-83.114493,42.339119,0.4768802228412256,-0.09236191039979456,-1.0906593497648447,False
Detroit,26163572000,-83.283883,42.344193,0.031179394487121554,0.01226063989148929,0.12271719826619412,False
Detroit,26163536300,-83.150459,42.406612,0.9411549707602339,0.22832175186952292,1.777159260192624,False
Detroit,26163573300,-83.184299,42.332588,0.007394129509298678,-0.15751831918284326,-2.0804791398941025,True
Detroit,26125187000,-83.143885,42.47121,0.015607156452226875,0.0261878833016632,0.23156583916190412,False
Detroit,26163501600,-82.920582,42.413065,0.8092071611253197,-0.08222995047865905,-0.653107844747617,False
Detroit,26163546500,-83.24108,42.368276,0.9439066059225513,-0.11163086594487007,-1.4661168383241048,False
Detroit,26163542700,-83.223994,42.384327,0.938763197586727,-0.09228280742690857,-1.1158218525517163,False
Detroit,26163583700,-83.280401,42.246514,0.12226720647773279,0.2543141167170895,1.834392199867147,False
Detroit,26163567000,-83.333397,42.271404,0.5392296718972895,0.23806296504795016,2.0639883209295826,True
Detroit,26163545700,-83.225009,42.333444,0.41846153846153844,-0.18573857677634498,-2.676933711006883,True
Detroit,26163573702,-83.171462,42.339015,0.009055447199777097,-0.1294779253222655,-1.6680018236053775,False
Detroit,26163523200,-83.104156,42.314513,0.043424699722821064,-0.03415089891256978,-0.3840393270483242,False
Detroit,26163574700,-83.279545,42.320176,0.015665796344647518,0.03963433987362155,0.40041708641515866,False
Detroit,26163572700,-83.260639,42.276277,0.08737024221453288,0.08401077176855304,0.7565797872207313,False
Detroit,26125184400,-83.133893,42.486345,0.037262357414448666,-0.03515169270032682,-0.36690598083050185,False
Detroit,26163570800,-83.317351,42.281325,0.8327086882453152,0.22599947702094042,2.051986897362882,True
Detroit,26163546000,-83.226241,42.354011,0.8434188034188034,-0.16546444050018783,-2.42481085887753,True
Detroit,26125144500,-83.353856,42.681924,0.04466084620550705,-0.31792845856170804,-1.976699879980544,True
Detroit,26163546100,-83.24056,42.350597,0.8481781376518218,-0.13777841291680143,-1.913433027534595,False
Detroit,26163526100,-83.150504,42.334114,0.034144569560479475,-0.0974966664235325,-1.2197929413743043,False
Detroit,26163536900,-83.178056,42.412717,0.941908713692946,0.08306460727429232,0.7236686888055429,False
Detroit,26163541200,-83.253864,42.421552,0.895405669599218,-0.03180339540637877,-0.19286825328241258,False
Detroit,26163545300,-83.205257,42.36128,0.9108488196885987,-0.17322070463242112,-2.3100672816861554,True
Detroit,26163523800,-83.112689,42.308024,0.053737696195796755,-0.025816924260498003,-0.3017135086177316,False
Detroit,26163570400,-83.320366,42.301613,0.6884328358208955,0.19179990646224288,1.8389073812294863,False
Detroit,26163518000,-83.061295,42.362437,0.6052631578947368,0.029538459787038125,0.23490322362409455,False
Detroit,26163575400,-83.243571,42.286283,0.05062554553389584,-0.08172565001736798,-0.9203633326697878,False
Detroit,26163517500,-83.056716,42.354374,0.7177871148459384,0.005724829111113083,0.044588166920351585,False
Detroit,26163577200,-83.185705,42.262756,0.07753934191702432,0.08704134808048565,0.7798867124270603,False
Detroit,26163578600,-83.18419,42.276903,0.11671581561384448,0.015429676161883768,0.15910351774837472,False
Detroit,26163571600,-83.263985,42.335022,0.08916537065837221,-0.056178429496941754,-0.6470153782131954,False
Detroit,26163546200,-83.260073,42.347543,0.7088359960873818,-0.07236488926563532,-0.851753477843574,False
Detroit,26163544000,-83.268011,42.38162,0.9033149171270718,-0.026456716587334724,-0.27796581929854364,False
Detroit,26163536500,-83.143748,42.38614,0.9275154983309489,0.004768425376742415,0.04956207258054856,False
Detroit,26163545600,-83.206493,42.339875,0.21959014852415867,-0.18728216932439956,-2.6282067066368335,True
Detroit,26163573400,-83.189775,42.323717,0.04801962846126884,-0.1668638568028037,-2.204364857406787,True
Detroit,26163546900,-83.221003,42.373115,0.9340263046245227,-0.14130677623970003,-1.8821663648381421,False
Detroit,26125181100,-83.122558,42.516121,0.0342998585572843,-0.12969364964662536,-1.3445990834747814,False
Detroit,26163572600,-83.280167,42.275938,0.15499172642029785,0.18513271147013427,1.5791466622679746,False
Detroit,26125184500,-83.149211,42.483255,0.021628498727735368,0.07166373763918482,0.7284660104278695,False
Detroit,26099243500,-82.910207,42.617961,0.17472956730769232,0.7570755336026231,2.8945995360086716,True
Detroit,26163515300,-82.999881,42.35266,0.6909158050221565,0.12495504508126898,0.9906317365744378,False
Detroit,26163571000,-83.295455,42.283367,0.7946547884187083,0.19631340898142266,1.7542043758049426,False
Detroit,26163541700,-83.27378,42.434593,0.9369582348305753,0.03127238475450975,0.21510027056143866,False
Detroit,26163526200,-83.14497,42.336413,0.040978189028420355,-0.09006759284521182,-1.1237033622401977,False
Detroit,26163534700,-83.153582,42.358232,0.8985602094240838,-0.09999396713518864,-1.2318260322477002,False
Detroit,26163545200,-83.20691,42.368533,0.9341158652025748,-0.15688123847527746,-2.0579236051235408,True
Detroit,26163546600,-83.241699,42.361403,0.9048096192384769,-0.12040566347512399,-1.6259031767319059,False
Detroit,26163579900,-83.247184,42.318703,0.07877008118846088,-0.12496982256461775,-1.6616444380524822,False
Detroit,26163573800,-83.186172,42.346762,0.01557305336832896,-0.1597495523718139,-2.091668411522422,True
Detroit,26163573100,-83.301139,42.315459,0.1049792531120332,0.11797369648795843,1.1698061581061905,False
Detroit,26163583200,-83.283397,42.256299,0.0728454172366621,0.2411771352696067,1.857268723481557,False
Detroit,26163583500,-83.240474,42.245505,0.05640074211502783,0.10741899333756016,0.912395599401335,False
Detroit,26163543500,-83.249398,42.404291,0.8305785123966942,-0.03331453642479461,-0.2832094283881191,False
Detroit,26163539000,-83.151618,42.441929,0.9346334416756952,0.005913879450242736,0.04260538830433582,False
Detroit,26163570200,-83.305186,42.3052,0.6414722313506408,0.15268999004024555,1.484562615013693,False
Detroit,26163537600,-83.191939,42.412607,0.9322436849925706,0.045158584013474515,0.393557617465192,False
Detroit,26163572500,-83.296082,42.272813,0.25603357817418676,0.22413913437583574,1.917650498521045,False
Detroit,26163557900,-83.393413,42.389232,0.02560273095796885,0.34715985716344344,1.998077575162377,True
Detroit,26125184600,-83.132908,42.479618,0.019805194805194805,-0.030606962596218278,-0.29510365421808127,False
Detroit,26163522400,-83.082391,42.359954,0.8690476190476191,-0.06703222865807044,-0.5581867732120942,False
Detroit,26147648000,-82.583976,42.585562,0.0010427528675703858,0.9171690178334205,3.0971944268425102,True
Detroit,26163552000,-83.058236,42.404536,0.05079708186976493,0.1804744634962231,1.4399211244700392,False
Detroit,26099222500,-82.770466,42.664983,0.010708822029576747,0.927700870331549,3.24348740713671,True
Detroit,26163575100,-83.261585,42.293795,0.06452802359882005,0.018223040453844708,0.19521169544374883,False
Detroit,26163576000,-83.213501,42.273922,0.1425598335067638,-0.05746472481172504,-0.6065155312992282,False
Detroit,26163572100,-83.28276,42.334055,0.037573881227132004,0.022856617031573694,0.2306597972362324,False
Detroit,26163546700,-83.2268,42.361317,0.9243607954545454,-0.1623538819330304,-2.304481644453741,True
Detroit,26163545500,-83.20595,42.347,0.5959257349149046,-0.18257464238638402,-2.5646333116062237,True
Detroit,26163573600,-83.160621,42.345924,0.02462121212121212,-0.10815048696689003,-1.3410781679502004,False
Detroit,26163568700,-83.344175,42.30241,0.32764056752496057,0.22662779280196188,2.0437189989856313,True
Detroit,26163574900,-83.258957,42.304984,0.06068601583113457,-0.03629804171400812,-0.4267530883069102,False
Detroit,26163571500,-83.24739,42.334691,0.09988518943742825,-0.12753409090104484,-1.7042309188669174,False
Detroit,26163530200,-83.133791,42.410817,0.7633953750705019,0.11482171838070973,1.1769653369769044,False
Detroit,26163575600,-83.213546,42.289605,0.060720042987641054,-0.15995866401975348,-1.9219412206454451,False
Detroit,26163585700,-83.37885,42.235724,0.5436754176610978,0.2671356281666252,1.9794372616349805,True
Detroit,26163545900,-83.226133,42.347016,0.7496008515167643,-0.17058814139526787,-2.509375212787035,True
Detroit,26163542100,-83.208934,42.412172,0.9502968990543216,0.05650745058084589,0.3975631356007616,False
Detroit,26163521900,-83.078324,42.349321,0.563710499490316,-0.08613937513909241,-0.7238439182131708,False
Detroit,26163556100,-83.324361,42.434795,0.11160714285714286,0.09788819338707817,0.7932090736544148,False
Detroit,26163573900,-83.189845,42.338359,0.006979062811565304,-0.16918215282761795,-2.25164713249516,True
Detroit,26125150900,-83.276558,42.548113,0.07233811975074506,0.3553121874783115,3.4414566018093717,True
Detroit,26125194300,-83.192676,42.653809,0.051560379918588875,0.05997942102263748,0.3260695955176804,False
Detroit,26163530800,-83.133823,42.371502,0.9189383070301291,-0.04638193935968292,-0.5084192764255834,False
Detroit,26125126500,-83.524199,42.72329,0.0067654639175257734,-0.04962279666302595,-0.14835702496173744,False
Detroit,26125188000,-83.164066,42.484236,0.008245297603710384,0.1718964131500003,1.7723563036000969,False
Detroit,26125193100,-83.15991,42.67427,0.02643171806167401,0.05121842329949559,0.23987410441282014,False
Detroit,26125130400,-83.465993,42.649397,0.01461886529759833,-0.0855438891911372,-0.408968669256797,False
Detroit,26099226100,-82.99846,42.694545,0.015444516547696302,0.4559364969758286,1.0325329094463198,False
Detroit,26125128200,-83.299142,42.746496,0.017986746607762703,-0.3068143184038954,-1.7997955964727967,False
Detroit,26125192200,-83.176297,42.702732,0.01980524839082357,0.04523685575003636,0.22071064778572966,False
Detroit,26125144300,-83.418969,42.677433,0.01619099890230516,-0.2196368234459145,-1.2995273387255455,False
Detroit,26125127600,-83.347855,42.738643,0.021473601260835303,-0.3103778137188101,-1.8569230729779456,False
Detroit,26125127100,-83.414139,42.764761,0.011025551277563878,-0.2079208155589181,-1.1130051990285796,False
Detroit,26125196800,-83.178588,42.577785,0.01723771015109598,0.29951035052710456,2.5254720411856137,True
Detroit,26125126200,-83.4703,42.770431,0.00966183574879227,-0.19379378234531783,-0.746273173317943,False
Detroit,26125157200,-83.427566,42.55272,0.183206106870229,0.2989658872287683,1.6375372509001336,False
Detroit,26125130000,-83.470744,42.665339,0.022170361726954493,-0.11702589877446279,-0.5639317116865151,False
Detroit,26125124000,-83.624207,42.821817,0.022994210090984284,0.4347569656360705,0.37061172593506536,False
Detroit,26049013204,-83.718112,42.792668,0.011579818031430935,-0.059267298658449985,-0.050818182923036526,False
Detroit,26125122700,-83.43504,42.819795,0.010714285714285714,-0.14055189019567219,-0.6527908746716088,False
Detroit,26125128700,-83.321354,42.746763,0.02122641509433962,-0.3229523990773608,-1.9025777967804458,False
Detroit,26125127400,-83.38373,42.711379,0.0030998140111593306,-0.2715372660050816,-1.6372364708342324,False
Detroit,26125150800,-83.292439,42.546535,0.05363720073664825,0.31315545691197966,2.9155742575214063,True
Detroit,26125154200,-83.345117,42.607083,0.05390738060781476,-0.16534193909134953,-1.205746851126278,False
Detroit,26125166800,-83.327951,42.481208,0.30685814771395076,0.16482884562569403,1.2881409928198413,False
Detroit,26125128300,-83.305875,42.729121,0.028476084538375974,-0.32813036157393033,-1.9641798128512358,True
Detroit,26099230500,-83.037102,42.610173,0.08404202101050526,-0.06352686567711585,-0.12433231640716204,False
Detroit,26125144100,-83.389685,42.695757,0.037405878066553315,-0.265639588587222,-1.603928308247549,False
Detroit,26125134500,-83.46379,42.560646,0.026982378854625552,0.5111243659478131,1.8000335780338763,False
Detroit,26125127000,-83.355086,42.773564,0.008842033667743582,-0.27235103006945605,-1.5758123947710916,False
Detroit,26125126300,-83.488219,42.760576,0.016110248447204968,-0.2198238200425358,-0.730932238905987,False
Detroit,26125121400,-83.295325,42.842745,0.010078157136980667,-0.19713550143063333,-1.0376040921543588,False
Detroit,26125128400,-83.265275,42.738988,0.060362173038229376,-0.2369619070733292,-1.3659928319078214,False
Detroit,26125145600,-83.426392,42.651731,0.050334845538993304,-0.18260469067025392,-1.1091348020712646,False
Detroit,26125143500,-83.347752,42.694543,0.03004891684136967,-0.32664401571333945,-2.024808310446882,True
Detroit,26125122400,-83.370089,42.808635,0.011849034523112931,-0.2267705053464545,-1.2072584497066385,False
Detroit,26125144200,-83.426705,42.692195,0.0165860400829302,-0.21441643803032184,-1.2318440866380347,False
Detroit,26125145100,-83.396987,42.63925,0.024503005085529356,-0.21079631744512728,-1.3537647873785799,False
Detroit,26099226700,-82.994953,42.660722,0.022169437846397466,0.34713728607439126,0.8430674575662886,False
Detroit,26125128900,-83.234911,42.736362,0.03331967772770723,-0.13045847104859706,-0.7165650609170935,False
Detroit,26125125000,-83.63609,42.764274,0.006705539358600583,0.18945150296819885,0.23818686117732404,False
Detroit,26163538300,-83.115193,42.420358,0.8649398704902868,0.016834682285734717,0.1888618058969367,False
Detroit,26125145501,-83.432561,42.628916,0.04555873925501433,-0.13437346494051738,-0.7865796958664549,False
Detroit,26125127300,-83.420636,42.714139,0.01801610852055956,-0.2282429319281034,-1.2638503151505112,False
Detroit,26099215000,-83.035274,42.78098,0.00593098490294752,0.16623714990411964,0.27795459338176237,False
Detroit,26125197701,-83.184798,42.557077,0.048265460030165915,0.29323166747715146,3.0839581853432714,True
Detroit,26125144600,-83.366195,42.668936,0.022873297352865588,-0.28683578781938385,-1.810197302886085,False
Detroit,26125130200,-83.553252,42.679728,0.01816160118606375,0.5864957769532121,1.3605036577776717,False
Detroit,26125150200,-83.304583,42.591572,0.02977667493796526,0.023408948377832278,0.1991745351445237,False
Detroit,26125121000,-83.239371,42.829192,0.022127231581594166,-0.13405071500754234,-0.6652484388311805,False
Detroit,26125135300,-83.528425,42.604826,0.02451264234703725,0.6197308211424797,1.8268305933723705,False
Detroit,26163530900,-83.126949,42.37603,0.9193168433451119,-0.03903892378043288,-0.4048078705326723,False
Detroit,26125126400,-83.501633,42.744668,0.010383386581469648,-0.19422642480139285,-0.6357670799252219,False
Detroit,26125123100,-83.478632,42.833866,0.007506527415143603,-0.15001228109958628,-0.45677526912713384,False
Detroit,26099225400,-83.081881,42.695748,0.014517174335709657,-0.7528865075389175,-1.0212643439951432,False
Detroit,26099220002,-82.74969,42.681749,0.032714412024756855,0.9342358588247064,3.2439171929995627,True
Detroit,26163561300,-83.493235,42.412246,0.02248661511005354,0.40686156491674785,1.273259000848523,False
Detroit,26147651100,-82.652216,42.762228,0.0010689470871191875,0.7505120249697168,2.87610490326749,True
Detroit,26125134000,-83.467554,42.605703,0.0180469219971927,0.17100337965233264,0.7274378223814524,False
Detroit,26125127700,-83.357378,42.71443,0.03061548223350254,-0.308098084179017,-1.8922781107334183,False
Detroit,26125144701,-83.353987,42.649114,0.11367954401519949,-0.2741437791097538,-1.7822762228869515,False
Detroit,26163564503,-83.496425,42.277991,0.23499142367066894,0.2523148982496834,1.5272009620826115,False
Detroit,26125132600,-83.643896,42.579524,0.011839924224484964,0.3646808804959045,0.6803501046886788,False
Detroit,26125127200,-83.428795,42.735932,0.013087447947650209,-0.21141160793039684,-1.115451347382719,False
Detroit,26125142000,-83.317283,42.638071,0.4497799119647859,-0.2816072733804102,-1.8312755943954373,False
Detroit,26125134400,-83.460164,42.586671,0.014252286747500531,0.27601375725424765,1.1356731368211144,False
Detroit,26125159000,-83.295319,42.518244,0.0741777466759972,0.3616877861375571,3.103337549222585,True
Detroit,26075006801,-84.196326,42.355359,0.005064893953782843,0.17480619810778728,0.39939277554484665,False
Detroit,26093742201,-83.82034,42.584189,0.007201309328968904,-0.10937192667306939,-0.1383334616107006,False
Detroit,26093712101,-83.901798,42.6425,0.0032331070158422245,-0.17269989967888172,-0.21013526930815318,False
Detroit,26093740700,-83.727658,42.552698,0.006293965198074787,0.055731965848846376,0.08144052223193696,False
Detroit,26093732100,-84.072856,42.459972,0.0036003600360036,0.09338827458288144,0.18275842924807517,False
Detroit,26093742401,-83.88628,42.587992,0.008751139471285323,-0.18093982692005794,-0.21377387412909413,False
Detroit,26093742402,-83.870056,42.591492,0.008751139471285323,-0.17048436331870065,-0.20409529280382907,False
Detroit,26093740200,-83.707198,42.557275,0.0005224660397074191,0.11663952386979698,0.17815557928946618,False
Detroit,26093742700,-83.854872,42.544392,0.0027122321670735015,-0.18871043930229414,-0.2247430884935343,False
Detroit,26093740300,-83.769504,42.589011,0.004205214465937763,-0.02335840553288651,-0.031082692358067782,False
Detroit,26093742900,-83.820535,42.527286,0.00476071160110248,-0.12004262773138093,-0.16375693283425624,False
Detroit,26093740800,-83.736708,42.527527,0.004369992716678805,-0.0004596767532632495,-0.0006448898886687539,False
Detroit,26161461000,-83.852157,42.376571,0.005562338895672229,0.18327122430128384,0.4635486584771435,False
Detroit,26093713300,-83.779742,42.657254,0.006588950836289914,-0.07292392533573466,-0.1013034428814523,False
Detroit,26093721100,-83.979319,42.725869,0.0021565003080714724,-0.15315428887301896,-0.16127478777044202,False
Detroit,26093740500,-83.780908,42.564109,0.002134016218523261,-0.061437137246268606,-0.08006814885804507,False
Detroit,26125167400,-83.329664,42.451065,0.22853185595567868,0.10177078922188428,0.7919405387916043,False
Detroit,26163521100,-83.08278,42.322091,0.2707253886010363,-0.05266346023645292,-0.5082161118692519,False
Detroit,26093730101,-83.991525,42.576396,0.0030643513789581204,-0.2118675286210493,-0.22263014297241904,False
Detroit,26093740900,-83.762648,42.536852,0.015399900645802286,-0.05134000550527783,-0.06929122064663469,False
Detroit,26125138100,-83.610383,42.447055,0.01581145584725537,0.5335942723759535,1.3474659932839237,False
Detroit,26049012906,-83.702539,42.897465,0.06804198335142961,0.7200903643695238,0.40344526408315756,False
Detroit,26163536800,-83.166197,42.406044,0.9610077984403119,0.13950682990167151,1.2112930672305846,False
Detroit,26125136102,-83.5051,42.521389,0.18604651162790697,0.455375613429284,1.3333559306698242,False
Detroit,26099250200,-82.883557,42.526961,0.03278070836473248,0.24517178457195393,1.9391391724751856,False
Detroit,26163569200,-83.321502,42.329764,0.06042955951947579,0.1472094643421154,1.4906284865979353,False
Detroit,26151971200,-82.767558,43.242267,0.003329416372894634,1.3832035994640697,1.5662451994547577,False
Detroit,26099215300,-83.036736,42.723263,0.02587202587202587,0.13998280392146642,0.22118422262734644,False
Detroit,26099264200,-82.977616,42.4576,0.43018960847082,-0.14740462438296603,-1.1027810039848283,False
Detroit,26099211000,-82.753983,42.810343,0.008851063829787235,0.8359116581600248,2.633697542240426,True
Detroit,26099258400,-82.940522,42.46878,0.44680851063829785,0.030559262932005362,0.2580266782875361,False
Detroit,26099247200,-82.841259,42.583446,0.07611207394569613,0.7004951974380272,3.0715840491030733,True
Detroit,26099260000,-82.979048,42.534149,0.07048192771084337,0.0927050671563919,0.5879730907258337,False
Detroit,26099240900,-82.90067,42.574585,0.0376226826608506,0.5930360172626873,2.738734690197303,True
Detroit,26147637100,-82.486223,42.925459,0.005076142131979695,0.7108116650668821,2.1055505271920003,True
Detroit,26099224600,-82.947258,42.63577,0.08986825595984943,0.6261733646614158,2.075049688570111,True
Detroit,26099217000,-82.811172,42.769304,0.004313725490196078,0.8412973386574811,2.655764731632262,True
Detroit,26099251100,-82.889242,42.492065,0.013726487036095577,0.11724482878373352,1.0153900805723923,False
Detroit,26099230400,-83.01945,42.61744,0.024494142705005325,0.11814207187486953,0.2633959285352407,False
Detroit,26163546300,-83.263651,42.369244,0.8616071428571429,-0.044529279866258036,-0.4820107085675161,False
Detroit,26099247601,-82.861995,42.565081,0.3971462544589774,0.6049398283186261,2.9691719703381305,True
Detroit,26099241600,-82.9229,42.54567,0.31918178309532996,0.2598653548614077,1.7135556133991248,False
Detroit,26099226400,-82.988837,42.680145,0.028153153153153154,0.44973038993412173,1.0972267232632438,False
Detroit,26099243000,-82.924232,42.617831,0.09995709995709996,0.731886813932965,2.7119282084853644,True
Detroit,26163579700,-83.154378,42.245038,0.24443695212407282,0.14933075050713587,1.2584425506711634,False
Detroit,26099224300,-82.966271,42.649494,0.022457891453524642,0.5023097439584641,1.487441216803206,False
Detroit,26099268400,-83.010275,42.469538,0.29483960948396093,-0.12441734867172885,-0.9224639997255567,False
Detroit,26099221500,-82.839238,42.699496,0.03898170246618934,0.8678595792014068,3.006194559655097,True
Detroit,26099254100,-82.959209,42.546408,0.0898537264917576,0.16957730830477183,0.9743019507171994,False
Detroit,26099231600,-83.079159,42.557706,0.07349979863068869,-0.09198125450856974,-0.22578873257953297,False
Detroit,26099241200,-82.908252,42.561078,0.16102236421725238,0.468847509082981,2.4617769028504717,True
Detroit,26163516000,-83.008303,42.371255,0.8572706935123042,0.1792787635939479,1.4425311583728904,False
Detroit,26099256300,-82.934546,42.490265,0.3482096523092891,0.055519329765230566,0.4745183490626763,False
Detroit,26099250300,-82.896614,42.530915,0.07881136950904392,0.248091154672219,1.900278969553745,False
Detroit,26099215200,-83.054717,42.737796,0.006725179528097572,-0.1260397437264956,-0.1984918108474744,False
Detroit,26147640600,-82.574275,42.87776,0.002982530890498509,0.6706401830556447,2.3080329192796825,True
Detroit,26099232000,-82.98017,42.556267,0.08531409168081494,0.31091507584785866,1.141669108231341,False
Detroit,26125160400,-83.309851,42.496278,0.7972076788830715,0.253553639069407,1.9540446102481663,False
Detroit,26099247300,-82.805569,42.588124,0.04737919093341728,0.7431433708422398,3.1612548812098074,True
Detroit,26099224100,-82.915372,42.651213,0.05715948777648428,0.7881703182276065,2.753647938714118,True
Detroit,26099240800,-82.917792,42.5758,0.19487257744544484,0.5625133104245202,2.5704263816369424,True
Detroit,26099252100,-82.895919,42.454871,0.058360352014821676,0.07366855356741807,0.6392590309550945,False
Detroit,26099255100,-82.914061,42.51463,0.10614345448697331,0.12552748175605605,1.0418916226356025,False
Detroit,26125190200,-83.120335,42.749537,0.01327433628318584,0.18444754473090055,0.6096350967484022,False
Detroit,26147658100,-82.812051,43.023985,0.002783300198807157,0.8110404814957888,1.4241249422886006,False
Detroit,26147629000,-82.441545,43.018115,0.036221060492905154,0.74923661289769,1.8878189516215385,False
Detroit,26147651600,-82.671121,42.848866,0.0048638132295719845,0.6496638906233305,2.4239212544108173,True
Detroit,26099241000,-82.874301,42.575903,0.31106701940035275,0.6652779733344264,2.908776311200802,True
Detroit,26099262800,-82.973991,42.485925,0.2857813233223839,-0.052629245030621885,-0.40267360979961064,False
Detroit,26099225200,-83.045444,42.695,0.017726340462935832,-0.057739857515056725,-0.08750051346810798,False
Detroit,26099258100,-82.938154,42.475988,0.38977800722767164,0.04310911051459106,0.35648292309484797,False
Detroit,26099223400,-82.88042,42.645891,0.05448389890559798,0.8363402079649471,3.0528540961465134,True
Detroit,26099214000,-83.009582,42.831911,0.011143887250081941,0.39306429972727625,0.6778976777400368,False
Detroit,26099224200,-82.913112,42.636294,0.12820779220779221,0.7912411791114021,2.827012079255998,True
Detroit,26099231100,-82.993714,42.570951,0.09710576142818501,0.3662720291829861,1.0393512547776067,False
Detroit,26099225600,-83.085591,42.636834,0.052505446623093685,-0.6639939326222298,-0.8198688118161765,False
Detroit,26125192000,-83.136849,42.700428,0.029582929194956354,0.08684269051449714,0.33123765446371173,False
Detroit,26163577500,-83.174385,42.243127,0.06850459482038429,0.1829573840093098,1.4079090240628167,False
Detroit,26099223800,-82.955273,42.700715,0.019245283018867923,0.6456492465168354,1.81903507073936,False
Detroit,26147646000,-82.562742,42.637409,0.0022172949002217295,0.8774066632625216,2.902504221674472,True
Detroit,26147650100,-82.675931,42.696132,0.015435222672064777,0.9456032827241867,3.250739492797874,True
Detroit,26099242500,-82.942669,42.610603,0.10543872371283539,0.6300970641293023,2.285058016515806,True
Detroit,26099241400,-82.940392,42.558987,0.039597737272155875,0.311233484593543,1.6378478373380232,False
Detroit,26099258200,-82.959784,42.476026,0.34986945169712796,-0.015878797162436578,-0.12569610718687177,False
Detroit,26087336000,-83.402735,43.014542,0.007078630189401186,0.20548951706446061,0.6320962064971267,False
Detroit,26099218000,-82.779345,42.73133,0.18539032291775526,0.9116561351516685,2.977048946083583,True
Detroit,26163531700,-83.11861,42.397336,0.9355623100303951,0.06937130883076958,0.7498516948420842,False
Detroit,26147634600,-82.525021,42.96026,0.007062876830318691,0.7071864441090165,2.007440860935276,True
Detroit,26099232100,-82.982633,42.545087,0.16726929728030185,0.2115692194056599,1.0718110818092255,False
Detroit,26125196000,-83.100094,42.604451,0.02442868400315209,-0.4303808839553417,-0.5375264158454072,False
Detroit,26099245200,-82.892534,42.612691,0.25684485006518903,0.7856384363209341,3.00277590252531,True
Detroit,26125173000,-83.120511,42.469085,0.05815831987075929,-0.0649500869039933,-0.5433711393416452,False
Detroit,26125160000,-83.226544,42.491511,0.6232876712328768,0.21416933200496555,2.113560948241268,True
Detroit,26147658500,-82.805088,42.933671,0.003130335799658509,0.6851822131481762,1.572595198253619,False
Detroit,26099210000,-82.792353,42.856737,0.008346858335265477,0.7621310603158855,2.1292708976591395,True
Detroit,26163524900,-83.122684,42.293353,0.16274089935760172,0.004411006614565479,0.05148922967378669,False
Detroit,26099255800,-82.926112,42.499015,0.1466403162055336,0.07331666549716234,0.6254530747835794,False
Detroit,26099241800,-82.880429,42.548001,0.38972809667673713,0.42098218199857057,2.670567969909907,True
Detroit,26099261800,-82.99674,42.496031,0.11375387797311272,-0.12487411770169304,-0.9293012320541401,False
Detroit,26099223500,-82.878807,42.697581,0.022556390977443608,0.8262026399324486,2.8480978750482837,True
Detroit,26099225900,-83.025468,42.651933,0.017554240631163707,0.08533944463367596,0.15528047450009144,False
Detroit,26099261500,-82.977084,42.511374,0.20956719817767655,-0.03760415351239596,-0.2801505954497963,False
Detroit,26099240600,-82.941559,42.592181,0.11148062463851938,0.5747521603342717,2.290278765612377,True
Detroit,26099250400,-82.901498,42.516382,0.04136947218259629,0.1555237046417785,1.298951220947718,False
Detroit,26099260100,-82.978963,42.526548,0.18663516706041175,0.029082560954293755,0.2000857087950526,False
Detroit,26163550900,-82.879701,42.435073,0.010894941634241245,0.046711877369301644,0.40095466102634536,False
Detroit,26099223900,-82.942103,42.678916,0.02499439587536427,0.6917125635132702,2.1530643752484018,True
Detroit,26163578500,-83.180041,42.28625,0.0898876404494382,-0.024798764309092704,-0.2790634470364092,False
Detroit,26163505500,-83.005752,42.396141,0.9209809264305178,0.19412219901915917,1.3852393100487248,False
Detroit,26099228100,-83.034164,42.62739,0.03592814371257485,-0.02345748860066804,-0.04452579078180995,False
Detroit,26099221800,-82.79647,42.695068,0.04361132364192808,0.9263901598671983,3.1267907118161813,True
Detroit,26099261200,-82.998038,42.517972,0.14507589128132722,-0.06534326071039566,-0.4499256783278072,False
Detroit,26163554800,-83.286712,42.392103,0.6023262254223207,0.011682708290878207,0.1265014619829215,False
Detroit,26099220001,-82.73586,42.694373,0.020940339786645595,0.9462029047718263,3.3060037300551914,True
Detroit,26099268200,-82.823526,42.646816,0.020186335403726708,0.8732556644607852,3.1356535851677356,True
Detroit,26099230300,-83.004073,42.617184,0.05456545654565457,0.2173845298735736,0.519907542285391,False
Detroit,26099241500,-82.959747,42.560189,0.1458863443596268,0.27218151758646225,1.2842100854077247,False
Detroit,26099261600,-82.982043,42.503855,0.10664718772826881,-0.0681757254093344,-0.504883702117356,False
Detroit,26099230000,-82.97933,42.618352,0.11400925536390408,0.34435256284391386,0.9712967099330834,False
Detroit,26147655100,-82.834141,43.121676,0.002033760423022168,1.2858795533048122,1.6205358451452638,False
Detroit,26099267600,-82.982043,42.497367,0.13180901143241425,-0.07693103359154874,-0.5789746946259589,False
Detroit,26099245300,-82.890787,42.588549,0.09757174392935983,0.6994328960582064,2.9149286526596807,True
Detroit,26099251500,-82.910867,42.476892,0.0811577752553916,0.08831484447284262,0.7540538406759298,False
Detroit,26125184100,-83.153424,42.4938,0.029647715381932335,0.14030256037160962,1.4809157083370426,False
Detroit,26099224000,-82.926413,42.664991,0.04822924734211082,0.7513836949158431,2.515070893575293,True
Detroit,26163516500,-83.016135,42.338844,0.478125,0.023114894785089823,0.1760970491122509,False
Detroit,26099222102,-82.785619,42.682389,0.0850613154960981,0.9268320216651109,3.2045553929356205,True
Detroit,26099260200,-82.997685,42.525247,0.04051724137931034,-0.027846078595295726,-0.18891058101959332,False
Detroit,26099222101,-82.819893,42.683885,0.10436652332120411,0.8923073130441361,3.135412928874272,True
Detroit,26147650200,-82.662033,42.680629,0.003940886699507389,0.9448176130686781,3.268448946555209,True
Detroit,26099247500,-82.847813,42.569523,0.11854792966534317,0.6482052017700923,3.032864368306125,True
Detroit,26099242000,-82.965648,42.617219,0.1690717628705148,0.4540492406889954,1.4382288229798472,False
Detroit,26099241700,-82.913163,42.548094,0.14827512320548533,0.33490610632264955,2.0548745814749187,True
Detroit,26163576500,-83.205653,42.250516,0.011022814662906947,0.0990957837002683,0.8467934677142209,False
Detroit,26163554100,-83.298764,42.43766,0.4271250294325406,0.06440881520324779,0.5057559065666918,False
Detroit,26163581100,-83.211402,42.208707,0.1349740932642487,0.17951713523781562,1.3417272252305308,False
Detroit,26163584000,-83.243542,42.236201,0.27537473233404713,0.14671127025042585,1.1808904571007417,False
Detroit,26125161900,-83.24637,42.464058,0.68498322147651,0.17943284929523423,1.5687842218122285,False
Detroit,26163581900,-83.186778,42.206717,0.027958387516254877,0.2095342333224306,1.4700107432029759,False
Detroit,26163577900,-83.191007,42.224826,0.07203994293865906,0.20069184143165048,1.4642336242950422,False
Detroit,26163584400,-83.282824,42.202969,0.18761844598862917,0.2598649813876224,1.8011060731880824,False
Detroit,26163576300,-83.225606,42.252546,0.028115820394460762,0.05491791422360544,0.5105566572838758,False
Detroit,26163576200,-83.224227,42.260795,0.028448947778643804,0.007182158877021179,0.07045053141909764,False
Detroit,26163580200,-83.15888,42.228851,0.021291696238467,0.1995901088425133,1.5136619242663614,False
Detroit,26163581500,-83.187787,42.217422,0.0389937106918239,0.2073379427820967,1.4882955637478419,False
Detroit,26163576700,-83.223704,42.235652,0.03672238969580707,0.13415953009417825,1.1072639050435593,False
Detroit,26163585600,-83.36931,42.261024,0.7553191489361702,0.26400004239714925,2.034944968932313,True
Detroit,26163584100,-83.240782,42.221264,0.05104281009879254,0.1660963535308462,1.3207524803668635,False
Detroit,26163591800,-83.262417,42.133028,0.1087413152367103,0.17710962747164474,1.1860660704021138,False
Detroit,26163582100,-83.202778,42.192588,0.012840267077555213,0.18914764771653855,1.336266444601068,False
Detroit,26163593300,-83.253065,42.129132,0.07722549845549002,0.17006359350182482,1.1640370939730091,False
Detroit,26163581800,-83.198785,42.204124,0.030393996247654785,0.1958550948855227,1.396544654824358,False
Detroit,26163580600,-83.165895,42.207359,0.01320450885668277,0.21770120202487878,1.5466523306637514,False
Detroit,26163577400,-83.185986,42.244625,0.07777470246332688,0.1743058944712358,1.3372356384981126,False
Detroit,26163580300,-83.16219,42.218963,0.01735985533453888,0.21339579586761614,1.5586658629834187,False
Detroit,26163594100,-83.196791,42.149013,0.0059266013220879874,0.17500614582692794,1.1716464154203303,False
Detroit,26163584500,-83.249971,42.205847,0.18793418647166363,0.1806826245943962,1.3568528594644018,False
Detroit,26163591501,-83.25661,42.174611,0.20168711656441718,0.17427214399686938,1.2479816922289377,False
Detroit,26163587900,-83.469072,42.244878,0.4383464005702067,0.22982710154661457,1.4756528668721878,False
Detroit,26163582000,-83.185224,42.191592,0.16431616923581502,0.20609627775000797,1.4074970717026376,False
Detroit,26163593000,-83.223577,42.126814,0.08447613823368075,0.1600161888839776,1.0877371728285463,False
Detroit,26163583300,-83.258949,42.251685,0.05581576893052303,0.1690318855111858,1.2279905939188258,False
Detroit,26163577800,-83.19016,42.234699,0.05006765899864682,0.18631830473092,1.4011291053894128,False
Detroit,26163580400,-83.174075,42.21801,0.01233616037008481,0.21766309414580148,1.556687612118436,False
Detroit,26163583600,-83.258289,42.245449,0.053220208252988815,0.1820886390842462,1.3019728526368568,False
Detroit,26163576100,-83.198561,42.264482,0.046805111821086265,0.04742915881677352,0.4414127256714958,False
Detroit,26163584200,-83.261871,42.219423,0.3045040066316662,0.21789077342563265,1.534686953788655,False
Detroit,26163591900,-83.231593,42.102252,0.08312912346842602,0.1617576420867017,1.0684931685847865,False
Detroit,26163577300,-83.197033,42.247878,0.057885410513880686,0.13617049201117343,1.0965514445913669,False
Detroit,26163580800,-83.157513,42.196459,0.020516214427531435,0.21989759234765202,1.5300840349303058,False
Detroit,26163540600,-83.23392,42.422362,0.9270006108735491,0.046019140100429456,0.24196539451865665,False
Detroit,26163580700,-83.153536,42.2075,0.02066590126291619,0.2208133818300595,1.57360934087694,False
Detroit,26163583100,-83.292893,42.265296,0.10151133501259446,0.23433578368187874,1.947919463050311,False
Detroit,26163577700,-83.174342,42.232218,0.0644234714813295,0.2013405755965187,1.500355587661658,False
Detroit,26163588200,-83.507282,42.215684,0.37268666241225273,0.2446800696708305,1.4520412348848082,False
Detroit,26163584600,-83.246275,42.1921,0.33068520357497516,0.17127051617994862,1.2790588141163626,False
Detroit,26163572200,-83.302219,42.333809,0.04835779175401817,0.08265898305110506,0.8276202804668464,False
Detroit,26163581200,-83.218997,42.19184,0.059421841541755886,0.17370219452643876,1.28928133047083,False
Detroit,26163542200,-83.20779,42.404744,0.9440175631174533,0.015310803912228173,0.13620335223940214,False
Detroit,26163595100,-83.202649,42.178005,0.06477293287497739,0.18145253215630464,1.2787902186711302,False
Detroit,26163583000,-83.256894,42.263807,0.06113707165109034,0.11137162983143883,0.8979631417681302,False
Detroit,26163591700,-83.2839,42.133021,0.07850620144473218,0.21483918402845079,1.3814979986309093,False
Detroit,26163578000,-83.174527,42.225065,0.11656671664167916,0.21103538090407103,1.5392183365868666,False
Detroit,26163588300,-83.518234,42.194665,0.17659425367904696,0.26146894277660115,1.5261886927719523,False
Detroit,26163590600,-83.33068,42.127223,0.030278562777553492,0.3068853418665756,1.9651024059851763,True
Detroit,26163576400,-83.217226,42.248673,0.018631813125695215,0.08420949823161208,0.7449683673941627,False
Detroit,26163513200,-82.938539,42.368237,0.7180851063829787,-0.09856744929178803,-0.6379896403582145,False
Detroit,26125157100,-83.350604,42.550061,0.18720503408495018,0.10179516871062651,0.8645779957380402,False
Detroit,26163552800,-83.053021,42.390952,0.07448849104859336,0.16766500809689838,1.3452147316591165,False
Detroit,26163537700,-83.191358,42.397791,0.9380654140570633,-0.011303264193163808,-0.11652711408432942,False
Detroit,26163516700,-83.023375,42.347674,0.9406463642013673,0.026030645097880233,0.1975932675979951,False
Detroit,26163531100,-83.115922,42.375686,0.9291754756871036,-0.05783333534556459,-0.5743547693875491,False
Detroit,26163550600,-82.896128,42.397109,0.008160237388724036,-0.07778523558104061,-0.6102024875038742,False
Detroit,26163504200,-82.972222,42.408721,0.9355231143552312,-0.22475473728163708,-1.5971811961835913,False
Detroit,26163536700,-83.163797,42.399209,0.9374407582938389,0.07054087755416441,0.6725856180985278,False
Detroit,26163543000,-83.22548,42.407077,0.8650168728908887,-0.011910003693472726,-0.08943902018458012,False
Detroit,26099263600,-83.073962,42.454501,0.35237909516380655,0.07966481236313941,0.6900318477439943,False
Detroit,26163503900,-82.986943,42.412639,0.9075144508670521,-0.14793391792250815,-1.122317439147167,False
Detroit,26163514300,-82.995185,42.387747,0.9251040221914009,0.17211898084404195,1.2159540286641284,False
Detroit,26163526400,-83.130846,42.340242,0.15808045165843332,-0.09054713349728609,-1.1600651503933332,False
Detroit,26163516400,-83.008233,42.351029,0.6071103008204193,0.08816557810616182,0.6901043179591252,False
Detroit,26163505000,-83.008136,42.437626,0.924717999019127,-0.05453979840908274,-0.4581589322679979,False
Detroit,26125150700,-83.312318,42.550625,0.03871248368856024,0.2150997215871857,1.8344747006262596,False
Detroit,26163512400,-82.956963,42.39202,0.8982619754133108,-0.15747443308268502,-1.055199899966397,False
Detroit,26163514100,-82.988786,42.379996,0.9393764434180139,0.15782780140957683,1.1172276426868977,False
Detroit,26163516600,-83.024078,42.340149,0.9213294068153134,4.429485804575278e-05,0.00032885945834242573,False
Detroit,26163513700,-82.956716,42.365226,0.9362843729040912,0.009649740701390727,0.06044349718933126,False
Detroit,26163985100,-83.056947,42.377463,0.512987012987013,0.1138673299164677,0.907777279328904,False
Detroit,26163522100,-83.101778,42.343322,0.7141652613827993,-0.10472119069544075,-1.1586217114589343,False
Detroit,26163501500,-82.926747,42.417955,0.879930966469428,-0.08317763829081196,-0.6733050849992176,False
Detroit,26163501400,-82.938152,42.408639,0.869757174392936,-0.15930957028531056,-1.1877969365909482,False
Detroit,26163516900,-83.029273,42.344181,0.8659403126480341,0.008885252831307446,0.06698537217996524,False
Detroit,26163533200,-83.111473,42.368488,0.9202898550724637,-0.09103797326612899,-0.9585346619531039,False
Detroit,26163503400,-82.980826,42.439144,0.8521444695259593,-0.27371305464234014,-1.9287304544871067,False
Detroit,26099252200,-82.882495,42.457037,0.049872588278121584,0.08395196498783195,0.7300968767668933,False
Detroit,26163512300,-82.965994,42.38849,0.8982619754133108,-0.08061267192126045,-0.5295327035564156,False
Detroit,26163500600,-82.963585,42.431628,0.9234769687964339,-0.24858019587080446,-1.7022811272599347,False
Detroit,26163539300,-83.180363,42.435108,0.9430529923543369,0.07897732767233075,0.6402519103515376,False
Detroit,26163512200,-82.975471,42.392977,0.926829268292683,-0.043050612731773755,-0.2969781222301009,False
Detroit,26163501000,-82.951426,42.418686,0.933106960950764,-0.19517892750103347,-1.4349005745074115,False
Detroit,26099264000,-83.01789,42.452226,0.5297105129507365,-0.02087098687827335,-0.17382047189143868,False
Detroit,26099251700,-82.89745,42.46878,0.09763205828779599,0.0918673897757037,0.793686438147911,False
Detroit,26163532600,-83.088757,42.369289,0.7809477756286267,-0.05161555119226138,-0.42197660942479437,False
Detroit,26163503300,-82.994594,42.438437,0.9204578808335779,-0.1773884234974175,-1.437398711396875,False
Detroit,26163512600,-82.955512,42.382387,0.8803312629399586,-0.10153750295842337,-0.66302365846427,False
Detroit,26163500300,-82.965003,42.439095,0.8855281526291299,-0.22161217427544944,-1.5140646993310298,False
Detroit,26163503200,-82.99428,42.44539,0.899400399733511,-0.16093493361026742,-1.2988591445231434,False
Detroit,26163501300,-82.949556,42.403553,0.9252761533463287,-0.20364744600957024,-1.4698164026451088,False
Detroit,26163516800,-83.024718,42.356526,0.8224956063268892,0.05568836712376291,0.43840525934389796,False
Detroit,26163535400,-83.1932,42.361771,0.8922413793103449,-0.15796991687939815,-2.0221807550310444,True
Detroit,26163538700,-83.165445,42.42364,0.9497776615223646,0.08554535729421459,0.6077190985700038,False
Detroit,26163533900,-83.080214,42.3716,0.6585220500595947,-0.002363540800270231,-0.018794657784346292,False
Detroit,26163551400,-82.925902,42.444613,0.6795305800045136,0.02223051780828328,0.18668117064788556,False
Detroit,26163533300,-83.107219,42.362044,0.8754180602006689,-0.11486631179814552,-1.201864760189984,False
Detroit,26163534200,-83.158257,42.380489,0.9388164493480441,-0.039276763503713785,-0.424411472475806,False
Detroit,26163531500,-83.12346,42.386963,0.8973621103117506,0.013547717183902942,0.13747594932511295,False
Detroit,26163512100,-82.964444,42.398693,0.926829268292683,-0.18041617451791925,-1.173526216268444,False
Detroit,26163508000,-83.112742,42.436386,0.8214936247723132,0.07981187738931145,0.666963694073686,False
Detroit,26163501700,-82.922337,42.403925,0.7376014427412083,-0.11833534317971972,-0.9355765736303197,False
Detroit,26163522300,-83.095282,42.358665,0.9103101424979044,-0.09331606874289854,-0.9070303220117333,False
Detroit,26163535000,-83.174484,42.360973,0.9091663210286188,-0.1206736236493389,-1.4976262029022775,False
Detroit,26125162300,-83.22631,42.451796,0.8641248720573184,0.19098556812704556,1.551731543319959,False
Detroit,26125156200,-83.423056,42.578367,0.0430511412886449,0.07196615803340847,0.4362251797473878,False
Detroit,26125135200,-83.506349,42.539111,0.04751066856330014,0.5317597461701472,1.5710569369462506,False
Detroit,26125167900,-83.408815,42.518591,0.19346995484543245,0.3316808189369645,2.1443586389996954,True
Detroit,26163564700,-83.449179,42.300603,0.18354299855640338,0.25651898197556305,1.7087849014362426,False
Detroit,26125170400,-83.172453,42.492367,0.034282700421940926,0.22714659990501557,2.4044796481843793,True
Detroit,26125197200,-83.119148,42.571014,0.039781591263650544,-0.1996844686266511,-0.3877218121617644,False
Detroit,26125134300,-83.493924,42.578825,0.01170534813319879,0.6060368744297783,1.9022093026023623,False
Detroit,26125145300,-83.368829,42.631055,0.03905325443786982,-0.21477364276563699,-1.4581910118205523,False
Detroit,26125156100,-83.414191,42.599725,0.10040160642570281,-0.07642016228187382,-0.49454587242569137,False
Detroit,26125154600,-83.387418,42.608405,0.08891250442791357,-0.158431248876861,-1.0967354155932665,False
Detroit,26125145700,-83.353336,42.659275,0.04271548436308162,-0.28823165770636,-1.8561897670109115,False
Detroit,26125156900,-83.349777,42.536499,0.21192893401015228,0.1597805924729798,1.3312826176743386,False
Detroit,26099260700,-83.057006,42.524057,0.09894593675620537,-0.0730344543140584,-0.4567379060554705,False
Detroit,26125136500,-83.443137,42.459765,0.10194690265486726,0.18227737695047494,0.6935481146781944,False
Detroit,26125137400,-83.511229,42.454649,0.03662286832541236,0.3666191205458449,1.0163328637899456,False
Detroit,26125166000,-83.341416,42.521914,0.2165528324628365,0.20122576714915147,1.6672908019465118,False
Detroit,26125134600,-83.489623,42.554065,0.008957452102513063,0.5774406708821601,1.7741369523609372,False
Detroit,26125167800,-83.428679,42.518871,0.1769787063077541,0.3659302141309493,1.9723503231828312,True
Detroit,26125156500,-83.382351,42.564306,0.17007558915073365,0.03022797062619202,0.2338641833438686,False
Detroit,26125188100,-83.178536,42.48154,0.005185480654168329,0.19321720508462664,2.025714258278171,True
Detroit,26125157600,-83.388257,42.549029,0.1800926947693666,0.1403314008682034,1.0523273480052227,False
Detroit,26125130700,-83.456173,42.629172,0.019268110530246452,-0.04878153089632968,-0.24047266747553536,False
Detroit,26125165000,-83.363968,42.464155,0.08788282290279627,0.18242482968001225,1.2937116239152253,False
Detroit,26125161500,-83.229985,42.477492,0.7858276044420941,0.18213980053743162,1.7703981100611572,False
Detroit,26163566700,-83.389676,42.272229,0.12446567764646718,0.2668792201938956,1.9782833728763694,True
Detroit,26125156000,-83.335811,42.596575,0.07933579335793357,-0.11579718407737058,-0.8831650005901852,False
Detroit,26163560300,-83.459557,42.416072,0.039744302390216785,0.35930367149368225,1.1598840132123795,False
Detroit,26125154500,-83.378169,42.584392,0.05585344057193923,-0.07752000441107001,-0.5842695098907855,False
Detroit,26125168400,-83.422468,42.451349,0.1362907536076964,0.18154321968612086,0.954502984970594,False
Detroit,26125166100,-83.36687,42.521509,0.2559327125262842,0.23383885319876493,1.7814466270179907,False
Detroit,26125134900,-83.481657,42.531515,0.05481852315394243,0.4732233406152279,1.4943954860062891,False
Detroit,26125156400,-83.342179,42.564792,0.06600496277915632,0.04108673982500525,0.3547084566960969,False
Detroit,26125154100,-83.425255,42.607809,0.05758783049619703,-0.08571730634080624,-0.5057342973693693,False
Detroit,26125134700,-83.477564,42.545359,0.07987711213517665,0.5346932634231308,1.6948481577096195,False
Detroit,26125151000,-83.25274,42.547567,0.009870224821787607,0.3321683580589814,3.510457398862248,True
Detroit,26125167300,-83.351086,42.447259,0.17378458232608113,0.14205963150994322,1.0277212661617436,False
Detroit,26125157700,-83.387591,42.534618,0.1343226788432268,0.2312294097208295,1.6942946421520884,False
Detroit,26125152000,-83.245287,42.579121,0.032511210762331835,0.315772418640312,3.1444268169772025,True
Detroit,26125132700,-83.607647,42.586913,0.010705921712947474,0.5280896178078277,1.1312716429986325,False
Detroit,26125133001,-83.546335,42.54243,0.01923762023512647,0.5550714943538391,1.5352932120403333,False
Detroit,26125133003,-83.525467,42.531324,0.08844901027311451,0.5146824697707274,1.48487686996943,False
Detroit,26125168800,-83.407107,42.481919,0.12303231151615576,0.23799677172734285,1.58908353259421,False
Detroit,26163583900,-83.262502,42.234157,0.3212524654832347,0.21775877504612484,1.5149415030318272,False
Detroit,26163530300,-83.13356,42.401332,0.9388516032811335,0.12020143230780758,1.2682955898220794,False
Detroit,26125138301,-83.651786,42.504153,0.015805877114870883,0.2809296751692297,0.4864996482180957,False
Detroit,26125157300,-83.428516,42.533104,0.17365088935785347,0.3716400658205284,2.0647350726939555,True
Detroit,26125131800,-83.642186,42.653225,0.006367736800212258,0.3708176112553852,0.653216104887204,False
Detroit,26099258600,-82.939287,42.46026,0.5731200664727877,0.029794415666266526,0.24441439964493894,False
Detroit,26125156300,-83.340751,42.577969,0.07212238950947061,-0.025130212454169753,-0.20805793059162717,False
Detroit,26125130500,-83.507014,42.633553,0.008733624454148471,0.33223527401252256,1.144538525840358,False
Detroit,26125136300,-83.474881,42.459206,0.06913060130218307,0.24975527642130674,0.777133810716193,False
Detroit,26125157500,-83.409569,42.549809,0.1985512018439249,0.22447661134252261,1.458089256481796,False
Detroit,26125197000,-83.137835,42.577303,0.028948902273168837,-0.024771038890231106,-0.09495446826209906,False
Detroit,26125167000,-83.376985,42.484495,0.13209251897361762,0.23831549706859836,1.6295094686349911,False
Detroit,26125157800,-83.371675,42.535527,0.24049563503238525,0.17363306688150926,1.4042397943446647,False
Detroit,26099231700,-83.059509,42.557645,0.06043525912008768,0.0330368456975099,0.09332518601307117,False
Detroit,26099225701,-83.062733,42.630033,0.13366519174041297,-0.4111610970682621,-0.5835608621397249,False
Detroit,26099254200,-82.960186,42.530264,0.08260577568838147,0.05873878567463238,0.4316597224285318,False
Detroit,26099260800,-83.075496,42.529006,0.05921294593600589,-0.15383304892230956,-1.028717141859482,False
Detroit,26099225702,-83.065436,42.642652,0.00998003992015968,-0.48730087313670795,-0.6483784857179175,False
Detroit,26099232300,-83.06101,42.544456,0.1053921568627451,-0.025711532475814786,-0.1097918411533246,False
Detroit,26125175000,-83.101955,42.472199,0.09316546762589928,-0.08601814562814257,-0.7220485744861133,False
Detroit,26125184700,-83.11919,42.47985,0.01730769230769231,-0.08158310531598,-0.7696468401086152,False
Detroit,26163507300,-83.087589,42.427169,0.9264770240700219,0.10726304384955566,1.0664971121463138,False
Detroit,26125158200,-83.212773,42.525256,0.04051296997959779,0.28808300680707327,2.962934902690547,True
Detroit,26099231200,-83.021713,42.573865,0.07979924717691343,0.2783301444264954,0.7327336649060904,False
Detroit,26125175200,-83.090383,42.455122,0.131640931693274,0.06064545867556946,0.5246143091511947,False
Detroit,26125161600,-83.248485,42.480927,0.67334000667334,0.21571236205837446,1.9887219654587163,True
Detroit,26147645000,-82.548321,42.691315,0.002456248081056187,0.7524583747138619,2.911519867977499,True
Detroit,26125197100,-83.119694,42.58548,0.022765316370940744,-0.4389565262053378,-0.6689764685209799,False
Detroit,26099261700,-82.998261,42.503414,0.3351931330472103,-0.12068442268362337,-0.864033517718457,False
Detroit,26125131300,-83.636423,42.625036,0.006046705587989992,0.41019725040624583,0.7543603092105335,False
Detroit,26099231800,-83.018152,42.557861,0.050560512468542665,0.3149570380770964,1.006393483409612,False
Detroit,26099225100,-83.027178,42.685566,0.033752860411899316,0.17538878008199132,0.29341530884984607,False
Detroit,26125129000,-83.24173,42.783059,0.009797297297297298,-0.1574425521986072,-0.8268634285878884,False
Detroit,26125142100,-83.30434,42.637272,0.43266301035953686,-0.2561161459847629,-1.6904625614472717,False
Detroit,26099231500,-83.079807,42.57241,0.027711065952336966,-0.1817709033332896,-0.3240789380215632,False
Detroit,26099241300,-82.924645,42.563047,0.2555898226676947,0.4226589182970118,2.2075185936129555,True
Detroit,26099224500,-82.964609,42.635971,0.03662045513994246,0.48662473892394126,1.4660360317279362,False
Detroit,26163510500,-83.06423,42.410019,0.2176199868507561,0.1549999974814294,1.270450853907547,False
Detroit,26163525000,-83.099619,42.304348,0.16227758007117438,-0.005450339919399744,-0.0596907541117055,False
Detroit,26099231000,-83.00111,42.579904,0.04345805252149663,0.33554157901760195,0.9157701031013818,False
Detroit,26099260300,-82.997194,42.533181,0.08031599736668861,0.058121025598874484,0.36108627366944596,False
Detroit,26099254500,-82.935838,42.530866,0.10911634413616228,0.11335339958812918,0.8546602315840823,False
Detroit,26125183700,-83.155435,42.512072,0.029559397657557166,0.1960729784479831,2.137160000972611,True
Detroit,26125132100,-83.586019,42.566583,0.01386481802426343,0.5734642300100873,1.35362596770284,False
Detroit,26099230601,-83.071179,42.615923,0.07639439598202485,-0.34725753481182037,-0.5270850984350993,False
Detroit,26099262100,-83.03418,42.498406,0.09341825902335456,-0.15717911124672465,-1.0492662055206141,False
Detroit,26099261300,-82.998365,42.511171,0.08909853249475891,-0.09869762247102867,-0.6961098600303974,False
Detroit,26099225800,-83.046381,42.654659,0.025497682028906465,-0.1973947900437719,-0.2983610923562376,False
Detroit,26099261400,-82.977811,42.518887,0.07503607503607504,-0.019330554452145578,-0.1422209095205924,False
Detroit,26099240700,-82.931594,42.580419,0.044189852700491,0.543018646730182,2.4083278377247916,True
Detroit,26099260600,-83.053987,42.532911,0.07447552447552448,-0.022098987711327008,-0.12292459070458855,False
Detroit,26125152900,-83.200077,42.540388,0.04116558741905643,0.30385165822379273,3.2363112951584614,True
Detroit,26125191200,-83.123486,42.686105,0.025373134328358207,0.045625786334468246,0.141408103279171,False
Detroit,26099231400,-83.060808,42.572334,0.04173027989821883,-0.03864805839730548,-0.08659667032129095,False
Detroit,26099230800,-83.061337,42.586735,0.06599378881987578,-0.15457810406513908,-0.3052168235777121,False
Detroit,26099224400,-82.948043,42.649514,0.02728184553660983,0.6315649072279953,2.012251705758937,True
Detroit,26163517000,-83.035189,42.3406,0.41302887844190733,-0.0033261829012893804,-0.024498686614023796,False
Detroit,26099225500,-83.074852,42.676136,0.024464831804281346,-0.7269262999480673,-0.9261146284537328,False
Detroit,26099230200,-83.00083,42.601853,0.024995079708718757,0.26515615080126137,0.6693006408951668,False
Detroit,26125171200,-83.163156,42.463136,0.2599552572706935,0.11986961685601914,1.0144882040352434,False
Detroit,26099227000,-82.991267,42.648733,0.029203288914091297,0.3271567167274131,0.8254747822845862,False
Detroit,26099230700,-83.079091,42.585474,0.013500665525765355,-0.23194863132095866,-0.38915126956072704,False
Detroit,26125160800,-83.271517,42.497525,0.6906832298136646,0.2964971487784375,2.6154136829926586,True
Detroit,26099262200,-83.058385,42.498891,0.063753097544492,-0.14182028000588837,-0.9436305683104719,False
Detroit,26099232400,-83.077833,42.541197,0.0674547983310153,-0.1556357127498153,-0.8107493360157743,False
Detroit,26163551300,-82.918123,42.434417,0.514944102213096,0.003455589656162345,0.02885705863320372,False
Detroit,26125131100,-83.610665,42.664672,0.0,0.5168593948257302,1.0114377417828442,False
Detroit,26147636000,-82.475108,42.955362,0.11494755244755245,0.7226690705194929,2.0115289452435947,True
Detroit,26099244000,-82.924009,42.602883,0.08722741433021806,0.6872087923671917,2.7137636035049617,True
Detroit,26147640100,-82.481484,42.854647,0.005226480836236934,0.7049702775394757,2.3482418904103994,True
Detroit,26099262600,-83.011462,42.484451,0.2171837708830549,-0.15402424849173746,-1.0961048465811698,False
Detroit,26125196700,-83.197248,42.569442,0.01223348479552604,0.31243815752554727,3.235089432715055,True
Detroit,26125154000,-83.332177,42.61504,0.03656413232733604,-0.19044551272331947,-1.369947951554333,False
Detroit,26099255700,-82.923497,42.505947,0.15080690038953812,0.08281890082368465,0.7036931381644446,False
Detroit,26125171000,-83.191151,42.481766,0.16020569620253164,0.1966479998225069,2.044296836031951,True
Detroit,26125171100,-83.16526,42.470548,0.4459940652818991,0.13120313663782024,1.2391891848815666,False
Detroit,26099231900,-82.999507,42.560104,0.05058236272878536,0.36128442778289016,1.1463376716740874,False
Detroit,26163539500,-83.18684,42.420395,0.9572064361520027,0.07311423452993203,0.5481571440852526,False
Detroit,26099232500,-82.987062,42.600748,0.05391007884082676,0.31759833402739285,0.8660694491296669,False
Detroit,26099256200,-82.946776,42.490946,0.1645979492714517,0.03168278852323775,0.2631705369745639,False
Detroit,26163557700,-83.421611,42.389634,0.014091122592766557,0.3840313057893036,1.4007094026160316,False
Detroit,26163556300,-83.365016,42.432424,0.05853509040760037,0.1632151004510238,1.1830446677048563,False
Detroit,26093710100,-83.716955,42.772386,0.007196969696969697,-0.10516269703588081,-0.10736161391885037,False
Detroit,26087339500,-83.07861,43.018348,0.00594112881447475,0.07158360887176154,0.13019882226383164,False
Detroit,26125191000,-83.141314,42.677944,0.014730878186968839,0.06524399913027278,0.25966956138332115,False
Detroit,26125135100,-83.524162,42.585373,0.015630679752817157,0.6343895377337859,1.8449792053822192,False
Detroit,26093744200,-83.734654,42.490133,0.011019283746556474,0.0717847529898262,0.12184843974868917,False
Detroit,26161466000,-83.702402,42.381207,0.006144393241167435,0.3076944239293985,0.8922642261358534,False
Detroit,26125124500,-83.62648,42.800767,0.013506753376688344,0.3631641788564861,0.33800288943210066,False
Detroit,26093744900,-83.734349,42.436267,0.014465065502183407,0.20678821460455987,0.4703591807601359,False
Detroit,26049013112,-83.771329,42.793382,0.007852862161603637,-0.178955757776918,-0.14102582368289074,False
Detroit,26147643000,-82.488,42.765002,0.005669546436285098,0.7159943429354689,2.6449480461531123,True
Detroit,26093710500,-83.727687,42.753312,0.0031185031185031187,-0.12589789114112765,-0.1415883067321501,False
Detroit,26163554400,-83.29159,42.421274,0.5105757931844889,0.03158971743203764,0.2778100180732538,False
Detroit,26163520400,-83.067163,42.348824,0.5515463917525774,-0.04342283340979131,-0.347420336867614,False
Detroit,26049013301,-83.713853,42.843438,0.005539313740575473,0.17982595846867613,0.1205510439210394,False
Detroit,26125125600,-83.619715,42.725847,0.006526468455402465,0.3639850768774635,0.5831361828887424,False
Detroit,26049013202,-83.708929,42.807519,0.018931144245267213,0.021136460900735232,0.01704183506986618,False
Detroit,26163551100,-82.897043,42.430306,0.039274359453899385,0.016364391660177776,0.13973692286334904,False
Detroit,26099252000,-82.891598,42.461515,0.07757575757575758,0.08585395313347331,0.7454601210263524,False
Detroit,26163515700,-82.991102,42.351764,0.7756604590731918,0.14524604713084682,1.1688124165531697,False
Detroit,26163550300,-82.92409,42.386923,0.026263767297373623,-0.15317997464690303,-1.1337194806901034,False
Detroit,26163588400,-83.455287,42.201465,0.29272981475008736,0.22557304184096325,1.4698870626092921,False
Detroit,26163550500,-82.910923,42.394252,0.024069478908188585,-0.11525818794924587,-0.9047811601626539,False
Detroit,26099251600,-82.894099,42.474695,0.06006955422067657,0.1017567661657647,0.8705237781985674,False
Detroit,26099251900,-82.906556,42.457881,0.08707964601769912,0.06939242904586673,0.605017889174,False
Detroit,26099258500,-82.929441,42.458081,0.620845921450151,0.0431221008410109,0.3682283480685808,False
Detroit,26163515200,-83.006648,42.361103,0.7703422053231939,0.14035053889575416,1.1195190402706028,False
Detroit,26163550400,-82.915254,42.388728,0.05036407766990291,-0.13408477339380928,-1.0303977066984737,False
Detroit,26099250100,-82.879341,42.533251,0.035936751317680884,0.2941935536095262,2.223437901013693,True
Detroit,26099251800,-82.918832,42.45757,0.2670763412904751,0.056871788482858336,0.49240997331448977,False
Detroit,26163550700,-82.905941,42.405923,0.020629190304280558,-0.07253113506714848,-0.5776601655553414,False
Detroit,26099255400,-82.962155,42.520037,0.068810770381451,0.021409529273445527,0.16557787659278014,False
Detroit,26163551700,-82.886923,42.445178,0.0341276846131215,0.06222703969823778,0.5372334949438776,False
Detroit,26099251200,-82.891265,42.483589,0.03764420157862781,0.10923481865510284,0.9389696693750132,False
Detroit,26099251000,-82.891082,42.499561,0.025625381330079317,0.12591250232265372,1.0855603658398325,False
Detroit,26125138302,-83.628251,42.491006,0.01876643557255558,0.38111871788431406,0.7198505022961368,False
Detroit,26163551800,-82.902216,42.446997,0.08699122106943336,0.05528746804461468,0.4764720636463494,False
Detroit,26163551200,-82.912887,42.432295,0.14540431943746862,0.00476447705652289,0.039864964883571045,False
Detroit,26163538900,-83.15201,42.435091,0.9376623376623376,0.015865308655921555,0.1141033410498113,False
Detroit,26163538200,-83.132525,42.435032,0.7413793103448276,-0.0029567902507376155,-0.023053610824758018,False
Detroit,26125158100,-83.232083,42.523544,0.11010830324909747,0.28446915007481366,2.8948691451390287,True
Detroit,26099255300,-82.940749,42.512897,0.24630290668026517,0.06080713200342176,0.5017334830793364,False
Detroit,26163550800,-82.901088,42.417367,0.04036697247706422,-0.025187021560566708,-0.20624364444545218,False
Detroit,26099250800,-82.909385,42.506545,0.054799301919720766,0.11281369449266264,0.9506875545498227,False
Detroit,26163569700,-83.339819,42.31757,0.05152495378927911,0.20615750474868996,1.9805529666157917,True
Detroit,26163574000,-83.178647,42.325595,0.014042426053181954,-0.14211432089163833,-1.8522887932976901,False
Detroit,26163573500,-83.145369,42.305536,0.0187207488299532,-0.050364115825558026,-0.6242395532160858,False
Detroit,26163584300,-83.284898,42.222099,0.3140214216163583,0.27330896626704076,1.9047024647914066,False
Detroit,26163566900,-83.355452,42.275035,0.26743056904253254,0.2593481952213324,2.0666225762243196,True
Detroit,26163574800,-83.274294,42.30846,0.012423714036617262,0.04316513414919625,0.4512530007457392,False
Detroit,26163567400,-83.377271,42.344979,0.061127379209370426,0.32197371688480464,2.55051231097439,True
Detroit,26163575000,-83.249707,42.298855,0.03466609953211399,-0.07972599484337722,-0.9616398099723762,False
Detroit,26163569600,-83.363263,42.313863,0.03631684300829282,0.25810043893893925,2.181528729784597,True
Detroit,26163580500,-83.175468,42.206718,0.006772773450728073,0.21730393977934967,1.5245349616172605,False
Detroit,26163577100,-83.175886,42.257237,0.109504767763765,0.1273980780820176,1.0799592233348694,False
Detroit,26163524300,-83.128374,42.301159,0.044173648134044174,-0.025558016324305016,-0.31330975617529594,False
Detroit,26163595200,-83.194219,42.163201,0.08005042546485976,0.18273346503672122,1.2372811358517188,False
Detroit,26163564900,-83.446606,42.273488,0.23738756355103638,0.2357901650040888,1.6383552532927936,False
Detroit,26163567100,-83.322476,42.346891,0.15748454716474067,0.13080477926790843,1.3090133470143817,False
Detroit,26163526000,-83.143058,42.327496,0.04140650673677292,-0.08515709100313784,-1.0637612633397429,False
Detroit,26163565000,-83.435063,42.298959,0.11166730843280709,0.25089488063091003,1.7740591678895747,False
Detroit,26163577000,-83.166764,42.251929,0.2287847929395791,0.14026500952789586,1.1833830683826534,False
Detroit,26163562500,-83.45839,42.374754,0.029873417721518986,0.35753813379549615,1.327770199775625,False
Detroit,26163588100,-83.513926,42.244461,0.123719165085389,0.24531617001801137,1.4419653200877351,False
Detroit,26163590400,-83.373967,42.113832,0.049318210781190266,0.35172300918129706,2.13966977791484,True
Detroit,26163573000,-83.300256,42.322135,0.01976047904191617,0.10075310145022891,0.9982055631629124,False
Detroit,26163554900,-83.294,42.381795,0.5542959427207638,0.03259123758431657,0.34857772331401576,False
Detroit,26163585500,-83.325508,42.260154,0.1778265642151482,0.2504446177727165,2.1251017136671986,True
Detroit,26115830100,-83.264327,42.059641,0.014534883720930232,0.18664715589422037,1.10325913356315,False
Detroit,26163574600,-83.265223,42.319343,0.021300448430493273,-0.030224912358683256,-0.3416447213331403,False
Detroit,26163555600,-83.304282,42.359178,0.4607368812802382,0.06125067308151892,0.6120025918460097,False
Detroit,26163595000,-83.181738,42.178024,0.009762532981530342,0.199220865697244,1.3490999614170303,False
Detroit,26163571800,-83.284318,42.35283,0.14560439560439561,0.0077293708955915984,0.07839674706500663,False
Detroit,26163568800,-83.392612,42.334701,0.4802981895633653,0.33829014788256045,2.492308330442261,True
Detroit,26163575500,-83.222833,42.285259,0.05736137667304015,-0.1499905912946476,-1.8078882185692808,False
Detroit,26163554700,-83.305774,42.39151,0.45071276918410674,0.06768082386921238,0.7073928796435622,False
Detroit,26163596100,-83.159159,42.111022,0.0051771117166212535,0.17576541879620852,1.1161645929219028,False
Detroit,26163558600,-83.378919,42.360999,0.02336448598130841,0.36052882796645974,2.6364993097476734,True
Detroit,26163572900,-83.226437,42.276178,0.08421052631578947,-0.09770807051831008,-1.0912406259712881,False
Detroit,26163558500,-83.396975,42.360098,0.027180947450168264,0.3811723835271628,2.439945165070301,True
Detroit,26163526300,-83.139528,42.338562,0.06696562032884903,-0.08464893553631522,-1.06131441264582,False
Detroit,26161444000,-83.955628,42.381732,0.0062724014336917565,0.1456142908006694,0.3490461869537346,False
Detroit,26163591502,-83.245332,42.161323,0.14302158273381296,0.16492124212926923,1.1835014459356479,False
Detroit,26163580900,-83.173374,42.193668,0.021238485158648925,0.21590836945236255,1.470060447017005,False
Detroit,26163585800,-83.406414,42.249111,0.5735620585267407,0.23420213181225086,1.73660170105051,False
Detroit,26115830300,-83.337724,42.055792,0.015029800466442084,0.29246751665982773,1.6953566193299252,False
Detroit,26125162500,-83.301213,42.448256,0.6424474187380497,0.07755684726221664,0.6026760814806651,False
Detroit,26163579300,-83.145796,42.267764,0.8695473251028807,0.0834514671652459,0.814399802656775,False
Detroit,26163588000,-83.459718,42.227292,0.31975328680409026,0.22111774579145702,1.4732279072959096,False
Detroit,26163580100,-83.152085,42.222658,0.041666666666666664,0.21280744258351483,1.5723491580816034,False
Detroit,26163559000,-83.341769,42.358428,0.036531365313653134,0.195904143138832,1.8401735568471405,False
Detroit,26163599000,-83.281401,42.106841,0.06271250472232716,0.2096093838476014,1.29501840102817,False
Detroit,26125162200,-83.211036,42.456534,0.889253486464315,0.20231091046714114,1.8022874961267827,False
Detroit,26163524700,-83.151798,42.273032,0.8290870488322718,0.055464659296259364,0.5664434783769712,False
Detroit,26163592000,-83.21612,42.068228,0.059714224781403286,0.16157799520702068,1.030300822442225,False
Detroit,26163594500,-83.209424,42.126299,0.040882543802725504,0.16227125881401,1.0852994764089219,False
Detroit,26163599100,-83.272653,42.089593,0.046883933676386505,0.1962031079588807,1.204572271598396,False
Detroit,26163584800,-83.296696,42.191391,0.5630427790286265,0.2707546261573891,1.8982174554034217,False
Detroit,26163541300,-83.282433,42.421577,0.7822822822822822,0.01465041046490387,0.12199114231873391,False
Detroit,26163556400,-83.387839,42.433342,0.0432564330079858,0.17968222083432372,1.3187174828913923,False
Detroit,26163527300,-83.119184,42.346871,0.7837108953613808,-0.09974948712092721,-1.2119898895712917,False
Detroit,26163586300,-83.412782,42.200738,0.06712062256809338,0.21821279708764196,1.4449081189977013,False
Detroit,26161412000,-83.584215,42.238313,0.25858369098712447,0.2926398015930544,1.439523987144423,False
Detroit,26125168700,-83.425606,42.498211,0.18415300546448088,0.28670858231759083,1.6267027834023067,False
Detroit,26125184000,-83.155634,42.500698,0.024332544778641434,0.17303684986428453,1.8835685073115103,False
Detroit,26163560100,-83.487,42.431554,0.0053705692803437165,0.3512538515819672,1.0868142770416778,False
Detroit,26125171500,-83.191503,42.454334,0.9019607843137255,0.16755551013993175,1.5503609030900156,False
Detroit,26161411900,-83.584491,42.249928,0.2663638792412503,0.29665146306185275,1.4630735086041204,False
Detroit,26163538500,-83.150757,42.420651,0.9047067901234568,0.12935248995916127,0.9661648124252338,False
Detroit,26163577600,-83.165552,42.240014,0.07538691962056915,0.18401712041841428,1.4319777991444607,False
Detroit,26163569500,-83.362225,42.321118,0.0440702257255464,0.25545404040500413,2.216413942321365,True
Detroit,26163536200,-83.16404,42.413015,0.9422632794457275,0.15200803156263207,1.1864113936157343,False
Detroit,26163540200,-83.20914,42.433899,0.9487904492617028,0.13107478693941868,0.9621118702529613,False
Detroit,26163541400,-83.266524,42.422376,0.8156699470098411,-0.00519956567922264,-0.03855388051921637,False
Detroit,26163540300,-83.2097,42.426497,0.9452749599572877,0.11575408502277851,0.7393491682497627,False
Detroit,26163557000,-83.324359,42.421268,0.12459336369551073,0.11500398071670528,1.0076667843465734,False
Detroit,26163556700,-83.38179,42.418847,0.025,0.20466361278601225,1.5361973063569563,False
Detroit,26163524800,-83.161198,42.262972,0.7861562258313999,0.08538620151537168,0.8100569389980895,False
Detroit,26163569400,-83.358088,42.334204,0.08155407770388519,0.24374335303406244,2.226269246880029,True
Detroit,26163500200,-82.962895,42.445948,0.9186697398748765,-0.15777195161849972,-1.1100601948449162,False
Detroit,26099258700,-82.953051,42.460687,0.5620225536558748,-0.018903915337273758,-0.15137636893721745,False
Detroit,26163544100,-83.266358,42.390567,0.8973897389738974,-0.027017651974613192,-0.27627342749287126,False
Detroit,26163594400,-83.194545,42.128925,0.03157529493407356,0.16928246112645887,1.125210709450684,False
Detroit,26163579600,-83.152166,42.256825,0.8435804701627486,0.11528169796279245,1.0422657610817618,False
Detroit,26125138600,-83.590352,42.496931,0.013791162397973544,0.50260309837364,1.0888208626956768,False
Detroit,26163565900,-83.368413,42.303964,0.17326732673267325,0.26415639683537745,2.135918653195125,True
Detroit,26163583800,-83.288331,42.233053,0.14669603524229075,0.268710051880329,1.9562355762846482,False
Detroit,26161413000,-83.569746,42.221992,0.3735900962861073,0.27982071511807804,1.4564112047166908,False
Detroit,26163594300,-83.204149,42.137264,0.0073225087551735115,0.16684407851637087,1.1273357292540414,False
Detroit,26163584700,-83.277887,42.191928,0.10473914774990044,0.2333805732356401,1.6273302987586344,False
Detroit,26163539600,-83.190888,42.426881,0.9436972161401314,0.07145467673727852,0.5465079830703711,False
Detroit,26147642000,-82.494274,42.824751,0.006954612005856516,0.7036235349608082,2.44096973401011,True
Detroit,26147637200,-82.480154,42.912189,0.005234231876472127,0.7117791440866358,2.1302389846480505,True
Detroit,26147622000,-82.441238,42.971639,0.07659995058067705,0.7383174952587104,1.9593337107846889,False
Detroit,26147626000,-82.434801,42.993184,0.04643962848297214,0.7437809044062959,1.9316624926458859,False
Detroit,26147628000,-82.432185,43.006193,0.03590922148807814,0.7482848636722828,1.9061440393663136,False
Detroit,26147644000,-82.498316,42.717878,0.005439924314096499,0.7256006327366666,2.819476113853451,True
Detroit,26087338500,-83.167619,43.021054,0.0021249468763280916,0.15912095627672032,0.48523101470449653,False
Detroit,26147630400,-82.48836,43.022327,0.01423728813559322,0.745223962113778,1.8314592631366935,False
Detroit,26147637300,-82.479174,42.896009,0.0129695885509839,0.7095669283010302,2.1865668984557263,True
Detroit,26163511900,-83.072408,42.374845,0.7036561898652983,0.0494328202880089,0.39255640946848397,False
Detroit,26163552300,-83.054184,42.397889,0.038874570446735396,0.180402422436938,1.4436006030716937,False
Detroit,26163553400,-83.102043,42.405652,0.9062608094085092,0.04303535043057762,0.45219150239295963,False
Detroit,26125161000,-83.30415,42.478346,0.7767815007078811,0.16937415318467988,1.3264359001484427,False
Detroit,26163511400,-83.07889,42.389322,0.8124688279301746,0.09327660155559454,0.7561474578752525,False
Detroit,26125171400,-83.19237,42.466668,0.6474149976711691,0.1795072465579373,1.7763118697007187,False
Detroit,26163540500,-83.225202,42.423236,0.9420080784766302,0.10573118561202319,0.5622340096329435,False
Detroit,26163574202,-83.192524,42.304129,0.1767228177641654,-0.13979110435159967,-1.8089401280590132,False
Detroit,26163565800,-83.35685,42.303254,0.14289522793921622,0.24382311021551953,2.1039948764254572,True
Detroit,26163542300,-83.204292,42.398428,0.929490022172949,-0.014252672128051886,-0.14033545047321122,False
Detroit,26163553000,-83.095871,42.411833,0.8867102396514162,0.015106651707555986,0.1660476035798684,False
Detroit,26163570500,-83.334839,42.303624,0.7372462973121229,0.20867624270647828,1.9680221752655798,True
Detroit,26163532400,-83.084194,42.378687,0.8024219247928617,0.02959328487729653,0.23662343107143624,False
Detroit,26125170300,-83.193755,42.49229,0.024408561772437103,0.22854235918448385,2.3950221769687063,True
Detroit,26125172400,-83.199041,42.478524,0.628731343283582,0.1815744969896245,1.879256641442351,False
Detroit,26163556800,-83.366315,42.419432,0.011602209944751382,0.17776918200710706,1.3583303064078145,False
Detroit,26099262400,-83.074039,42.484764,0.134,-0.10506747360959029,-0.7841735640939317,False
Detroit,26163539100,-83.166654,42.441956,0.9317673378076062,0.05484110408828936,0.4157440137522189,False
Detroit,26163531200,-83.102089,42.378526,0.7408563782337199,-0.020033906473399116,-0.1788043970567281,False
Detroit,26163570100,-83.295961,42.30566,0.5855855855855856,0.13147881212327409,1.2696596267648372,False
Detroit,26163536600,-83.157947,42.389271,0.945956607495069,0.0006579665405496982,0.006674620246218961,False
Detroit,26163532300,-83.089261,42.383433,0.7257169287696578,0.045027188596625224,0.36133454961353256,False
Detroit,26125165100,-83.374565,42.456378,0.10489346757199719,0.1835940506239676,1.2685441591923992,False
Detroit,26125183300,-83.186486,42.525925,0.02699055330634278,0.30746888296315134,3.173343931920174,True
Detroit,26125173300,-83.152702,42.456957,0.07640297498309669,0.046753146762532005,0.36564075251484235,False
Detroit,26125171600,-83.170258,42.458004,0.5198019801980198,0.12755622104090028,1.0664892390704617,False
Detroit,26163507100,-83.076719,42.427715,0.9289496910856134,0.15267279943656642,1.3770689107232204,False
Detroit,26125160500,-83.21267,42.510935,0.5085580304806565,0.2594331846779209,2.6640093508968135,True
Detroit,26163537100,-83.177542,42.39936,0.9419321685508736,0.02401112630208006,0.2326949327387524,False
Detroit,26163535300,-83.191103,42.370816,0.9349367088607595,-0.12886698256159695,-1.6234384440910998,False
Detroit,26163510400,-83.07201,42.41509,0.2176199868507561,0.09464437646637514,0.8523638262989655,False
Detroit,26163540400,-83.207875,42.419474,0.9338905775075987,0.08829472743294008,0.5598500966550514,False
Detroit,26163539200,-83.183226,42.441799,0.9393378572897388,0.09982508034187028,0.8389104750291267,False
Detroit,26125183600,-83.172981,42.51139,0.05325987144168962,0.27275835421735545,2.926549811259832,True
Detroit,26163531900,-83.105723,42.388607,0.8683602771362586,0.03193508727678552,0.28510624570479737,False
Detroit,26163544300,-83.27698,42.409279,0.7413509060955519,-0.0004037429928304796,-0.0038957628812165902,False
Detroit,26163543200,-83.246199,42.411126,0.925531914893617,-0.031139940588600798,-0.2267581071216208,False
Detroit,26125170100,-83.195985,42.506623,0.020313613684960798,0.2640086575145936,2.771264551521942,True
Detroit,26163511300,-83.047462,42.415333,0.4554011653966831,0.24319792874708523,1.8245515749373562,False
Detroit,26163532200,-83.093835,42.388304,0.7257169287696578,0.057935626328192304,0.47438280831562085,False
Detroit,26163507400,-83.084818,42.436305,0.9332797427652733,0.16512658447733472,1.485617167239044,False
Detroit,26125162100,-83.207759,42.46245,0.9257990867579908,0.19890183893571883,1.8500593918416557,False
Detroit,26163536400,-83.149849,42.398486,0.958041958041958,0.11853427874062847,1.079494721451605,False
Detroit,26125171300,-83.177112,42.467073,0.7481629926519706,0.16095838554826222,1.5642402175847947,False
Detroit,26163521500,-83.08045,42.336573,0.6573116691285081,-0.07996827903211158,-0.7292115491636805,False
Detroit,26163558900,-83.342664,42.364251,0.04394426580921758,0.1949338590715444,1.8088666342281488,False
Detroit,26125173100,-83.132663,42.464803,0.024050632911392405,-0.026741197623899867,-0.21965192016276647,False
Detroit,26125170000,-83.178863,42.50118,0.009400705052878966,0.2581075177847703,2.75815013922943,True
Detroit,26163553300,-83.103875,42.394538,0.9062608094085092,0.048816827214474126,0.4629887389108419,False
Detroit,26163539400,-83.17491,42.42585,0.9406528189910979,0.07864120514598097,0.593942784196756,False
Detroit,26125172500,-83.161668,42.449365,0.8887952822240943,0.057749369353102,0.4454224534103571,False
Detroit,26125161300,-83.210057,42.495286,0.5884105063633902,0.2260605988257013,2.295305429375659,True
Detroit,26049011102,-83.672292,42.903385,0.09607712765957446,0.9773474232070138,0.5511676485868434,False
Detroit,26125145900,-83.339688,42.647016,0.19476208041313167,-0.2855374939460595,-1.8620382159725841,False
Detroit,26049011712,-83.495485,43.029058,0.01820388349514563,0.41300124514519665,0.5893074548146792,False
Detroit,26099250600,-82.883709,42.516594,0.03365214311016649,0.1800082279385516,1.5176088364428353,False
Detroit,26125145502,-83.409538,42.625813,0.058106355382619976,-0.1678965020513784,-1.0817280525473258,False
Detroit,26125128000,-83.227557,42.789618,0.013153773880363295,-0.11770850603403316,-0.6001982112874407,False
Detroit,26099262700,-82.997802,42.484708,0.2594150641025641,-0.13001938781254566,-0.9670339198993348,False
Detroit,26099240400,-82.963051,42.590533,0.07128347183748845,0.4358923514335871,1.4872719513885482,False
Detroit,26125190400,-83.1695,42.772767,0.011885895404120444,0.05680080528211517,0.26588054497767394,False
Detroit,26087340500,-83.044125,42.92081,0.0017655367231638418,-0.18252648249989062,-0.2591912337666186,False
Detroit,26099240300,-82.96421,42.603444,0.06850316918576305,0.44812869479786516,1.4700350566551463,False
Detroit,26125120300,-83.180106,42.837817,0.0060901339829476245,0.0037339851833295343,0.017102205035240438,False
Detroit,26163552400,-83.047812,42.399578,0.11748013620885357,0.21195925230091067,1.6551272563286046,False
Detroit,26125120000,-83.126772,42.830822,0.00908479138627187,0.10529016226743487,0.4087999233016703,False
Detroit,26099230900,-83.022599,42.590693,0.05845539280958722,0.16930614116447912,0.41940667156099753,False
Detroit,26125160300,-83.294982,42.48873,0.6682606096832038,0.26278793404376466,2.098375097701727,True
Detroit,26099245400,-82.876382,42.587775,0.481266149870801,0.7219204267943999,2.9501938932862446,True
Detroit,26099262900,-82.975266,42.472152,0.23776391554702495,-0.08059551556398678,-0.6067746642314195,False
Detroit,26163520300,-83.06339,42.351027,0.2723112128146453,-0.01982722774072919,-0.15735809551687577,False
Detroit,26147657100,-82.928346,43.012417,0.001509813789632612,1.0258234989485673,1.7360906099847662,False
Detroit,26151971000,-83.04281,43.341266,0.004426840633737186,2.27343817627736,1.0657158877903878,False
Detroit,26151971100,-82.960208,43.230967,0.001718213058419244,1.1942837152383967,1.0026055829875458,False
Detroit,26147655600,-82.639103,43.121034,0.0036155468514612837,0.8356662865321023,1.5374753507584944,False
Detroit,26147632000,-82.497879,43.112333,0.008094186902133923,0.8115452080795582,1.6340839433646528,False
Detroit,26147652600,-82.676514,42.945774,0.017924528301886792,0.6436144328091402,1.9821452967999786,True
Detroit,26151970800,-82.600284,43.252467,0.0036369934187738136,1.0689253381114294,1.428535483897969,False
Detroit,26147640200,-82.5367,42.84754,0.0045045045045045045,0.6852807918887638,2.4096013804316616,True
Detroit,26087332500,-83.185721,43.202555,0.003080369644357323,0.535578634250246,1.120729671647712,False
Detroit,26087330500,-83.241207,43.282313,0.002745367192862045,0.630863657701404,1.1566396058149122,False
Detroit,26147631600,-82.448859,43.03976,0.01608187134502924,0.7584094181735411,1.8330225322527536,False
Detroit,26147635000,-82.486178,42.995324,0.02445302445302445,0.7308583882993742,1.9257340012681812,False
Detroit,26087330000,-83.059266,43.160536,0.0032948929159802307,0.20406844966996807,0.17472358010125225,False
Detroit,26147633200,-82.594037,43.030222,0.008534322820037106,0.7265131252295964,1.7102882558959351,False
Detroit,26147652100,-82.692901,43.032127,0.00498960498960499,0.7027478039210912,1.5883735843012248,False
Detroit,26147633100,-82.5352,43.009144,0.0049504950495049506,0.725138507159062,1.8556248313697643,False
Detroit,26147627000,-82.44799,43.002976,0.032651455546813535,0.7430435075866166,1.9150012362403723,False
Detroit,26163523300,-83.097527,42.316959,0.06623198352779684,-0.0384399923946856,-0.4078982457974371,False
Detroit,26099255200,-82.93707,42.520918,0.3946121227238713,0.08362948937393888,0.6535890345931731,False
Detroit,26099255500,-82.953133,42.505133,0.12933168316831684,0.02365818308259865,0.19638854925800286,False
Detroit,26099261000,-83.059082,42.512196,0.16019995239228754,-0.11872421303685057,-0.783655013457167,False
Detroit,26099215500,-83.011041,42.725788,0.011059907834101382,0.4704948975560419,0.9297778067073081,False
Detroit,26099268100,-83.031252,42.477508,0.2941830307521304,-0.08983968279511681,-0.703916447959271,False
Detroit,26125128500,-83.240607,42.772546,0.020737327188940093,-0.1562672876286843,-0.8342310807009484,False
Detroit,26099254000,-82.944229,42.544138,0.058929645219482865,0.16119798078528916,1.0269716541301812,False
Detroit,26163554300,-83.306107,42.42182,0.323637773899554,0.0668644090003268,0.5845912889502325,False
Detroit,26163567201,-83.342441,42.350508,0.05339670114621191,0.19628658698382817,1.89746012086944,False
Detroit,26163567300,-83.359499,42.348291,0.10898126211501184,0.25128302222803506,2.281327288288522,True
Detroit,26163567202,-83.343156,42.3422,0.20959433354797166,0.20202528515237325,1.9577595310490679,False
Detroit,26163566500,-83.388424,42.283644,0.2803030303030303,0.2730957023937001,2.0216220635216833,True
Detroit,26163557200,-83.344732,42.404109,0.028351753964440174,0.17101355300664545,1.5149493901372955,False
Detroit,26163568000,-83.398804,42.315719,0.15092674315975288,0.28592202390287996,2.1690305664223968,True
Detroit,26163534100,-83.142145,42.37647,0.9414547604967475,-0.03320916373033324,-0.3495998890535095,False
Detroit,26163568400,-83.380263,42.302783,0.10081600421163464,0.2755602301756979,2.136194662011522,True
Detroit,26163596300,-83.15705,42.155578,0.003932785126921702,0.19746212088192452,1.299500515415473,False
Detroit,26163569900,-83.320373,42.314341,0.09660468876313662,0.1690662618423937,1.6748543479474731,False
Detroit,26163598000,-83.249211,42.073711,0.014506172839506172,0.17397526648133826,1.1036045631208466,False
Detroit,26163560200,-83.460198,42.430797,0.05450321658327377,0.294876868300902,0.9592399707983892,False
Detroit,26125168600,-83.395663,42.447985,0.1514535792435136,0.1749704682796901,1.2187430723644752,False
Detroit,26163517300,-83.050989,42.346274,0.5701548568747067,-0.013217620409533363,-0.09960044107725272,False
Detroit,26163559100,-83.321676,42.365954,0.0753998476770754,0.12484621063345587,1.1906607769142743,False
Detroit,26163564800,-83.468156,42.288805,0.1168292176800166,0.25153450367902797,1.6211197943407527,False
Detroit,26163568500,-83.364633,42.292509,0.2811316551570506,0.261618406381131,2.0857229372413344,True
Detroit,26163569100,-83.319901,42.336964,0.036741214057507986,0.13252326051337665,1.3375813329330748,False
Detroit,26161412100,-83.579891,42.257676,0.2869774919614148,0.29529070313294653,1.446843263773626,False
Detroit,26163568200,-83.396093,42.302477,0.09822824387701928,0.27114266920774427,2.053915212000451,True
Detroit,26163561200,-83.529815,42.408852,0.028876170655567118,0.4784059823735804,1.5880961613379927,False
Detroit,26163555500,-83.285334,42.360148,0.6304918032786885,0.011731657055504595,0.12190881097677816,False
Detroit,26163555100,-83.304049,42.368831,0.35086225250159675,0.059960268277463945,0.6077391357006362,False
Detroit,26125153300,-83.213077,42.534894,0.02230869001297017,0.2937871888589407,3.1408762221308635,True
Detroit,26163562600,-83.473737,42.37553,0.0071732199787460146,0.3576664912639023,1.3049557156322156,False
Detroit,26163558200,-83.323999,42.391145,0.10737502802062318,0.13370119697410485,1.2432239121071686,False
Detroit,26163568300,-83.392275,42.291853,0.2028645221883071,0.269588901155258,2.0201901811634695,True
Detroit,26163559200,-83.32363,42.358879,0.03959923664122137,0.131255082572065,1.2721450825516527,False
Detroit,26163564501,-83.523466,42.301472,0.06060111074812153,0.28260066260508293,1.472857063401871,False
Detroit,26163558800,-83.36158,42.357418,0.014218009478672985,0.26389941193380106,2.3263958861790797,True
Detroit,26163558100,-83.343413,42.38985,0.04259634888438134,0.1742679943916552,1.571102536737989,False
Detroit,26125157000,-83.331907,42.538145,0.11144578313253012,0.17545967950004226,1.5201758657414988,False
Detroit,26161464000,-83.607851,42.400296,0.03305785123966942,0.5561108815011104,1.8653642000308435,False
Detroit,26163557500,-83.403487,42.404032,0.013003569607343193,0.32575951697117334,1.5286153671090037,False
Detroit,26163579200,-83.13348,42.266533,0.30424836601307187,0.08634655121726778,0.859848511155059,False
Detroit,26163579100,-83.130236,42.273977,0.2664359861591695,0.057701396990132485,0.6134810216021761,False
Detroit,26099261900,-83.016608,42.496413,0.15580448065173116,-0.162427943120802,-1.1134699944648276,False
Detroit,26163579500,-83.139833,42.257392,0.23772102161100198,0.11781140983566317,1.0829582229195374,False
Detroit,26163579800,-83.144077,42.246239,0.24497991967871485,0.15505356572121365,1.3058659472059344,False
Detroit,26163524500,-83.147476,42.289295,0.1686746987951807,-0.0031755572131208377,-0.03643313232851479,False
Detroit,26099255600,-82.940507,42.505902,0.13349441256418002,0.05353938284978177,0.45202683829660195,False
Detroit,26099256000,-82.956934,42.49765,0.19497153700189754,0.011411016466234972,0.09378825192052809,False
Detroit,26099256100,-82.96005,42.490222,0.18219076005961252,-0.0005950326397739583,-0.0048056027097929275,False
Detroit,26099256500,-82.92162,42.484331,0.2299202942979767,0.07675749066393321,0.6544290833159271,False
Detroit,26099251300,-82.90307,42.489118,0.01948051948051948,0.09838578949070084,0.8456039006582782,False
Detroit,26125173500,-83.125611,42.454033,0.06571535861809989,-0.05826300743141467,-0.44660621987194954,False
Detroit,26099250900,-82.908347,42.499285,0.017478152309612985,0.10077663593325992,0.8585339102257594,False
Detroit,26125150500,-83.214744,42.574624,0.02733485193621868,0.3177685957582272,3.234393772539623,True
Detroit,26125137700,-83.483784,42.448311,0.023878858474082703,0.2959809642546186,0.8990795691834347,False
Detroit,26125161700,-83.295906,42.463231,0.7236271676300579,0.12542295924980076,0.9556735626866957,False
Detroit,26125167500,-83.338347,42.463754,0.19689119170984457,0.13360122891326753,1.029536117454106,False
Detroit,26125166700,-83.330105,42.500579,0.28559967910148415,0.23716465253751903,1.8480834467500096,False
Detroit,26125161200,-83.250541,42.49443,0.7792207792207793,0.25152922718655335,2.341036365147691,True
Detroit,26163552200,-83.062213,42.395425,0.05912486659551761,0.15577291337779983,1.2509310759367185,False
Detroit,26163538100,-83.136146,42.442685,0.7593632958801498,-0.030362798072275606,-0.22593559074255917,False
Detroit,26125161100,-83.275207,42.479493,0.7508905852417302,0.248607315485316,2.0696674426441044,True
Detroit,26163538800,-83.166388,42.434369,0.9541639767591995,0.05015257704116076,0.3745623457941081,False
Detroit,26125183100,-83.134231,42.52522,0.012946428571428572,-0.0063649272362399315,-0.06900495094059113,False
Detroit,26125162400,-83.249971,42.450985,0.727810650887574,0.1147511255913649,0.8787018418947283,False
Detroit,26125166600,-83.34751,42.503291,0.24012593016599887,0.24280717424799914,1.815613091916177,False
Detroit,26163540800,-83.227174,42.440945,0.9312796208530806,0.1596274262792046,1.1301255504862062,False
Detroit,26125168900,-83.406285,42.473035,0.17450569203115637,0.21421238453079605,1.4265155769703084,False
Detroit,26163593200,-83.249307,42.145715,0.06461460188247266,0.1656756290199071,1.1560914834067473,False
Detroit,26163524200,-83.129324,42.307051,0.04764086120018323,-0.04299628523019215,-0.5371352989416932,False
Detroit,26163591600,-83.292651,42.170186,0.1674682990817665,0.2466680424773213,1.71663003038553,False
Detroit,26163596200,-83.148454,42.143004,0.0071742652163850965,0.19222410056675251,1.2557967981281635,False
Detroit,26163524000,-83.121603,42.3128,0.04308656482569526,-0.04856003305717799,-0.5975366175530068,False
Detroit,26093713500,-83.712912,42.624773,0.008796895213454075,0.12604674086690615,0.19234016183675434,False
Detroit,26125175300,-83.103532,42.453194,0.13400205761316872,0.012139015149800592,0.09963597690564376,False
Detroit,26099222800,-82.80171,42.656594,0.036229560756652776,0.896061229935826,3.1944817618978663,True
Detroit,26125192500,-83.204985,42.702412,0.031639501438159155,0.001559544202926701,0.008090652201552858,False
Detroit,26099263700,-83.054002,42.454522,0.28842023042374537,0.04656399198103858,0.40947833101737047,False
Detroit,26125184200,-83.135273,42.493848,0.028749401054144707,-0.02434140627654457,-0.2614674969736954,False
Detroit,26163507500,-83.087782,42.443209,0.9189554254840162,0.14284342381789383,1.275180897124341,False
Detroit,26125192700,-83.203249,42.687213,0.04216114928169894,0.015391682105445415,0.08064942832082946,False
Detroit,26163533000,-83.096816,42.365431,0.8036465638148668,-0.07687173621293689,-0.7244553671093975,False
Detroit,26163530400,-83.135795,42.39106,0.961028838659392,0.04713880632026089,0.5025034790632678,False
Detroit,26099245100,-82.880496,42.605455,0.11770753019789257,0.7835254376006091,3.020055555269889,True
Detroit,26163558700,-83.361503,42.364648,0.013924514474166361,0.2549491005010691,2.278214362186271,True
Detroit,26163523100,-83.103346,42.323533,0.1631736526946108,-0.06350223746261938,-0.7264748910791414,False
Detroit,26163553600,-83.087787,42.399861,0.8529259451061626,0.0721737664564128,0.6482228250830302,False
Detroit,26163523400,-83.091087,42.32038,0.25956284153005466,-0.05348951474011199,-0.5369206073199707,False
Detroit,26163524100,-83.131264,42.312924,0.08879379513238835,-0.055291639841911946,-0.6887062159095886,False
Detroit,26125150600,-83.305742,42.574069,0.04860878310425746,0.12183519376520473,1.0711450681499823,False
Detroit,26125157900,-83.36892,42.549236,0.15940450254175745,0.09843462385668372,0.8227967839438222,False
Detroit,26125197300,-83.098192,42.556969,0.04282744282744283,-0.14361618996661116,-0.2994975909026735,False
Detroit,26163541100,-83.243609,42.422319,0.9239986306059569,-0.003881198200737533,-0.021625624601957463,False
Detroit,26125191100,-83.142951,42.687353,0.052843888664784185,0.0692504813849741,0.28108405173309864,False
Detroit,26125152600,-83.229473,42.55249,0.018154311649016642,0.3044552471076967,3.360811026973513,True
Detroit,26125190800,-83.191882,42.717098,0.026778469028942386,0.018694031666307582,0.09388677383012263,False
Detroit,26125158000,-83.259333,42.52017,0.05567117585848075,0.3203348994845867,3.0751089741005027,True
Detroit,26125183900,-83.130286,42.501378,0.016553480475382003,-0.06475120763588474,-0.716200160398405,False
Detroit,26125193000,-83.181182,42.674162,0.030006123698714023,0.04372144374882525,0.224304290806675,False
Detroit,26125190700,-83.199276,42.735487,0.029394812680115272,-0.014844850709403112,-0.07594005154976573,False
Detroit,26125166200,-83.388877,42.520716,0.09976166155941436,0.2836994627746161,2.0263821393706785,True
Detroit,26093740600,-83.755026,42.566911,0.005741626794258373,0.002749239285737254,0.003812978488309731,False
Detroit,26161465000,-83.760987,42.41289,0.011099899091826439,0.21547547312353207,0.5242520287208783,False
Detroit,26125131500,-83.588979,42.673875,0.004561309364099812,0.6069532284526884,1.2465296864436046,False
Detroit,26093744600,-83.768881,42.479515,0.07497893850042123,0.07269903100470712,0.1333534534515013,False
Detroit,26093713700,-83.771371,42.622787,0.006602768903088392,-0.0221414408994991,-0.030516590290012885,False
Detroit,26125130300,-83.533846,42.630917,0.017922906948195434,0.6013072001682611,1.676877816716436,False
Detroit,26125132500,-83.593335,42.589856,0.008779382611158312,0.5846096936080789,1.3057192372027688,False
Detroit,26163534600,-83.143616,42.355554,0.854421768707483,-0.09031204045642219,-1.112353375614847,False
Detroit,26099263800,-83.029864,42.455544,0.4262189215369713,0.01545624889780247,0.1311392724709391,False
Detroit,26163507000,-83.060924,42.42938,0.9485294117647058,0.1758493012061926,1.4687343568778097,False
Detroit,26163506800,-83.070815,42.443889,0.9190573770491803,0.1293267871277307,1.1407586138143488,False
Detroit,26163506900,-83.06688,42.436965,0.9427214305671976,0.15703932189334702,1.3467044565970638,False
Detroit,26163540900,-83.248951,42.439779,0.9578947368421052,0.06630509622600594,0.4299092311051348,False
Detroit,26163541000,-83.248764,42.432845,0.9398675496688742,0.021399987751138626,0.129154395561346,False
Detroit,26163510600,-83.05034,42.40833,0.20840152755046373,0.2084688622964612,1.6266839523481211,False
Detroit,26163503100,-82.977915,42.445992,0.897196261682243,-0.22950697658971303,-1.636033232316149,False
Detroit,26163542800,-83.224911,42.390041,0.938763197586727,-0.07157156603066098,-0.7985965319385916,False
Detroit,26163539700,-83.196259,42.434271,0.9377413127413128,0.10188107682033987,0.827276361779902,False
Detroit,26163534500,-83.142915,42.364114,0.854421768707483,-0.08029521028791461,-0.9458059828849946,False
Detroit,26163546800,-83.229941,42.369073,0.9340263046245227,-0.13893189355926028,-1.9389230446917667,False
Detroit,26163537200,-83.173172,42.388193,0.9399656946826758,-0.032552774242301345,-0.344048536860771,False
Detroit,26163546400,-83.241253,42.374666,0.9439066059225513,-0.09651871217158087,-1.170507213020276,False
Detroit,26125160600,-83.233607,42.50956,0.5321540062434964,0.2582157026803326,2.55191255556919,True
Detroit,26163533700,-83.132453,42.357573,0.8885996876626757,-0.0841670639971044,-1.0213212932810596,False
Detroit,26163535500,-83.190981,42.354528,0.8922413793103449,-0.1622965004556058,-2.1225362459515495,True
Detroit,26163543400,-83.237958,42.402309,0.94029374201788,-0.03824346886305179,-0.31647076874721036,False
Detroit,26163530100,-83.123266,42.410951,0.915667808219178,0.061194351644388266,0.6595956161967783,False
Detroit,26163537800,-83.188101,42.392017,0.948220064724919,-0.04033221225382458,-0.43798919782969786,False
Detroit,26163531800,-83.114781,42.389905,0.936,0.03540076351975026,0.3376193139085605,False
Detroit,26163533100,-83.102289,42.372308,0.8811239193083573,-0.06230161753705286,-0.5809043516269871,False
Detroit,26163525500,-83.109219,42.334132,0.19578544061302683,-0.09015893997418778,-1.070537757066913,False
Detroit,26163501900,-82.939925,42.395436,0.9020080321285141,-0.1804804599678102,-1.297375586187366,False
Detroit,26099258800,-82.953491,42.453761,0.7738480697384807,-0.0413641421815737,-0.3228415759864821,False
Detroit,26163536100,-83.149888,42.413155,0.9194469492034866,0.19653786592567157,1.6221514839043416,False
Detroit,26163522200,-83.107305,42.351499,0.7863760217983651,-0.11297342256626146,-1.2878019684197264,False
Detroit,26163521300,-83.093531,42.334256,0.7141652613827993,-0.08855698957694874,-0.9185014871503849,False
Detroit,26163501800,-82.931776,42.39852,0.766334709740102,-0.15883598259076315,-1.1977873660224665,False
Detroit,26099263500,-83.074939,42.468254,0.17175066312997347,-0.006398732842005278,-0.053055169997135054,False
Detroit,26163537300,-83.191321,42.385309,0.9169602415702064,-0.07514232672771379,-0.8718649603363394,False
Detroit,26163500800,-82.935856,42.425031,0.9065784351887894,-0.0820897955634272,-0.652584902808759,False
Detroit,26093712102,-83.840833,42.662441,0.0013656538067599864,-0.16475131395555975,-0.20734951583677047,False
Detroit,26093711000,-83.852837,42.73724,0.002640422467594815,-0.18397036215327472,-0.20289981314279903,False
Detroit,26093730600,-83.959337,42.526209,0.0020634511220015478,-0.09942353269316584,-0.1378491654385801,False
Detroit,26093710300,-83.780791,42.743326,0.008199708454810495,-0.20060333946949388,-0.21782538470891605,False
Detroit,26163511200,-83.068228,42.378898,0.8156565656565656,0.08760300441482659,0.6965682827296856,False
Detroit,26163594200,-83.212075,42.148581,0.004365079365079365,0.16580582513215583,1.1376734764234506,False
Detroit,26163587000,-83.481899,42.201854,0.18388223552894212,0.23890334968203172,1.489401902875894,False
Detroit,26163525800,-83.128424,42.333145,0.05390230207748456,-0.0816919362819548,-1.0332834463316802,False
Detroit,26099251400,-82.912385,42.487874,0.037520391517128875,0.08781847706178218,0.7499942374015588,False
Detroit,26161413200,-83.566199,42.19008,0.27360308285163776,0.28750348351066873,1.5216924857850596,False
Detroit,26163506600,-83.049293,42.437188,0.9071138960560265,0.11986806681141317,1.0224161046686824,False
Detroit,26125160700,-83.250078,42.505017,0.7356037151702787,0.27190338225438326,2.573574257709399,True
Detroit,26163550200,-82.938631,42.38284,0.08639571671939644,-0.15436804982790445,-1.0672491629464669,False
Detroit,26099214500,-83.048774,42.830232,0.003401360544217687,0.06043639286023349,0.10007035485948743,False
Detroit,26099258000,-82.922402,42.474518,0.48203038162282325,0.0718696115447024,0.6144909066975544,False
Detroit,26099250700,-82.88875,42.506861,0.030241250424736663,0.14948670548729842,1.268031758975013,False
Detroit,26099256400,-82.92258,42.491163,0.15336571825121442,0.07749566003483467,0.6582307445220476,False
Detroit,26099233000,-82.97812,42.59479,0.027666608665390637,0.355761815521979,1.0422381961183773,False
Detroit,26147641000,-82.556911,42.772407,0.004844685095468795,0.698124192185417,2.6822575034781475,True
Detroit,26099255900,-82.9409,42.499305,0.11881750994883457,0.049168786924576255,0.4160191467657329,False
Detroit,26099250000,-82.87241,42.537575,0.02068014705882353,0.3430113901942826,2.4603344249229777,True
Detroit,26163516200,-83.017817,42.366545,0.8509933774834437,0.11976083473891252,0.9596798118580413,False
Detroit,26099247400,-82.822456,42.573448,0.009977324263038548,0.6681659993735382,3.108952753604631,True
Detroit,26087338000,-83.276601,43.027599,0.0030168946098149637,0.1662122730723038,0.5275445915610438,False
Detroit,26099256600,-82.935241,42.484027,0.31689272503082616,0.052068309884649874,0.4412694435287615,False
Detroit,26099258300,-82.96331,42.468488,0.4619645494830133,-0.044446901682016,-0.3372125347460847,False
Detroit,26099250500,-82.893584,42.518016,0.03160377358490566,0.17373584963221786,1.451578996064002,False
Detroit,26049013002,-83.837967,42.796421,0.0022281639928698753,-0.169249758308513,-0.14216953218649084,False
Detroit,26049013001,-83.875261,42.823892,0.002305032654629274,-0.07723975899867072,-0.06124047272836835,False
Detroit,26125130100,-83.521589,42.675814,0.01264274061990212,0.17582217819304385,0.5604225219189474,False
Detroit,26125192400,-83.17515,42.687853,0.022873194221508828,0.0448417885308748,0.22205839676346567,False
Detroit,26093741602,-83.783241,42.515873,0.0026231419411250363,-0.0618964070770171,-0.08987860550034169,False
Detroit,26093743300,-83.799185,42.490743,0.002374356944994064,-0.01705972150699571,-0.028335093061145688,False
Detroit,26093733100,-83.969047,42.487772,0.0027427317608337905,0.015860740076310657,0.028329559880401377,False
Detroit,26163597000,-83.198756,42.090496,0.039623774264558737,0.16082768032317818,1.0247200000326757,False
Detroit,26093744700,-83.720654,42.455674,0.009317803660565723,0.17699638339084212,0.3630109949228149,False
Detroit,26163565600,-83.421635,42.304424,0.05316091954022988,0.2587418024086445,1.8671830145336354,False
Detroit,26163564504,-83.52135,42.281079,0.1356115107913669,0.2642377221770673,1.4816647860212508,False
Detroit,26125153000,-83.193352,42.550953,0.03650586701434159,0.3042183638738098,3.2320360828974644,True
Detroit,26125183400,-83.198349,42.52265,0.053642914331465175,0.2914676461139928,3.0246832218656565,True
Detroit,26125183200,-83.161688,42.522554,0.044589774078478,0.25182178123063864,2.6961509817106486,True
Detroit,26125144800,-83.373267,42.6452,0.05859526581296081,-0.23787828766129374,-1.5593360263563842,False
Detroit,26125130600,-83.478487,42.630309,0.0068717277486911,0.09167578567778649,0.383163414748004,False
Detroit,26125193600,-83.100638,42.644615,0.020043731778425656,-0.7245970329600512,-1.0132983826977315,False
Detroit,26125121500,-83.260099,42.822365,0.015463917525773196,-0.1819767448887146,-0.9459819697403243,False
Detroit,26087341500,-83.301466,42.933902,0.003663003663003663,-0.018422222523069354,-0.08451019370018716,False
Detroit,26093733602,-83.938071,42.456892,0.0034613482775671667,0.06181784363312329,0.12483277745341269,False
Detroit,26093743500,-83.887738,42.468203,0.006701030927835051,0.0198674986963522,0.03789702064114682,False
Detroit,26147634100,-82.581273,42.947014,0.01498422712933754,0.6813753136304417,2.053196535418299,True
Detroit,26163570600,-83.33396,42.27975,0.8768248175182481,0.23391218057292487,2.048451832308871,True
Detroit,26163566800,-83.372781,42.274155,0.21589793915603533,0.26925323121171,2.044080984222717,True
Detroit,26163514200,-83.008982,42.381219,0.9305251641137856,0.2350279173601561,1.7243738609538624,False
Detroit,26125122200,-83.384407,42.861385,0.006743997841920691,-0.11662890742123716,-0.6101624606732688,False
Detroit,26049011902,-83.497606,43.072165,0.013617525162818236,0.5164324119594568,0.7371594316278135,False
Detroit,26125193300,-83.143181,42.660844,0.07377389858686617,0.06480135237728876,0.2532046346740215,False
Detroit,26087337500,-83.311281,43.049094,0.006794751640112465,0.22558322204590728,0.6852262633797517,False
Detroit,26125122900,-83.437679,42.85241,0.010221465076660987,-0.10540538353936149,-0.4801373861993666,False
Detroit,26161420200,-83.582423,42.116953,0.05662073097663271,0.32892219418250085,1.6970221325732606,False
Detroit,26125193500,-83.105357,42.671555,0.03986234585603671,-0.3672046557477271,-0.7227036470704229,False
Detroit,26049011601,-83.52203,42.982973,0.009397278029812054,0.45588234771277103,0.5856623784793448,False
Detroit,26099225300,-83.062296,42.697458,0.03015980193562908,-0.403175634505637,-0.5714415640862367,False
Detroit,26163505400,-82.995263,42.417884,0.9159314997405293,-0.11097046376789027,-0.8771457404680366,False
Detroit,26099268300,-82.991982,42.455051,0.47,-0.15192990763987224,-1.202784478566667,False
Detroit,26163500700,-82.947542,42.429596,0.9204185933317108,-0.11670078071379725,-0.90453696620524,False
Detroit,26163514500,-82.999893,42.375361,0.9488966318234611,0.20559988041312366,1.5886094610636183,False
Detroit,26163540700,-83.230259,42.433675,0.931412464766677,0.12261969126821373,0.7840397997902522,False
Detroit,26163530500,-83.134116,42.384388,0.8761651131824234,0.0032536890586775183,0.03349193990566949,False
Detroit,26163513600,-82.981639,42.364379,0.8648077735530207,0.16834856278340493,1.2274681455932233,False
Detroit,26099263900,-83.017049,42.459436,0.3998943475964078,-0.05784949442038893,-0.4666102668870275,False
Detroit,26163562300,-83.495031,42.374745,0.022549470777726646,0.36936872346725813,1.3348435804128982,False
Detroit,26163557400,-83.383737,42.404814,0.00951531370799881,0.25284524443936524,1.842766242058424,False
Detroit,26125142500,-83.30589,42.623941,0.660347551342812,-0.19711652134331342,-1.3790313047244847,False
Detroit,26125140900,-83.315206,42.654425,0.39698610784082883,-0.323532232510913,-2.0201317724206262,True
Detroit,26087333500,-83.282102,43.091406,0.003365214311016649,0.3043770467024169,0.8463678788908963,False
Detroit,26115830400,-83.39381,42.052878,0.007248187953011747,0.36408832600315444,2.047448069158293,True
Detroit,26087342100,-83.427427,43.096969,0.0020068807339449542,0.38856653533739255,0.796192883630065,False
Detroit,26087334500,-83.370662,43.099393,0.0013440860215053765,0.33940684947848015,0.8003282496831702,False
Detroit,26125139200,-83.65788,42.461953,0.012278106508875739,0.33476612403420924,0.6922917217567796,False
Detroit,26093744800,-83.681642,42.459644,0.003143242029636282,0.2768106032546079,0.5876673219041162,False
Detroit,26125139400,-83.643033,42.463524,0.009140412290937379,0.38739427211928085,0.8142473244959231,False
Detroit,26125165200,-83.401196,42.465848,0.09231837112447941,0.19819480747027035,1.36162616185838,False
Detroit,26125145200,-83.368602,42.621055,0.07592800899887514,-0.19367666177056253,-1.3501565274442375,False
Detroit,26125166500,-83.369402,42.507045,0.14131169709263017,0.2740055252728029,1.9311867728291015,False
Detroit,26125198000,-83.099082,42.570208,0.03346959632089934,-0.21836040384125718,-0.3276875500182682,False
Detroit,26093743400,-83.843143,42.488198,0.0026695141484249867,-0.04505437790084951,-0.07532378806092214,False
Detroit,26125131600,-83.640373,42.676424,0.006514657980456026,0.3451274391823317,0.6081579727451905,False
Detroit,26163513900,-82.984391,42.372226,0.9331619537275064,0.154720892007014,1.1057541977791185,False
Detroit,26093733601,-83.961086,42.435537,0.003373313343328336,0.09817258004906147,0.21029830090994875,False
Detroit,26093743600,-83.836504,42.470932,0.0013559322033898306,0.03086031190729273,0.05867894508796882,False
Detroit,26125131400,-83.571447,42.66989,0.0018026137899954935,0.6513957955145875,1.4193123104511334,False
Detroit,26093743800,-83.858823,42.442276,0.002890173410404624,0.07633439442484827,0.16061195213611112,False
Detroit,26125166400,-83.388905,42.505248,0.1090854751942618,0.29888174536318496,2.0050085346597886,True
Detroit,26163525700,-83.126917,42.327683,0.0397456279809221,-0.07287065015544021,-0.9124842227647221,False
Detroit,26163525600,-83.112046,42.328567,0.19578544061302683,-0.07249958611319118,-0.8537881047146356,False
Detroit,26125196600,-83.196302,42.583043,0.011240632805995004,0.3218381153031721,2.9656308768703816,True
Detroit,26125197900,-83.099619,42.585097,0.04534792806880375,-0.2818608661268406,-0.3803691030549068,False
Detroit,26163521800,-83.071037,42.345601,0.9188267394270123,-0.06707845045694003,-0.5465343767685752,False
Detroit,26163503500,-82.990356,42.431232,0.9176818014027316,-0.2264278307436763,-1.7759663408609834,False
Detroit,26163537000,-83.176296,42.405831,0.9493101379724055,0.07345957348828487,0.6840644021660136,False
Detroit,26163531600,-83.128508,42.394113,0.9391727493917275,0.07150811697059521,0.784581110250179,False
Detroit,26163537500,-83.192481,42.405287,0.9458364038319823,0.024161824071565332,0.23114620037876307,False
Detroit,26163542400,-83.203893,42.390937,0.938136552244436,-0.05305737855409508,-0.5799705437211059,False
Detroit,26099240500,-82.965181,42.57736,0.149979398434281,0.3797142580739163,1.3385138505216914,False
Detroit,26163504900,-83.008242,42.428557,0.924717999019127,-0.05494188364247951,-0.45471374774886186,False
Detroit,26125168100,-83.406918,42.506203,0.11578947368421053,0.31428012120470955,2.0099811972898793,True
Detroit,26049012402,-83.500168,43.173165,0.0026395173453996985,0.7170038733849462,0.8571792858159153,False
Detroit,26163506200,-83.029022,42.437682,0.9162072767364939,0.06993613668799195,0.595765923900333,False
Detroit,26163518500,-83.034557,42.372994,0.6885245901639344,0.11397336759421478,0.9181432886620617,False
Detroit,26163500100,-82.951168,42.444021,0.9129129129129129,-0.06703949538417339,-0.522107702312315,False
Detroit,26163532700,-83.094144,42.374322,0.8924731182795699,-0.03200561184904519,-0.2662608414467522,False
Detroit,26163501100,-82.959989,42.413583,0.9408052884615384,-0.25160748665036803,-1.762878638016639,False
Detroit,26087341000,-83.151998,42.937359,0.002500520941862888,0.03351538371808934,0.1194442645245101,False
Detroit,26087333000,-83.172654,43.105991,0.005717916137229987,0.3305268532460843,0.8525948451222508,False
Detroit,26163589300,-83.453245,42.146048,0.09088390135771682,0.2972037594450021,1.784697767359026,False
Detroit,26163504300,-82.980528,42.405722,0.945474372955289,-0.13251478757710916,-0.972595789626988,False
Detroit,26087331500,-83.399064,43.167621,0.003711952487008166,0.44616199261509126,0.8653544877797162,False
Detroit,26049011901,-83.527885,43.115598,0.03655145013905443,0.7287625907468047,0.8364115686885666,False
Detroit,26087334000,-83.327705,43.082205,0.004048582995951417,0.2917662114049914,0.8324832973493875,False
Detroit,26087332000,-83.29036,43.191155,0.003990284524635669,0.455098840795273,1.0286153149039052,False
Detroit,26157001200,-83.452833,43.272301,0.0034348523013510417,0.6521128802660721,0.8051679193522494,False
Detroit,26087331000,-83.426486,43.212568,0.0005640157924421884,0.5656063047420359,0.8094114294025676,False
Detroit,26163556200,-83.346643,42.434032,0.1329500538986705,0.13944176937523725,1.0690631860926465,False
Detroit,26163554200,-83.308453,42.432254,0.29778481012658226,0.06937744386647061,0.5678323427113893,False
Detroit,26163551500,-82.932471,42.436897,0.6587464154035232,-0.016742868393149903,-0.1364524870172884,False
Detroit,26163516300,-83.013273,42.360162,0.8509933774834437,0.11063070037897275,0.8714854843623404,False
Detroit,26163557300,-83.365958,42.404279,0.03558558558558558,0.20121129904126178,1.663772822635223,False
Detroit,26163554600,-83.303623,42.405479,0.28594249201277955,0.054880387809507734,0.53836948979344,False
Detroit,26125137800,-83.492069,42.440997,0.008719182200841852,0.3386472284686903,1.0218956226161051,False
Detroit,26163504000,-82.977546,42.416573,0.9139981701738334,-0.2605004370678079,-1.913023359527756,False
Detroit,26163506500,-83.046792,42.429815,0.912888436067244,0.15629524731684996,1.2855477958020933,False
Detroit,26163500900,-82.946677,42.422022,0.9403669724770642,-0.15017714731276002,-1.1266920523778838,False
Detroit,26163535700,-83.164414,42.362079,0.9177456207159177,-0.10832587283594,-1.3381549660562804,False
Detroit,26087342000,-83.393615,42.930467,0.003298878381350341,0.008558723540638434,0.03583471497188522,False
Detroit,26161407400,-83.574452,42.268631,0.4314877822455923,0.29584896310214215,1.4514645389997947,False
Detroit,26163543100,-83.228405,42.412578,0.8745417515274949,-0.004772570212365206,-0.03213192119777701,False
Detroit,26147630100,-82.471711,43.039563,0.0235467255334805,0.7571431360621945,1.8041643620547778,False
Detroit,26147651200,-82.70984,42.771107,0.003770028275212064,0.8589943146972318,2.8534549714954713,True
Detroit,26163501200,-82.951404,42.411807,0.9297700435052828,-0.21861707837542038,-1.543528247340179,False
Detroit,26163541800,-83.282899,42.435399,0.7883932096328464,0.04492478385049805,0.3266455503251189,False
Detroit,26163511000,-83.027957,42.396669,0.43032664069523524,0.27033583888541785,1.9222492200722638,False
Detroit,26163504800,-83.019806,42.411312,0.9209809264305178,0.1492715765096721,1.115587439525182,False
Detroit,26163551600,-82.939788,42.433789,0.7842813311305169,-0.05565174497756697,-0.43876022929973196,False
Detroit,26099256700,-82.952789,42.483524,0.21137757947573899,0.009495824348663558,0.07859515060714486,False
Detroit,26099256800,-82.963117,42.483533,0.16217672413793102,-0.016174316811405184,-0.1256499494195161,False
Detroit,26163589400,-83.511791,42.139929,0.12378119319120806,0.3051857795730383,1.7225021037318136,False
Detroit,26163502000,-82.946819,42.393026,0.9251883745963402,-0.17997947043538218,-1.2423239784295248,False
Detroit,26115830500,-83.479236,42.039828,0.03717850776674306,0.3527207343751605,1.8826129066788178,False
Detroit,26163506300,-83.029894,42.428157,0.9112903225806451,0.10456101529579254,0.8523383217982049,False
Detroit,26163544200,-83.261939,42.408412,0.8159600997506234,-0.014259897938345104,-0.12581312972674796,False
Detroit,26163541500,-83.263004,42.436671,0.9313103448275862,0.022500215318712182,0.14410155064528254,False
Detroit,26163515400,-82.996063,42.359879,0.34241531664212077,0.16607274418786253,1.3372256664070896,False
Detroit,26147624000,-82.429205,42.971501,0.12202753441802253,0.7409442035886781,1.9632098412078172,True
Detroit,26151970700,-82.520095,43.210254,0.002307692307692308,0.920674447870794,1.5312376490529562,False
Detroit,26125135000,-83.545573,42.556249,0.030163746049985635,0.5816615387162452,1.612039885207186,False
Detroit,26093743900,-83.886915,42.449124,0.0013931457230426303,0.07048818167311963,0.14721148004545123,False
Detroit,26125190500,-83.145318,42.729084,0.009874667679453095,0.08555536534473443,0.37215158509317486,False
Detroit,26147631100,-82.477388,43.070843,0.01605385810460901,0.7797939077189526,1.7140570660555026,False
Detroit,26147620000,-82.445175,42.949114,0.15999152362788727,0.7294185566231618,2.028883801873638,True
Detroit,26147623000,-82.443258,42.980372,0.07602143335565975,0.73871488552168,1.9523084336159553,False
Detroit,26125168500,-83.398872,42.458239,0.2154178674351585,0.18511164752531079,1.2895885608788902,False
Detroit,26163535100,-83.174213,42.369092,0.9644729178800233,-0.11043414992681273,-1.3531082371512397,False
Detroit,26163573701,-83.171452,42.348602,0.018357487922705314,-0.12240401958249614,-1.541208449256118,False
Detroit,26115830600,-83.594004,42.041623,0.06635388739946381,0.3534916891512986,1.7994999821649664,False
Detroit,26161420000,-83.590022,42.162315,0.11481975967957277,0.31087781468812464,1.5774884454971352,False
Detroit,26163534400,-83.16023,42.369256,0.9355495251017639,-0.08524007785196938,-1.0023737524019345,False
Detroit,26147621000,-82.436007,42.964382,0.09661697247706422,0.7372062500744431,1.979892502329587,True
Detroit,26163503600,-82.996946,42.425086,0.8855013550135501,-0.14928601177504522,-1.1994075473944015,False
Detroit,26163534300,-83.163079,42.374527,0.9089236430542779,-0.0713838804807205,-0.8187296259160988,False
Detroit,26163507200,-83.075563,42.421314,0.9212362911266201,0.11296538619240722,1.0397776269615497,False
Detroit,26163543600,-83.25108,42.39637,0.783661971830986,-0.03942049065829206,-0.3741504820458463,False
Detroit,26157001000,-83.448313,43.345014,0.0022753128555176336,0.7315832557272949,0.7580950082080408,False
Detroit,26157001100,-83.230851,43.365712,0.009623797025371828,0.8008830162944955,1.1507283226071083,False
NewYork,36061022700,-73.946268,40.822788,0.37627622053090776,-0.4433347298043176,-2.534399561782069,True
NewYork,36005033600,-73.869206,40.868228,0.41170448728885856,-0.065838411778824,-0.4768276496876641,False
NewYork,36061006400,-73.981353,40.737249,0.03259377859103385,-0.4117240546387543,-2.795957506524953,True
NewYork,36061015300,-73.981101,40.775118,0.011115685467270481,-0.41581193960799545,-2.6581986372596083,True
NewYork,36061022600,-73.944713,40.813561,0.5316973415132924,-0.4167494276871345,-2.4095936517775787,True
NewYork,36061021100,-73.959381,40.81381,0.1648779561211891,-0.4876423359967617,-2.8338379158043105,True
NewYork,36061011900,-73.986437,40.757192,0.4249699879951981,-0.3914732634821635,-2.6037162166707666,True
NewYork,36061029900,-73.92156,40.861538,0.21206225680933852,-0.20695150949158203,-1.5499689468115005,False
NewYork,36061023501,-73.94202,40.829208,0.34345238095238095,-0.42034025385285645,-2.457991389105215,True
NewYork,36005006300,-73.926515,40.824416,0.24035833586395383,-0.3251760760294239,-1.9865152745805659,True
NewYork,36061025100,-73.938426,40.840029,0.10406646261477918,-0.38103546610070094,-2.3491086038642566,True
NewYork,36061009300,-74.001207,40.747323,0.07399463806970509,-0.4580338582458257,-3.0114792646309376,True
NewYork,36061022102,-73.946246,40.818837,0.5146935348446684,-0.4370293028571495,-2.5078339249430024,True
NewYork,36061018500,-73.966272,40.794324,0.08868968148006866,-0.4461190178914412,-2.7927615473302865,True
NewYork,36081027500,-73.875581,40.752646,0.01358334563708844,0.30044744757307207,1.2655917977791098,False
NewYork,36061023900,-73.940879,40.832747,0.2953271028037383,-0.40835931640023376,-2.441717825539331,True
NewYork,36061029300,-73.920095,40.865864,0.03671437461107654,-0.18923958680923034,-1.4263989772055568,False
NewYork,36061019300,-73.961668,40.800426,0.15418956043956045,-0.44878482468699143,-2.7449877988594533,True
NewYork,36061022500,-73.952519,40.82305,0.1819100555836281,-0.4745341669337099,-2.7162827923900674,True
NewYork,36061024500,-73.942081,40.836671,0.09331341053418005,-0.410179033974693,-2.4657158840287896,True
NewYork,36061004200,-73.989034,40.732548,0.07036042944785276,-0.4480383044070424,-2.9863692067119816,True
NewYork,36061016500,-73.97575,40.783035,0.021024177804475148,-0.4326731066066512,-2.7609117037209825,True
NewYork,36061023700,-73.947261,40.830412,0.22776796230859836,-0.45179630368475465,-2.600212173962695,True
NewYork,36061005000,-73.987133,40.735881,0.013785180930499713,-0.4376995416473709,-2.9120417655082855,True
NewYork,36061022900,-73.950367,40.825401,0.20338557993730408,-0.46793389652118716,-2.664020898734555,True
NewYork,36061018900,-73.963929,40.797194,0.2267220491519557,-0.44608920339631175,-2.7736956078159274,True
NewYork,36061003100,-74.002798,40.716957,0.11375041820006691,-0.4463435410312603,-3.0442357073055493,True
NewYork,36005046201,-73.828532,40.875212,0.5728902571532054,-0.07307113383854211,-0.5015029988359201,False
NewYork,36061019100,-73.969009,40.800034,0.08117712382009995,-0.47468845688458144,-2.941110289735005,True
NewYork,36061021500,-73.948948,40.814213,0.5401970954356846,-0.4436539111441558,-2.550522289901038,True
NewYork,36061016100,-73.977195,40.779764,0.0188907359830739,-0.42375475395670753,-2.698411970754879,True
NewYork,36061013700,-73.979991,40.765363,0.04898741105637657,-0.3746677138606687,-2.4263937682063883,True
NewYork,36061029100,-73.92361,40.864083,0.04586544866305072,-0.20713748046441008,-1.5540628241079812,False
NewYork,36061008200,-73.981516,40.749511,0.025190392501464556,-0.3813072736709023,-2.5860443672444475,True
NewYork,36061021900,-73.955418,40.817106,0.33707865168539325,-0.48222231908034235,-2.7619044807867104,True
NewYork,36061009100,-73.995521,40.744839,0.05704971475142624,-0.4469473476184053,-2.959132790734836,True
NewYork,36061026300,-73.937241,40.846903,0.053833605220228384,-0.3449347925264603,-2.256635595210571,True
NewYork,36061006700,-74.003764,40.730694,0.014963043086352984,-0.4900236940513369,-3.1213156693093396,True
NewYork,36061022800,-73.942809,40.815906,0.568193256165073,-0.4100328017962877,-2.37213871648674,True
NewYork,36061003601,-73.991056,40.72227,0.1192712781098776,-0.45571252134818385,-3.1098360085530796,True
NewYork,36061003602,-73.990296,40.72461,0.07,-0.45623593548498165,-3.089772545092375,True
NewYork,36061018300,-73.972766,40.795045,0.056714319193812986,-0.4721262383827335,-2.955817514147523,True
NewYork,36061024100,-73.945182,40.833848,0.1992905937992643,-0.4356093828593392,-2.5542445685667072,True
NewYork,36061026100,-73.934557,40.845792,0.06326283424951086,-0.3338412591116195,-2.2006528836457253,True
NewYork,36061006500,-74.000201,40.729664,0.029311114417497397,-0.4847412600255514,-3.1119050625786953,True
NewYork,36005025500,-73.908257,40.861017,0.15385565991102323,-0.1585124516882383,-1.2076548197256354,False
NewYork,36061022301,-73.954572,40.820521,0.07357398732433178,-0.48319482371126193,-2.7628454629456014,True
NewYork,36061022302,-73.956901,40.820002,0.18606900999677523,-0.4926172543761934,-2.8217343235712633,True
NewYork,36061023300,-73.948259,40.828139,0.23021356783919597,-0.45724603645314077,-2.616862864315766,True
NewYork,36061008400,-73.984693,40.75103,0.1420654911838791,-0.3921190962215719,-2.6475550459938013,True
NewYork,36061023100,-73.944459,40.826004,0.3436952016578989,-0.43221988905096786,-2.503385865842675,True
NewYork,36061014900,-73.981339,40.771935,0.018422295701464336,-0.4041631610258198,-2.5791415475363277,True
NewYork,36061009000,-73.969812,40.752566,0.03261608154020385,-0.30840421201726037,-2.067737939879537,True
NewYork,36061018700,-73.97089,40.797539,0.08931045507833316,-0.47325827916745944,-2.954955332674602,True
NewYork,36081040900,-73.867885,40.750039,0.014038286235186874,0.25833926011039565,1.1700286596934948,False
NewYork,36061023600,-73.936483,40.824343,0.7500757040476431,-0.38258451830064083,-2.263933142917874,True
NewYork,36061005800,-73.990648,40.74339,0.028577020943433156,-0.43440259494222827,-2.896394474652021,True
NewYork,36061027700,-73.928162,40.855147,0.04764128911723494,-0.2603002100380642,-1.8655148266519994,False
NewYork,36061021303,-73.952796,40.814221,0.35214042629410713,-0.4616836247640653,-2.6645998029854225,True
NewYork,36061015700,-73.978778,40.777384,0.023577744038581764,-0.4185419307470069,-2.665974779438146,True
NewYork,36061020500,-73.964717,40.808816,0.05454907425841131,-0.4898404026255222,-2.913485080306065,True
NewYork,36061019900,-73.965137,40.80523,0.08168368410085435,-0.47906281831124925,-2.8906500943006614,True
NewYork,36061010400,-73.976565,40.762291,0.028484231943031537,-0.3512548586240367,-2.305492104414853,True
NewYork,36061008300,-74.004445,40.742548,0.11886841422268363,-0.4770695347758161,-3.0858864907472334,True
NewYork,36061007600,-73.986863,40.747786,0.0920917494008901,-0.40962928096015155,-2.747622460803873,True
NewYork,36061013100,-73.983241,40.763021,0.06814740030287733,-0.3821962327207375,-2.492861822483786,True
NewYork,36047019700,-73.966613,40.687964,0.2415620641562064,-0.30864428498781726,-2.896675330062806,True
NewYork,36047050300,-73.947419,40.712016,0.02029720913374411,-0.27271722845079005,-2.0870636826563507,True
NewYork,36047058600,-73.954808,40.594591,0.03992467043314501,-0.11510112303719167,-1.5561169342186427,False
NewYork,36081045600,-73.794079,40.716259,0.05567765567765568,-0.3087119525908946,-3.483093565302133,True
NewYork,36081018102,-73.922211,40.74459,0.017368421052631578,0.06632819356712419,0.424453423258561,False
NewYork,36081045800,-73.791395,40.713619,0.09951563188022898,-0.310603698826146,-3.5182990442359814,True
NewYork,36081018300,-73.919781,40.744879,0.01671078755790867,0.08166049300917226,0.518405472850706,False
NewYork,36081126700,-73.797796,40.720231,0.12939866369710468,-0.30392973477541985,-3.414919370970877,True
NewYork,36081126500,-73.804355,40.720368,0.06206896551724138,-0.296729772478782,-3.347356036249879,True
NewYork,36061003200,-73.984269,40.725331,0.027830864787386528,-0.4370092151648149,-3.0320766959124144,True
NewYork,36081018101,-73.924231,40.744368,0.015380604796663191,0.059219346326618086,0.37550344795244345,False
NewYork,36081030902,-73.896499,40.757445,0.010301868711068519,0.12297417269999636,0.6488906282838557,False
NewYork,36081023600,-73.804649,40.707162,0.1500306184935701,-0.3059876919098046,-3.5079567139988774,True
NewYork,36081125700,-73.80784,40.72412,0.12246018671059858,-0.2885441455775485,-3.240829012926671,True
NewYork,36081045200,-73.799552,40.714525,0.11166253101736973,-0.3055524245299307,-3.467740497820701,True
NewYork,36047043200,-73.980744,40.610731,0.011741249446167478,-0.0800848843085567,-1.053315057801552,False
NewYork,36047033600,-74.007064,40.57723,0.05603357817418678,-0.058953424479855056,-0.7428460734631226,False
NewYork,36061012100,-73.992159,40.759688,0.07820453493752892,-0.41342439393567826,-2.7231067857585596,True
NewYork,36047008800,-74.002337,40.649628,0.03100061387354205,-0.03635749915316856,-0.39740262385705205,False
NewYork,36047021200,-74.00577,40.629492,0.014967790829859795,-0.024918456458322406,-0.29485469915296225,False
NewYork,36061004300,-73.994997,40.722973,0.016113516113516115,-0.4643521147670646,-3.120998815091018,True
NewYork,36047021400,-74.002483,40.631854,0.004796163069544364,-0.030159133989233547,-0.35710907796049174,False
NewYork,36061012500,-73.98555,40.760615,0.098931402964495,-0.38831531390995205,-2.5388085529492264,True
NewYork,36047037000,-73.962768,40.588063,0.03242105263157895,-0.10280009809466306,-1.3813959134422182,False
NewYork,36047036600,-73.963556,40.582386,0.013031403546250802,-0.10105483511266115,-1.3547895738325628,False
NewYork,36047024800,-73.989546,40.621017,0.01095579901775595,-0.061981628933722784,-0.7868238242750938,False
NewYork,36047070600,-73.902668,40.616607,0.01625415589213151,-0.24207553208546156,-3.16133366768897,True
NewYork,36061012900,-73.995755,40.762371,0.10159416373952986,-0.42718021663139477,-2.790186752739887,True
NewYork,36047015000,-74.010606,40.615524,0.0016750418760469012,-0.023099743835396584,-0.27666745761273737,False
NewYork,36047007400,-74.016923,40.641916,0.00909246869102762,0.012685349998369722,0.13519913872045555,False
NewYork,36081089200,-73.845335,40.65588,0.0037817396002160996,-0.35469326421205655,-3.86071680334351,True
NewYork,36061003400,-73.981415,40.72895,0.03479749001711352,-0.4242739222281719,-2.940750020417288,True
NewYork,36047028200,-74.004058,40.600781,0.010968921389396709,-0.045315333676922386,-0.5652803459446529,False
NewYork,36047029600,-73.993159,40.600904,0.010679125646587686,-0.060764960657432955,-0.7786854434706199,False
NewYork,36047043000,-73.983525,40.60945,0.010671525247267048,-0.07449255095991378,-0.9718090411827551,False
NewYork,36061002100,-74.009886,40.714684,0.015618998847778773,-0.4221912510247759,-2.89404047724255,True
NewYork,36061008700,-73.997293,40.742476,0.018740399385560675,-0.4567202166749704,-3.010672972756938,True
NewYork,36047025600,-73.986052,40.615211,0.00980392156862745,-0.06954456284718366,-0.8982828157240609,False
NewYork,36061005600,-73.987559,40.741572,0.10488203690726466,-0.4274883344788023,-2.8621992381700783,True
NewYork,36047014800,-74.012878,40.616787,0.003215434083601286,-0.016228629202599164,-0.19177565531798357,False
NewYork,36047020000,-74.008615,40.620885,0.009828009828009828,-0.021817864182295123,-0.25963412213415743,False
NewYork,36047040200,-73.982425,40.596411,0.007272727272727273,-0.07835937635079777,-1.0319675071583074,False
NewYork,36047019800,-74.006615,40.619361,0.010674429888403688,-0.027261517530559456,-0.32795447576713005,False
NewYork,36047043400,-73.976741,40.610068,0.011381272633212623,-0.08684714365616801,-1.148809515853895,False
NewYork,36047048600,-73.978387,40.639376,0.03141506811231582,-0.09776053508956714,-1.2402622784816515,False
NewYork,36047007700,-73.995528,40.677758,0.036379613356766254,-0.17277288322702294,-1.756612717005644,False
NewYork,36047017000,-74.012579,40.61015,0.003607103218645949,-0.022297472966529463,-0.2665698527997741,False
NewYork,36081051100,-73.899121,40.727545,0.011226944667201283,-0.10036172409988911,-0.8109684235203424,False
NewYork,36047030000,-73.989143,40.597687,0.005445075757575758,-0.06870760142788991,-0.8931589033327659,False
NewYork,36061000800,-73.995232,40.712014,0.020973231533437588,-0.4227387521597664,-3.0556146646373166,True
NewYork,36047062800,-73.926042,40.59088,0.008425890463423975,-0.1579605541976796,-2.119073758551114,True
NewYork,36061008100,-73.998849,40.739727,0.02916083025595314,-0.4669304574809702,-3.0522592557283788,True
NewYork,36081030600,-73.773907,40.664746,0.7291469642519387,-0.30890140577429176,-3.6485269104677434,True
NewYork,36047042800,-73.984344,40.60598,0.020745920745920746,-0.07384998516952815,-0.9655299269344585,False
NewYork,36085017700,-74.10167,40.601717,0.007771654655927653,0.2575117644544131,1.8503390012574423,False
NewYork,36047005300,-74.012951,40.676691,0.07333333333333333,-0.11443461709516844,-1.1016003407162256,False
NewYork,36047042600,-73.980242,40.605766,0.005977011494252874,-0.0804119208755744,-1.0579902791170392,False
NewYork,36047035000,-73.977867,40.577754,0.00681375730045425,-0.08644734438871528,-1.1447305550816482,False
NewYork,36061003001,-73.986901,40.720949,0.03538494531417542,-0.44436083218324496,-3.091081188329416,True
NewYork,36047016200,-74.031161,40.614054,0.058611361587015326,0.0335141187713822,0.36269956062936926,False
NewYork,36047039800,-73.976305,40.595441,0.008799718409010912,-0.08639868149486353,-1.1455282444327402,False
NewYork,36047042300,-73.927205,40.698929,0.05497152869031975,-0.28756395471911117,-2.5217348806931486,True
NewYork,36047020100,-73.963628,40.683983,0.2641118591403418,-0.29525727477298397,-2.890864769316509,True
NewYork,36047056900,-73.951371,40.72407,0.0166256157635468,-0.27136601437936975,-1.9774883045431875,True
NewYork,36047048500,-73.936444,40.706004,0.08582995951417004,-0.2570529616348142,-2.0174172325715998,True
NewYork,36047029100,-73.933729,40.690206,0.534845496383958,-0.3223436937659186,-3.0368068550178156,True
NewYork,36047036900,-73.909236,40.6796,0.5415580182529335,-0.3262203086539094,-3.4875234830122617,True
NewYork,36047001100,-73.986893,40.692316,0.10329531051964512,-0.3026068720536854,-2.680004032269764,True
NewYork,36047051300,-73.951402,40.711044,0.05030763662685487,-0.3009365498325099,-2.354402905876463,True
NewYork,36081091601,-73.914936,40.559883,0.0002244165170556553,-0.15931908038035658,-2.11575034954524,True
NewYork,36061006100,-73.992664,40.733386,0.05751729159082636,-0.4582557352560008,-3.02992903928212,True
NewYork,36047051100,-73.948917,40.707292,0.06864686468646865,-0.29447340421998497,-2.313325254769649,True
NewYork,36061002201,-73.981933,40.718958,0.11465059549433204,-0.42897115264898183,-3.068255859925287,True
NewYork,36061003800,-73.988393,40.727308,0.0350606394707828,-0.4498210831261715,-3.0525003483295223,True
NewYork,36061007300,-74.004244,40.734057,0.015857605177993526,-0.490535193993819,-3.1176232278383624,True
NewYork,36047001500,-73.982587,40.69445,0.17934683451924832,-0.3253294503302853,-2.8375549920124516,True
NewYork,36047003700,-73.984537,40.689246,0.10470974808324206,-0.2846288335097871,-2.6137801146278545,True
NewYork,36061001200,-73.982589,40.715639,0.03125,-0.42611948690123824,-3.1132119856366054,True
NewYork,36047056100,-73.954484,40.726784,0.018497109826589597,-0.28468323778501764,-2.0308128833512242,True
NewYork,36047019300,-73.962328,40.691228,0.3301481127568084,-0.3276350656489557,-2.980919792504031,True
NewYork,36047052700,-73.953446,40.708525,0.027460711331679075,-0.3151442155072345,-2.4884851374345835,True
NewYork,36061010602,-73.958952,40.761145,0.05702313718345783,-0.24564852454649588,-1.5865930757547324,False
NewYork,36047056300,-73.957075,40.734035,0.06902527075812274,-0.2825444517312854,-1.972136609423397,True
NewYork,36047042700,-73.926787,40.703614,0.04878048780487805,-0.2623480906499314,-2.171171699665718,True
NewYork,36047038900,-73.937169,40.699448,0.12661064425770308,-0.292221391897656,-2.427433156638679,True
NewYork,36061007800,-73.974374,40.746676,0.02898232517290592,-0.35264904648059714,-2.3975558791249365,True
NewYork,36081097300,-73.82038,40.793179,0.004484304932735426,0.022562617561064664,0.1465964480576973,False
NewYork,36047055700,-73.959498,40.720622,0.016774891774891776,-0.3339046173229822,-2.491561635693153,True
NewYork,36047054900,-73.965495,40.710675,0.03433024431339511,-0.37067208587036365,-2.913234122901486,True
NewYork,36047042500,-73.929886,40.701419,0.06345009914077991,-0.27585168424981715,-2.3010283923884414,True
NewYork,36047021500,-73.964015,40.673123,0.3027473514095888,-0.2447769459496366,-2.6266310924478957,True
NewYork,36047026700,-73.943983,40.684023,0.49077578051087983,-0.32745842034894473,-3.1714989250135885,True
NewYork,36061007400,-73.983863,40.74618,0.05107055107055107,-0.4005607332589225,-2.7215605657548294,True
NewYork,36061005900,-73.994371,40.731414,0.02085158577185912,-0.4650907977645245,-3.0716957331989967,True
NewYork,36047044900,-73.938411,40.718635,0.316654492330168,-0.20075610178201772,-1.4977397668323802,False
NewYork,36047004300,-73.989634,40.688045,0.06115485564304462,-0.26286968045489695,-2.4205577785966206,True
NewYork,36047057100,-73.947464,40.724836,0.009842981017108038,-0.23457094806009957,-1.6795937158518892,False
NewYork,36047039500,-73.924655,40.693014,0.1913151364764268,-0.3079933120391347,-2.941108278283032,True
NewYork,36047044700,-73.922082,40.706773,0.14518096787311915,-0.24156721501545084,-1.997583738863818,True
NewYork,36047014200,-74.023371,40.622659,0.021549213744903904,0.018011192576352707,0.19970344727837,False
NewYork,36047028900,-73.933069,40.693104,0.4251207729468599,-0.3147827075605992,-2.873272041190841,True
NewYork,36047052500,-73.960533,40.708342,0.08091397849462366,-0.3484927658550904,-2.7568260879706545,True
NewYork,36047042900,-73.923345,40.7015,0.030597552195824333,-0.2708078730170428,-2.333678280232117,True
NewYork,36047039300,-73.930112,40.695625,0.15817435402076793,-0.30351462279118147,-2.722269314816916,True
NewYork,36047023500,-73.95781,40.69255,0.08984968755277825,-0.3329637678828302,-2.978460598024164,True
NewYork,36061007900,-74.00782,40.737796,0.020261143628995948,-0.4939799816993469,-3.122234538075551,True
NewYork,36061006300,-73.996853,40.734375,0.018935440584463992,-0.4689952705983657,-3.072651781795721,True
NewYork,36047049700,-73.944709,40.716262,0.030881884750079594,-0.24711588314022723,-1.8685582695168759,False
NewYork,36047052300,-73.958537,40.711739,0.031822386679000926,-0.3358652065808257,-2.6128680700624,True
NewYork,36047057500,-73.95321,40.73221,0.015503875968992248,-0.2605887883238864,-1.845540675515035,False
NewYork,36061004700,-74.002908,40.722822,0.015128593040847202,-0.47469560383132364,-3.102315213162283,True
NewYork,36047049500,-73.943222,40.712231,0.03917790622992935,-0.25148516106433655,-1.9251752548814218,False
NewYork,36061001800,-73.990861,40.718923,0.04764305520544492,-0.44950730810446204,-3.116499389166647,True
NewYork,36047039100,-73.933711,40.699378,0.09695290858725762,-0.2887800668068548,-2.4210294082190322,True
NewYork,36061002602,-73.978874,40.724388,0.08118770764119601,-0.4190177978761946,-2.937366763581319,True
NewYork,36061009900,-74.005112,40.74886,0.0704242278572287,-0.46532040823494414,-3.044281112337825,True
NewYork,36047049300,-73.941331,40.70767,0.1458022514580225,-0.259363247820629,-2.0011690669487034,True
NewYork,36047051900,-73.955355,40.715381,0.01868546139977053,-0.3158409682878589,-2.4241634072978533,True
NewYork,36047041500,-73.91414,40.691779,0.23933531746031747,-0.29886655159815556,-2.9815836831113605,True
NewYork,36061002800,-73.97742,40.726895,0.1072004692770201,-0.4119595658943316,-2.8700975873766215,True
NewYork,36061005502,-73.993743,40.725949,0.024539877300613498,-0.46662416478755714,-3.1008576244800135,True
NewYork,36047043300,-73.915774,40.69797,0.10382513661202186,-0.27908840233487275,-2.6195361051763117,True
NewYork,36061004500,-73.99912,40.720924,0.01555352241537054,-0.4647719695234867,-3.1106775631330277,True
NewYork,36047051700,-73.956352,40.719561,0.02276176024279211,-0.3150479081024952,-2.3510333583486633,True
NewYork,36047040000,-73.976669,40.597737,0.014934471197805547,-0.08580500808308597,-1.135859236258161,False
NewYork,36081028100,-73.882655,40.752164,0.01902854281422133,0.23903664335680166,1.114360086847427,False
NewYork,36081035800,-73.750967,40.675798,0.8249778172138421,-0.30342950744750347,-3.5099010698822926,True
NewYork,36081099801,-73.757228,40.598324,0.5386476505793965,-0.29229090280339126,-3.1083749182578595,True
NewYork,36005009300,-73.887581,40.813285,0.25465940953323435,-0.11120657115865672,-0.7221065324905367,False
NewYork,36081155102,-73.714837,40.750933,0.08987357616722993,-0.320043675351435,-3.2671335562849926,True
NewYork,36061003300,-74.006108,40.718049,0.014555589965933726,-0.44795995424729645,-3.024686562144404,True
NewYork,36047012901,-73.978638,40.681558,0.08444063437633947,-0.24393990837938434,-2.418883473812646,True
NewYork,36047012902,-73.9764,40.680123,0.1838456901748041,-0.24102155583204385,-2.421457886561746,True
NewYork,36081124700,-73.796321,40.728228,0.015532940546331012,-0.2998659745036091,-3.3303664949093537,True
NewYork,36061011500,-73.992902,40.757427,0.07067046337043749,-0.4164181778312528,-2.7572085656191128,True
NewYork,36081073700,-73.843137,40.718723,0.021080368906455864,-0.22285911816926712,-2.2016127963440377,True
NewYork,36081102900,-73.807368,40.783478,0.015583729529846805,-0.08484754814158647,-0.6855245573027475,False
NewYork,36061019701,-73.961768,40.803496,0.12128325508607199,-0.46100943981261916,-2.7794792630692813,True
NewYork,36047013700,-73.985182,40.670425,0.05284791544333529,-0.16251190649886252,-1.7542749866387235,False
NewYork,36085017012,-74.173051,40.552916,0.0069304717192041135,0.3122714445283684,1.9455598649713521,False
NewYork,36081136700,-73.759144,40.744323,0.0144,-0.3180259182501194,-3.357694433246514,True
NewYork,36005007300,-73.909202,40.814707,0.27705112960760997,-0.21139803936451215,-1.3367389656348714,False
NewYork,36005036100,-73.879643,40.842552,0.2260729035733525,-0.10499109970474411,-0.7924915326776342,False
NewYork,36047024200,-73.992886,40.626073,0.007297050775311645,-0.054328271579144514,-0.676539578610772,False
NewYork,36085014604,-74.159945,40.550547,0.007818373176965869,0.2849655626591706,1.8785478970800407,False
NewYork,36061004000,-73.986367,40.730757,0.03622778218045964,-0.4412031280947026,-2.9677521558182396,True
NewYork,36061005400,-73.9943,40.737956,0.014870645752699124,-0.45643748738986534,-3.0107003193610367,True
NewYork,36061004900,-74.001095,40.72556,0.01737492149884865,-0.47969006356388166,-3.1203614624390412,True
NewYork,36061001402,-73.98586,40.717677,0.0839672322995904,-0.4372467773827404,-3.107501606603431,True
NewYork,36061021800,-73.952728,40.803297,0.5127105666156202,-0.4243560102281318,-2.5099287579480443,True
NewYork,36047018600,-74.00508,40.615625,0.008460236886632826,-0.03297946521711237,-0.40182020886618686,False
NewYork,36085021300,-74.137853,40.632507,0.1532159665330312,0.39191007631265357,2.0465844799428248,True
NewYork,36061012600,-73.958519,40.768386,0.012069090120690901,-0.2842390091529472,-1.8244454721105388,False
NewYork,36081044601,-73.798803,40.705687,0.277348616994767,-0.30967713839787026,-3.5551052873782036,True
NewYork,36061003900,-74.010427,40.720309,0.030272882319499716,-0.45467537519496964,-3.0055670036375552,True
NewYork,36081065600,-73.729517,40.659479,0.7811174626590448,-0.29622883564160046,-3.3714317219414323,True
NewYork,36085020803,-74.21046,40.534057,0.007621121393576484,0.33803504961927544,1.9777382105579426,True
NewYork,36061028300,-73.9289,40.858916,0.06576227390180879,-0.24960357946289363,-1.8068216926940717,False
NewYork,36081048200,-73.767992,40.714889,0.27602108036890644,-0.3150765044991313,-3.520243680411739,True
NewYork,36081077906,-73.818217,40.72913,0.021925403225806453,-0.2606935537677636,-2.822266973632029,True
NewYork,36061002900,-73.999235,40.715148,0.08139321723189734,-0.43817871102184597,-3.055613649396189,True
NewYork,36047026200,-73.997018,40.619017,0.004402054292002935,-0.047431903105311646,-0.591375611713436,False
NewYork,36061007000,-73.976936,40.743384,0.028359001593202336,-0.3771181722050991,-2.5722699922072794,True
NewYork,36061011100,-73.99555,40.754732,0.13033561420658196,-0.4288707675497078,-2.825326068275532,True
NewYork,36081000100,-73.956346,40.744752,0.03920322102140284,-0.22930037091619943,-1.565590472164589,False
NewYork,36047015100,-73.982592,40.665554,0.028409090909090908,-0.146943818293636,-1.6120194759090996,False
NewYork,36061005501,-73.996845,40.727566,0.041849255039439086,-0.4755205153075054,-3.107616912556515,True
NewYork,36047018700,-73.970436,40.694442,0.17664670658682635,-0.3372291298336068,-2.9779658169723455,True
NewYork,36061013200,-73.951434,40.770022,0.019676549865229112,-0.25365946894918917,-1.619931051841538,False
NewYork,36081033402,-73.771982,40.675907,0.8876981132075472,-0.3086935627187076,-3.6447907954137038,True
NewYork,36047000100,-73.993088,40.699527,0.06390814558058926,-0.34449158196531726,-2.8100344655409297,True
NewYork,36061012700,-73.989948,40.762232,0.040510848667948365,-0.40720959415336183,-2.657245242607918,True
NewYork,36085004000,-74.080747,40.614221,0.41041756971535903,0.22611751873433505,1.755267142181398,False
NewYork,36061007500,-74.008072,40.734621,0.022,-0.4965291736797726,-3.1238949026569385,True
NewYork,36061020901,-73.955519,40.811725,0.40845839017735336,-0.4660855651240855,-2.7109967596485016,True
NewYork,36047057300,-73.949251,40.727589,0.01891891891891892,-0.24067307540611776,-1.710800287101899,False
NewYork,36047038700,-73.928092,40.690546,0.4712713936430318,-0.31684144584117696,-3.070542526304519,True
NewYork,36061009700,-73.998386,40.74923,0.11003746795503845,-0.44494880494326156,-2.957472596390056,True
NewYork,36081000700,-73.951168,40.745039,0.032642487046632127,-0.1772248299563029,-1.1919888860936638,False
NewYork,36061008000,-73.978204,40.748343,0.041144598713173046,-0.36830036716988257,-2.5035784328055306,True
NewYork,36047058800,-73.958054,40.589338,0.018969422423556058,-0.10893137353527081,-1.4711676030193952,False
NewYork,36061006600,-73.979373,40.740112,0.08524430759257759,-0.39696588146511064,-2.7095199404817207,True
NewYork,36061031703,-74.015441,40.715463,0.018299982897212245,-0.4143195869664205,-2.807102458041122,True
NewYork,36061023000,-73.941229,40.818667,0.5917023378333882,-0.4046545932671046,-2.3480309888260305,True
NewYork,36061003700,-74.005906,40.726366,0.02652005174644243,-0.4859629374478397,-3.1100591719944495,True
NewYork,36061027100,-73.934212,40.851979,0.02820411911321002,-0.30787167143185096,-2.0942188156654313,True
NewYork,36061001501,-74.004337,40.709625,0.043410852713178294,-0.3959339434360728,-2.8729754666737946,True
NewYork,36061001502,-74.006758,40.708325,0.04567354018115244,-0.38184273854248,-2.780979750274469,True
NewYork,36005028400,-73.838891,40.847658,0.31313131313131315,-0.10267063802203795,-0.7128100297975614,False
NewYork,36061000700,-74.008897,40.705907,0.033485107190286474,-0.35561319349191023,-2.652300470914875,True
NewYork,36061013300,-73.987884,40.764485,0.035682689472132115,-0.40333347143072074,-2.613912319525442,True
NewYork,36081055200,-73.749692,40.727227,0.24165091367359798,-0.3181377488147091,-3.4382582340122374,True
NewYork,36061004100,-73.996568,40.719351,0.02791439585271833,-0.4585215839912263,-3.109424183204982,True
NewYork,36081026700,-73.888199,40.745512,0.009199483537766302,0.15848814193453584,0.8946503328120949,False
NewYork,36047013300,-73.981156,40.675175,0.04307413284969395,-0.1987745551924328,-2.0909339542529883,True
NewYork,36061007700,-74.003269,40.738043,0.014857881136950904,-0.4805325754589346,-3.107642287529089,True
NewYork,36061023801,-73.95136,40.760673,0.09407011975183956,-0.19018705143949172,-1.2203521369803307,False
NewYork,36081005400,-73.849054,40.678641,0.07719736138349081,-0.31406913702623207,-3.243432033939771,True
NewYork,36005014500,-73.906757,40.831776,0.44039688164422397,-0.2246881014296671,-1.5929776084072076,False
NewYork,36081041300,-73.861346,40.744758,0.006734006734006734,0.12842211259599062,0.7104095515675939,False
NewYork,36081007100,-73.923589,40.769349,0.025028702640642938,-0.07979373383868538,-0.4846535924968667,False
NewYork,36005028900,-73.906603,40.879557,0.060599662162162164,-0.12266260883101625,-0.9143018191906405,False
NewYork,36047119200,-73.877704,40.676759,0.36716171617161714,-0.3364316650557254,-3.440163524821808,True
NewYork,36005045102,-73.864684,40.900575,0.07563025210084033,-0.0452443299035739,-0.317542975746882,False
NewYork,36061010800,-73.965276,40.758867,0.01388038375178608,-0.27911356789830927,-1.8207323248428777,False
NewYork,36061006200,-73.973358,40.739541,0.112316874660879,-0.3698945022721899,-2.5490331759841087,True
NewYork,36047005800,-74.032372,40.619164,0.02,0.041063899205180186,0.4382509266585671,False
NewYork,36061005700,-73.992545,40.730171,0.013008672448298866,-0.4612430651037548,-3.0612534501784685,True
NewYork,36047003100,-73.979616,40.692266,0.24447717231222385,-0.31492191992038643,-2.8099856383535986,True
NewYork,36081148300,-73.748563,40.774969,0.006738544474393531,-0.3048846656619918,-3.042725005148231,True
NewYork,36081122701,-73.807527,40.733036,0.10911516229435304,-0.2780449147824298,-3.0410501339023135,True
NewYork,36047074200,-73.944986,40.626739,0.39133311280185246,-0.16437493909579956,-2.198299636088285,True
NewYork,36081003300,-73.937517,40.754176,0.0658035034272658,-0.04282195291400728,-0.26506556306305606,False
NewYork,36085013400,-74.117775,40.569926,0.014272121788772598,0.2295628500818627,1.7157565619668438,False
NewYork,36085010500,-74.112501,40.633998,0.1633017688047168,0.36444202469571835,2.074872342200952,True
NewYork,36081020400,-73.8053,40.693608,0.31431079894644426,-0.3132331561306369,-3.640596358962645,True
NewYork,36081006502,-73.915113,40.766913,0.012487512487512488,-0.02645033152521706,-0.16119370291911073,False
NewYork,36061017000,-73.941801,40.79088,0.15917907646101864,-0.3125980602951704,-1.8973194036422032,False
NewYork,36081065900,-73.882048,40.715553,0.0005405405405405405,-0.1921051131376972,-1.786082436642207,False
NewYork,36061007200,-73.980567,40.744983,0.036653131010899766,-0.38942097452195934,-2.660723526702578,True
NewYork,36047057000,-73.936558,40.599143,0.07272212790039616,-0.14543682545858985,-1.9681029405847932,True
NewYork,36081005500,-73.927759,40.754237,0.023408924652523776,0.02719690157079522,0.16373411869626275,False
NewYork,36005024300,-73.911408,40.85233,0.22700376546530393,-0.19088287719179686,-1.4559016272942549,False
NewYork,36081099200,-73.765769,40.597567,0.562327506899724,-0.29399763594607126,-3.1388687604347747,True
NewYork,36061008800,-73.971867,40.748946,0.029597830998644374,-0.3295519236602393,-2.220299812027947,True
NewYork,36047055500,-73.962419,40.717916,0.030271639042357273,-0.35019566857442774,-2.61434519195269,True
NewYork,36047016100,-73.973336,40.679558,0.11014492753623188,-0.24674943041229713,-2.4983999861002943,True
NewYork,36047055300,-73.959186,40.716429,0.05458089668615984,-0.33529624758353666,-2.546285011497889,True
NewYork,36061006800,-73.98389,40.740204,0.05917466908902154,-0.4154428537335068,-2.8136604152095996,True
NewYork,36047006200,-74.029941,40.624533,0.02535496957403651,0.03775746774116123,0.4039862115292905,False
NewYork,36005026500,-73.90123,40.865363,0.10507954228300306,-0.1289051937194612,-0.9810938798218513,False
NewYork,36047018300,-73.971585,40.691629,0.1526580459770115,-0.321368966997211,-2.919107580360958,True
NewYork,36047035300,-73.935288,40.668849,0.5354286777013204,-0.30094722746126923,-3.5349007010391595,True
NewYork,36047122000,-73.863245,40.66553,0.6843896903874209,-0.3552915857644843,-3.692265100857844,True
NewYork,36047044300,-73.916617,40.70319,0.033493743984600574,-0.25709712808749136,-2.2940750191818777,True
NewYork,36085027301,-74.153332,40.598034,0.02909997921430056,0.3647399059303601,2.0623840937600684,True
NewYork,36047003900,-73.980995,40.685186,0.13275340393343418,-0.2631651129534295,-2.540693500213392,True
NewYork,36081157101,-73.719569,40.73898,0.04986112948022748,-0.31822326277211993,-3.3207932867866807,True
NewYork,36061007100,-73.999914,40.735536,0.033327636301486926,-0.4763650688865512,-3.0926096082128463,True
NewYork,36061001300,-74.014669,40.707516,0.03128470936690115,-0.34957952556881067,-2.569782238488479,True
NewYork,36061013500,-73.991617,40.767771,0.08742201989546451,-0.42384078288930765,-2.7232270522166524,True
NewYork,36047060800,-73.951566,40.584034,0.03711083437110834,-0.11595240307427557,-1.5650987627365427,False
NewYork,36047013400,-74.021119,40.629814,0.016856600189933523,0.018606294278185245,0.20416211461169062,False
NewYork,36061000600,-73.989664,40.712344,0.1056301652892562,-0.42533783900056943,-3.1021192994550972,True
NewYork,36047057800,-73.951499,40.599299,0.02220888355342137,-0.12203136113616882,-1.6527361034568084,False
NewYork,36047047700,-73.941645,40.717713,0.03738760056791292,-0.22045027229184191,-1.6391699420543884,False
NewYork,36047018200,-74.002764,40.612346,0.0045393858477970625,-0.03994944053295478,-0.493902344890001,False
NewYork,36081088400,-73.83412,40.657873,0.01728688308260755,-0.34474515967382335,-3.9278087976540257,True
NewYork,36047115200,-73.891041,40.67305,0.522025171624714,-0.348150925950595,-3.715107861832194,True
NewYork,36047049900,-73.946664,40.721301,0.016767582673497903,-0.24298152876364448,-1.7858110061015868,False
NewYork,36047052000,-73.964388,40.636884,0.14802395209580838,-0.133495316337023,-1.7614137315957232,False
NewYork,36047057200,-73.938209,40.596287,0.4951158781842559,-0.14076235248572716,-1.9051074453084467,False
NewYork,36047073800,-73.939307,40.622437,0.4662613981762918,-0.16919020812308055,-2.2607444285575586,True
NewYork,36047054400,-73.956946,40.612985,0.011360634081902245,-0.12258157534143967,-1.6591327999063243,False
NewYork,36047004600,-74.033259,40.626827,0.006932409012131715,0.05761834158972806,0.5939657317401025,False
NewYork,36047018000,-74.007348,40.608166,0.01152,-0.034636187094435215,-0.4240883916726312,False
NewYork,36047051800,-73.960656,40.636612,0.38803854875283444,-0.14286155546885745,-1.8947351961078105,False
NewYork,36047075400,-73.950687,40.621514,0.009272467902995721,-0.14318188095753484,-1.934175179144773,False
NewYork,36047059401,-73.947921,40.592923,0.013284582571602681,-0.12423678909700897,-1.6799745729780855,False
NewYork,36047059402,-73.942993,40.594464,0.009598432908912831,-0.13212044002071904,-1.7898561907077517,False
NewYork,36047017200,-74.010546,40.608628,0.013939393939393939,-0.027865184091349797,-0.33665013569796093,False
NewYork,36047040800,-73.979213,40.601188,0.007119247393846936,-0.08232513027609094,-1.0872753214234583,False
NewYork,36047067000,-73.922382,40.612727,0.4787899860917942,-0.19130619120192185,-2.510171439153532,True
NewYork,36047077400,-73.947786,40.630828,0.5605810498514361,-0.1653127922512658,-2.203889235367066,True
NewYork,36047056600,-73.941832,40.602897,0.12166405023547881,-0.13971433992179955,-1.891689207421369,False
NewYork,36061011600,-73.957618,40.763435,0.027581979773214832,-0.24818334859514118,-1.5927514405606076,False
NewYork,36047006400,-74.028647,40.628723,0.01573281810654154,0.040976917774901006,0.4337902847380422,False
NewYork,36047059600,-73.939609,40.591183,0.023744647722849357,-0.13545484145177686,-1.8335068510319308,False
NewYork,36047064000,-73.939997,40.611158,0.014197530864197531,-0.15109489138472737,-2.0381380128293496,True
NewYork,36047069800,-73.91398,40.616378,0.07621736062103035,-0.215008261686165,-2.8134745440527675,True
NewYork,36085000700,-74.083711,40.645661,0.42134940696091777,0.31386981101155975,1.9857908316022082,True
NewYork,36047030800,-73.984652,40.585879,0.05488331892826275,-0.07798904622783154,-1.0248537061794285,False
NewYork,36047055200,-73.955852,40.608145,0.02918340026773762,-0.12081665081434581,-1.6352487461745822,False
NewYork,36047002100,-73.988025,40.702634,0.03682008368200837,-0.3733201672268898,-2.9677727310618613,True
NewYork,36047070201,-73.91008,40.608667,0.01071588033933621,-0.20989977168046306,-2.759053818137348,True
NewYork,36047079802,-73.961446,40.658263,0.46962989197804145,-0.20033248686433347,-2.340497503128524,True
NewYork,36047056200,-73.947454,40.60444,0.007669616519174041,-0.13165531980447065,-1.7840353286191104,False
NewYork,36047066200,-73.925283,40.609377,0.041416165664662656,-0.17944079566235438,-2.375385109157559,True
NewYork,36047029900,-73.925843,40.678056,0.5508814102564102,-0.3233348704320094,-3.5694923362980697,True
NewYork,36081047300,-73.875544,40.737628,0.01418877236273905,0.029374184362059685,0.19572553142527094,False
NewYork,36047067400,-73.930225,40.620063,0.5893574297188755,-0.18617787288938237,-2.454461466715126,True
NewYork,36047033100,-73.941092,40.664021,0.2885937870524069,-0.2802165943237021,-3.311500901459995,True
NewYork,36047037900,-73.919196,40.680729,0.6652817450012983,-0.3230691927724893,-3.4747261798989397,True
NewYork,36061019800,-73.941481,40.804173,0.43628691983122364,-0.36941593459388045,-2.1591069193090573,True
NewYork,36047037100,-73.914006,40.680338,0.6708860759493671,-0.32434663324749247,-3.4418058851274282,True
NewYork,36047024700,-73.94912,40.679418,0.5180851063829788,-0.3067660743501846,-3.205995229318053,True
NewYork,36047029700,-73.931364,40.6811,0.6528946697271104,-0.32607706621988863,-3.443179638744028,True
NewYork,36047034700,-73.928022,40.672445,0.7209876543209877,-0.3157059987951721,-3.654679002441101,True
NewYork,36047038300,-73.9262,40.684615,0.5873674504379899,-0.3233441738023637,-3.349771397319388,True
NewYork,36061019600,-73.93935,40.802504,0.3078640535847184,-0.35144364129108724,-2.0494450629086605,True
NewYork,36047027300,-73.93745,40.680976,0.6381347812200575,-0.32519219219090006,-3.3730439611031975,True
NewYork,36047027700,-73.938677,40.687012,0.6481268673868076,-0.3298931132215691,-3.1666759385839636,True
NewYork,36085015603,-74.148071,40.537913,0.005443886097152429,0.2309575273670351,1.682356603689181,False
NewYork,36085017600,-74.173635,40.530244,0.0034468775344687753,0.2677026899283896,1.8020971243073178,False
NewYork,36061000202,-73.98184,40.712454,0.129644921552436,-0.4177222404363328,-3.120978542171313,True
NewYork,36085024800,-74.244354,40.51305,0.011879949979157983,0.34748537647552014,1.9739903736753925,True
NewYork,36085015601,-74.154301,40.541916,0.00675371454299865,0.25100488578008273,1.7591860206204621,False
NewYork,36085015602,-74.162053,40.536236,0.00265017667844523,0.2557581939962636,1.7691773885809903,False
NewYork,36085015100,-74.127748,40.620098,0.016516792071939807,0.3654174139224161,2.0707927271282864,True
NewYork,36085006400,-74.078171,40.59662,0.10492157923201731,0.1790494903411135,1.5178134118925117,False
NewYork,36081029700,-73.903999,40.757872,0.012843224092116917,0.08542798741014193,0.4787892697182502,False
NewYork,36085014605,-74.15015,40.558529,0.003963011889035667,0.2788886895651701,1.86799664241297,False
NewYork,36085014606,-74.143109,40.561201,0.007792620865139949,0.2738946721514618,1.8613278559772126,False
NewYork,36085014607,-74.163697,40.556992,0.0064516129032258064,0.3038936949523094,1.9319502272265172,False
NewYork,36085014100,-74.126876,40.628877,0.13319386331938632,0.3809049084938136,2.076536746970526,True
NewYork,36085000800,-74.067319,40.611294,0.04164007657945118,0.17793968288273215,1.518011432471448,False
NewYork,36085024700,-74.142031,40.627825,0.23332181126857934,0.396577993724731,2.0642216468665597,True
NewYork,36085000300,-74.07614,40.641474,0.1460817717206133,0.2787421635030798,1.8994233869342092,False
NewYork,36085020801,-74.21264,40.547364,0.009948617032906963,0.35980191537026024,2.017832509903562,True
NewYork,36085020804,-74.2002,40.536959,0.002423564504101417,0.32804712298440947,1.962379742451512,True
NewYork,36085019800,-74.202179,40.519705,0.009657461898294854,0.29669246727836085,1.871630719971878,False
NewYork,36047014300,-73.992621,40.663381,0.03724696356275304,-0.10506904317057068,-1.1256285436165814,False
NewYork,36085023900,-74.149344,40.629203,0.19084604715672676,0.4029489963848863,2.049029682661334,True
NewYork,36061009800,-73.967501,40.755757,0.02079722703639515,-0.2911482584959565,-1.9317860259006436,False
NewYork,36085011402,-74.105311,40.581047,0.019529159978598182,0.2223429867539079,1.7004294414969965,False
NewYork,36085009601,-74.089261,40.596555,0.021840490797546012,0.21460984855329646,1.691310976742775,False
NewYork,36085009602,-74.095107,40.590543,0.022829838067427662,0.2175579222837234,1.6945711330719835,False
NewYork,36085005000,-74.087641,40.60396,0.046132660087215976,0.2192145173383177,1.7138217514688554,False
NewYork,36085013201,-74.12215,40.564752,0.018685955394816153,0.227281922952131,1.6988813621348884,False
NewYork,36085013203,-74.141671,40.550139,0.004835924006908463,0.24251249401621133,1.740316177271214,False
NewYork,36085017300,-74.118912,40.606239,0.20157790927021696,0.31532755317157213,2.0004487097116903,True
NewYork,36047005400,-74.035204,40.617107,0.015469935785172213,0.049383538590766225,0.5197201673250038,False
NewYork,36085012200,-74.111253,40.576257,0.007618080243778568,0.22893341113141918,1.7227242600508605,False
NewYork,36085029102,-74.187306,40.592719,0.03270477312905127,0.4062641907930499,2.0872433279678098,True
NewYork,36085029103,-74.166627,40.602405,0.02216880341880342,0.38841129330377,2.071236849965513,True
NewYork,36085029104,-74.163235,40.613192,0.042212315408191696,0.40433051644689966,2.078152751922962,True
NewYork,36085007400,-74.065228,40.594948,0.045949214026602174,0.1254767311048914,1.1717471561449149,False
NewYork,36061011700,-73.999123,40.760723,0.08028919330289193,-0.4371064877056846,-2.8538690316468847,True
NewYork,36085013204,-74.131111,40.558843,0.005341246290801187,0.23826989524948933,1.7363287464771648,False
NewYork,36085011201,-74.090407,40.580176,0.013002773925104022,0.173673990666044,1.4624984786631772,False
NewYork,36085011202,-74.096028,40.573491,0.017259031739066844,0.16915037183100853,1.425785369518948,False
NewYork,36047007500,-73.992614,40.681608,0.01684075890002132,-0.2053083595954256,-2.0258520098302193,True
NewYork,36085002002,-74.070334,40.601396,0.03210175651120533,0.1633959931474417,1.4306378047643646,False
NewYork,36085009700,-74.112183,40.640478,0.29538323621694307,0.35487592171894283,2.0238042789046045,True
NewYork,36085013800,-74.130446,40.570499,0.0039245283018867925,0.2641679028590831,1.8412853257320634,False
NewYork,36047006000,-74.031389,40.622117,0.014603616133518776,0.039545528198583764,0.4225506404624955,False
NewYork,36085022600,-74.223084,40.534839,0.013222331047992164,0.35573860455311135,2.0053930062769525,True
NewYork,36085013302,-74.123001,40.634618,0.2879721403696759,0.3804585486397347,2.0652399577747147,True
NewYork,36005025600,-73.8498,40.844808,0.12631027253668764,-0.10187182229692235,-0.7217196547427072,False
NewYork,36085012804,-74.104256,40.564508,0.01744186046511628,0.17434468124787655,1.4458174122355827,False
NewYork,36085012805,-74.11977,40.556251,0.009205020920502092,0.19962730456060482,1.5661766037703275,False
NewYork,36085012806,-74.111783,40.561625,0.0713320318366121,0.19032329368064277,1.5270182784414714,False
NewYork,36085025100,-74.146004,40.61783,0.021724709784411277,0.3922001176225917,2.0836235055474543,True
NewYork,36085003600,-74.07526,40.611551,0.05551575931232092,0.2066171325887819,1.6710673329184669,False
NewYork,36085027900,-74.137285,40.576087,0.0009478672985781991,0.28217027335297734,1.889118562388345,False
NewYork,36085002100,-74.079624,40.629161,0.2681543808304372,0.2602626061421882,1.8747712610697351,False
NewYork,36085027702,-74.160541,40.580832,0.038586201574317025,0.338510613145386,2.012449429563591,True
NewYork,36085027706,-74.161802,40.590405,0.03187643772592836,0.3651055509569195,2.0608346886528883,True
NewYork,36047016000,-74.026989,40.618486,0.03182429403854774,0.022704196811758358,0.2502997309996277,False
NewYork,36061013900,-73.985852,40.767228,0.051361633960752905,-0.4028588592800196,-2.5952973395278645,True
NewYork,36061005200,-73.991082,40.737182,0.042279411764705885,-0.4479124887446874,-2.9693329509853204,True
NewYork,36085000600,-74.063651,40.61355,0.0776495278069255,0.1685345611782898,1.459681858246754,False
NewYork,36085004700,-74.095744,40.614778,0.09149072296865003,0.2737301072428488,1.9157045152697356,False
NewYork,36085030301,-74.157146,40.618932,0.13255360623781676,0.4001747823900225,2.064665867377969,True
NewYork,36085017005,-74.17864,40.539812,0.007430340557275541,0.2944382745586835,1.8868913847514914,False
NewYork,36085017010,-74.196697,40.550852,0.01766743648960739,0.34440718705361206,2.000235270842119,True
NewYork,36085017011,-74.170677,40.54583,0.0054501853063004145,0.29278360790802566,1.8904030700064651,False
NewYork,36085011401,-74.100061,40.586321,0.14465989535241613,0.22262660410566865,1.7107331407394173,False
NewYork,36085018702,-74.126244,40.603777,0.04589994842702424,0.33004512617335996,2.029422167074946,True
NewYork,36085014608,-74.156622,40.558575,0.0016483516483516484,0.2926024356982702,1.9053412390373101,False
NewYork,36085007000,-74.078171,40.591074,0.029381851056616566,0.1566781543108367,1.376406685892325,False
NewYork,36047013800,-74.025466,40.624256,0.02217431475207884,0.02607564028575571,0.2847424718069066,False
NewYork,36047061002,-73.956525,40.576679,0.005726698262243286,-0.10841128474111715,-1.4579066744050346,False
NewYork,36085024402,-74.240138,40.502467,0.004793426158411321,0.32491782624252113,1.9228815667312678,False
NewYork,36081071900,-73.855213,40.734677,0.03013508832698303,-0.09324211675468672,-0.7401859277877614,False
NewYork,36085017009,-74.190064,40.542954,0.0053655264922870555,0.3218905389039779,1.954967910911045,False
NewYork,36047008200,-74.007531,40.650695,0.027944111776447105,-0.02234270594741452,-0.23783470924124447,False
NewYork,36085017007,-74.185523,40.56036,0.0334781035106768,0.34305405578156034,2.004827704524923,True
NewYork,36085031901,-74.163015,40.631384,0.4678111587982833,0.4074323510223994,2.010883333725897,True
NewYork,36085031902,-74.166833,40.637767,0.528,0.40547540775166097,1.9678529946746188,True
NewYork,36085024401,-74.241185,40.508229,0.006857745735888869,0.33751525590344406,1.9544518398636261,False
NewYork,36085032300,-74.171217,40.633574,0.33657745336577455,0.40766796749238066,1.981692758838881,True
NewYork,36081062100,-73.872999,40.710649,0.02856236115518883,-0.21773358298299178,-2.094338518035629,True
NewYork,36081023500,-73.917902,40.739557,0.008101851851851851,0.05040170170257878,0.3373457852408606,False
NewYork,36047043100,-73.919837,40.700126,0.033783783783783786,-0.27545092284990313,-2.4788679095522124,True
NewYork,36061018800,-73.937447,40.797644,0.1885202738283307,-0.3188359984169196,-1.8821259830195742,False
NewYork,36081051700,-73.900851,40.724257,0.016309412861136997,-0.12535933559066847,-1.0338116382976097,False
NewYork,36061011000,-73.962949,40.762596,0.022552470342849695,-0.27788343027027024,-1.798215349662322,False
NewYork,36047037500,-73.921443,40.687273,0.4421107902336571,-0.3170546510406566,-3.2301485787458604,True
NewYork,36081061900,-73.876733,40.710121,0.024216984178237002,-0.21789104682684737,-2.0987643341213165,True
NewYork,36081037900,-73.863987,40.755328,0.03643911439114391,0.321042555750021,1.327635743516556,False
NewYork,36081067100,-73.878322,40.724362,0.0013345195729537367,-0.13108319029856438,-1.1113329051122567,False
NewYork,36047040100,-73.912879,40.68651,0.3200105876124934,-0.3121035923114356,-3.1983468904828936,True
NewYork,36081134700,-73.781657,40.737419,0.1103202846975089,-0.3082115157630701,-3.3431262757947144,True
NewYork,36081038100,-73.858582,40.755772,0.11068044788975022,0.2991654647128169,1.3021131106612893,False
NewYork,36081025900,-73.903602,40.748464,0.016657255787690572,0.14911955709626162,0.8651074185690667,False
NewYork,36081129102,-73.753667,40.732271,0.02948609941027801,-0.3186889568325621,-3.434577075080394,True
NewYork,36081068700,-73.86852,40.730194,0.016967587557102457,-0.08843087263822919,-0.6985843270986305,False
NewYork,36081008800,-73.839309,40.670987,0.07132502174543345,-0.32702488108776434,-3.523910485328988,True
NewYork,36081140902,-73.782113,40.745536,0.009979353062629044,-0.301644020520129,-3.24553357606335,True
NewYork,36061017800,-73.933772,40.795735,0.17797927461139895,-0.2875900954591045,-1.6961840130224244,False
NewYork,36081067700,-73.872513,40.719106,0.0,-0.17349860172101136,-1.5569979908162306,False
NewYork,36081049302,-73.892488,40.727762,0.011720983419096626,-0.10105086058694955,-0.8218063985073129,False
NewYork,36081006300,-73.920185,40.764544,0.017525948613238047,-0.029023685684732313,-0.1746387887360968,False
NewYork,36081027300,-73.872741,40.75198,0.01860630481156672,0.30127456945478903,1.2706785499617026,False
NewYork,36081005800,-73.848352,40.67394,0.08701969648046497,-0.3244557510086964,-3.3813079018615304,True
NewYork,36081067900,-73.870568,40.7245,0.04434841937684785,-0.1360424244113656,-1.1516378124784787,False
NewYork,36081043701,-73.85103,40.739533,0.06570730382840076,-0.061767165115640156,-0.4672728338868416,False
NewYork,36081030903,-73.88949,40.757697,0.004742145820983995,0.16215599025321048,0.8070184013621717,False
NewYork,36081026300,-73.897283,40.745371,0.011310511235107826,0.12910046153215657,0.787391386445587,False
NewYork,36081107201,-73.819779,40.605245,0.007594936708860759,-0.30348323058640525,-3.635758646104006,True
NewYork,36081068300,-73.867257,40.735625,0.03356367226061204,-0.017995286892690605,-0.12679760855682126,False
NewYork,36081063700,-73.8622,40.708388,0.04220131166238951,-0.23165859460904772,-2.226172089098441,True
NewYork,36081121500,-73.809472,40.74051,0.017943846316233903,-0.26095592325443767,-2.7679075656946144,True
NewYork,36081024300,-73.899746,40.737186,0.00754293050874659,0.012025489731782643,0.08552428270115212,False
NewYork,36081071100,-73.853255,40.722051,0.0318269737998945,-0.19025091790725365,-1.7749417369334903,False
NewYork,36081002800,-73.844102,40.692414,0.0635593220338983,-0.2826256730162076,-2.931215843762794,True
NewYork,36081066300,-73.874663,40.722004,0.006256900993743099,-0.15169492497586265,-1.3205804314235332,False
NewYork,36081048900,-73.891958,40.736145,0.06969540526587506,-0.001421666931089226,-0.010172388546141806,False
NewYork,36081047900,-73.882737,40.735395,0.05206962117887962,-0.002716411177361617,-0.01919058806141258,False
NewYork,36047050100,-73.948439,40.715383,0.01253812267028126,-0.2704264341228064,-2.0430280814753488,True
NewYork,36081029500,-73.906542,40.756805,0.033716675378985886,0.08905923132592064,0.49675945757030715,False
NewYork,36081063301,-73.874268,40.704099,0.01260239445494644,-0.24096790960126552,-2.351433525026033,True
NewYork,36081063302,-73.871338,40.705168,0.018018018018018018,-0.23927935753486387,-2.337773333408626,True
NewYork,36081122702,-73.812689,40.733338,0.32246012358097426,-0.2664465645179796,-2.8906335451638205,True
NewYork,36081015700,-73.921189,40.75591,0.023564954682779457,0.04480569524618578,0.2700745594571859,False
NewYork,36081069500,-73.867585,40.725952,0.0138718890248878,-0.12989232093514774,-1.0872777441190802,False
NewYork,36081047500,-73.87666,40.733856,0.010748770267808344,-0.02896688604376999,-0.2110675349128535,False
NewYork,36081008600,-73.841251,40.676937,0.04784208765473402,-0.3158432256130077,-3.361553708019244,True
NewYork,36081063900,-73.857051,40.704044,0.03972798854688619,-0.24815339092855268,-2.4437679185598236,True
NewYork,36081080301,-73.831446,40.74501,0.011806130903065452,-0.1456743200554901,-1.3015870831278846,False
NewYork,36047040500,-73.905549,40.681901,0.32914160743575727,-0.3232837226651477,-3.3945980655278607,True
NewYork,36047039600,-73.969703,40.597221,0.017967145790554414,-0.09564931837591079,-1.278036231101818,False
NewYork,36061013400,-73.95595,40.771613,0.0154856084834203,-0.29031619131574327,-1.8540073243974893,False
NewYork,36061018400,-73.945274,40.799473,0.3336317135549872,-0.371783628372583,-2.200648008166993,True
NewYork,36047049000,-73.97289,40.638245,0.07422133863485753,-0.11237288508825326,-1.4590580248264058,False
NewYork,36047058400,-73.9582,40.593825,0.01316829075585989,-0.11013350007065213,-1.4876855546001917,False
NewYork,36047077200,-73.953628,40.632121,0.4068403908794788,-0.15323185087133462,-2.0436485726573226,True
NewYork,36047076200,-73.956573,40.625681,0.09633340924618537,-0.13595119133729247,-1.834056917140277,False
NewYork,36061019000,-73.947637,40.801936,0.43952160913291655,-0.3932683723994134,-2.3294706988707827,True
NewYork,36061020800,-73.942024,40.809674,0.5623215984776403,-0.39246394499747167,-2.2678873897124894,True
NewYork,36061004800,-73.984043,40.733933,0.03838964773544213,-0.4282047225214261,-2.890536549431491,True
NewYork,36061008900,-74.002502,40.744532,0.05539701191875105,-0.4670446223642418,-3.055248958555451,True
NewYork,36061018600,-73.949738,40.799153,0.4595279890774332,-0.3931365934463025,-2.346765076253972,True
NewYork,36061017100,-73.978375,40.787547,0.04239735919125232,-0.46021999993663043,-2.9139185979516355,True
NewYork,36061014802,-73.954397,40.781176,0.008673605551107553,-0.336500848157617,-2.13258457719915,True
NewYork,36047033700,-73.941923,40.669432,0.33571119757890183,-0.29248996380572173,-3.346211023366636,True
NewYork,36061022000,-73.951108,40.805902,0.4592737978410206,-0.42688025618681563,-2.501256914890394,True
NewYork,36061016300,-73.982317,40.78229,0.04470652770159078,-0.44994998761094107,-2.852976184750804,True
NewYork,36061018100,-73.967756,40.792643,0.11452857622189912,-0.44649434980163927,-2.7985903453313186,True
NewYork,36061016900,-73.972839,40.785124,0.02979122683556181,-0.43267841160886095,-2.754626468066434,True
NewYork,36061020102,-73.956651,40.805042,0.3841059602649007,-0.4478191234387154,-2.652072890244013,True
NewYork,36061012000,-73.96446,40.7668,0.01382842509603073,-0.3070986839339015,-1.9720227933423211,True
NewYork,36061024200,-73.936027,40.80595,0.4408723021582734,-0.34247419347112823,-1.9905445541122115,True
NewYork,36005028300,-73.903913,40.87911,0.1852207293666027,-0.11660766189349392,-0.8687091284049656,False
NewYork,36061017300,-73.971244,40.787689,0.06540981722037016,-0.4386269111856475,-2.7817125334681703,True
NewYork,36061018200,-73.942081,40.79832,0.26084690553745926,-0.34883013387027323,-2.068195042525844,True
NewYork,36081009500,-73.919935,40.774212,0.01952191235059761,-0.09212633648048765,-0.5568033087813116,False
NewYork,36061019500,-73.966881,40.802626,0.051226366888094024,-0.4756635036106194,-2.9145613202646774,True
NewYork,36061020000,-73.945622,40.805295,0.4220665499124343,-0.3972862246771396,-2.3171117120823177,True
NewYork,36061017700,-73.969444,40.790276,0.1335536133020678,-0.44286512624757046,-2.7988831113988946,True
NewYork,36005027700,-73.901294,40.878494,0.11131239935587761,-0.1121409936747398,-0.8389723746070281,False
NewYork,36061019400,-73.935015,40.800668,0.2851820005732302,-0.31649737026619856,-1.8543877760342762,False
NewYork,36047052800,-73.963071,40.630535,0.07815964523281596,-0.12759401488234673,-1.709054170784027,False
NewYork,36047043600,-73.977909,40.613133,0.008947592671495527,-0.08510878463887034,-1.1215921253743173,False
NewYork,36081006100,-73.922039,40.762032,0.014465108885709744,-0.014608442736395081,-0.08711674182151376,False
NewYork,36047055400,-73.959934,40.607458,0.015582796592561812,-0.11383656468781024,-1.539159388571204,False
NewYork,36081026100,-73.90026,40.747497,0.012945398615739553,0.15165073613703026,0.8821762529524244,False
NewYork,36047006800,-74.025942,40.635272,0.0293207066108177,0.03963404585006997,0.41464288532286014,False
NewYork,36047045600,-73.966881,40.62699,0.05059631369714492,-0.1151264029822305,-1.5400018144274676,False
NewYork,36081005700,-73.926603,40.757296,0.015197568389057751,0.009590842728056456,0.057278834177866784,False
NewYork,36047042200,-73.96981,40.607028,0.01938301938301938,-0.09810515630561659,-1.3129732667594154,False
NewYork,36047026400,-73.997553,40.614809,0.006074857926709779,-0.04839907014482831,-0.6068868877264504,False
NewYork,36047014700,-73.989924,40.659578,0.034344335414808205,-0.09901130630363796,-1.0852942115214366,False
NewYork,36081051500,-73.90098,40.731185,0.009596928982725527,-0.06303673492218027,-0.48888191732421216,False
NewYork,36047046000,-73.967575,40.630817,0.047021943573667714,-0.11737987074574141,-1.5621817888206277,False
NewYork,36047011700,-73.992632,40.668034,0.038547904191616765,-0.12898978990408638,-1.3801556436559301,False
NewYork,36047032700,-73.958745,40.662344,0.5097592713077423,-0.22311690003648083,-2.5682168926099243,True
NewYork,36047051200,-73.962831,40.646337,0.5090817356205852,-0.15840259643385265,-2.0063713165720944,True
NewYork,36047015900,-73.973698,40.675438,0.05243949289281598,-0.22323495104616617,-2.3406286864973422,True
NewYork,36047053800,-73.956687,40.618149,0.04625112917795845,-0.1277321671179153,-1.7259947533419697,False
NewYork,36047002200,-74.021297,40.643363,0.042057093048594466,0.023660840764486605,0.24671572910121412,False
NewYork,36047025200,-73.992386,40.619978,0.006603773584905661,-0.05636762025140043,-0.7113012214307064,False
NewYork,36047020600,-74.015068,40.625181,0.005588822355289421,-0.0033513743718440077,-0.03846030310620675,False
NewYork,36047027800,-74.000829,40.607183,0.012987012987012988,-0.04577080659539118,-0.5718453216057692,False
NewYork,36047035500,-73.933338,40.664444,0.6361710323574731,-0.29638209928648535,-3.5589541917257663,True
NewYork,36005041300,-73.885265,40.873857,0.14959516771623185,-0.08100416899831912,-0.5967543796827428,False
NewYork,36047027400,-73.995425,40.611042,0.01619804400977995,-0.053679241615886844,-0.6802137519725818,False
NewYork,36047006900,-73.991552,40.685272,0.02866685221263568,-0.23560478566640175,-2.2476651048664964,True
NewYork,36047018800,-74.002852,40.617397,0.006429780033840948,-0.03580127487486731,-0.4377548376915376,False
NewYork,36081011500,-73.91405,40.774123,0.018641259320629662,-0.06283118775785489,-0.379295449318042,False
NewYork,36047021900,-73.955235,40.67215,0.386508875739645,-0.2697120824469418,-2.961704427673671,True
NewYork,36047007800,-74.012274,40.646391,0.031501968873054564,-0.002104005785145661,-0.02236966629942592,False
NewYork,36047027600,-73.999171,40.611216,0.016212043232115284,-0.04782097029569936,-0.600574507432746,False
NewYork,36061015100,-73.988388,40.774107,0.13705245628642798,-0.4342028954534307,-2.7659526402862378,True
NewYork,36047020400,-74.013096,40.623473,0.0,-0.009011974000931906,-0.10460843162913994,False
NewYork,36047017800,-74.004864,40.606988,0.015207840486650895,-0.03908117603570687,-0.48216972392900714,False
NewYork,36005029302,-73.916061,40.879202,0.1017530487804878,-0.14873510568380457,-1.1156914092634642,False
NewYork,36005023702,-73.897357,40.860153,0.179813401187447,-0.12549311546077788,-0.9588383450822577,False
NewYork,36081003600,-73.857301,40.683636,0.05172824791418355,-0.30529175260791624,-3.093327460918072,True
NewYork,36061014500,-73.984727,40.76993,0.033988316516197555,-0.4082258988652738,-2.6065988644616613,True
NewYork,36085003300,-74.085656,40.627495,0.21107544141252008,0.2842969018491293,1.9591860485108459,False
NewYork,36085012500,-74.119355,40.629489,0.13281503077421444,0.36457748173773996,2.0636971624048623,True
NewYork,36085020700,-74.135031,40.636895,0.2863919761452968,0.38199842231543635,2.013862691071399,True
NewYork,36085005900,-74.101062,40.626263,0.044421126267925846,0.32130839454525595,2.0320479979469233,True
NewYork,36085018701,-74.127283,40.610874,0.04139433551198257,0.34484255845789524,2.048930659421995,True
NewYork,36085002700,-74.076495,40.624187,0.276232308443143,0.23732265200419983,1.796449298844224,False
NewYork,36047031400,-73.989091,40.588101,0.013418903150525088,-0.07182530814835253,-0.9345191207442437,False
NewYork,36085023100,-74.156417,40.629829,0.24803387779794314,0.4041800210394027,2.028951120280299,True
NewYork,36061004400,-73.977921,40.731662,0.0325165486006271,-0.40790915789562365,-2.806987139885272,True
NewYork,36085003900,-74.093074,40.621611,0.21385956860945388,0.2930791644419598,1.983075307106249,True
NewYork,36085012100,-74.109565,40.626252,0.009651307596513076,0.3496994225204501,2.0782304223885437,True
NewYork,36081025302,-73.912754,40.744874,0.015599070693660804,0.10978338688806649,0.6899577578514677,False
NewYork,36047008400,-74.004343,40.653935,0.04620960434913923,-0.037968146701193195,-0.4025017637513348,False
NewYork,36085002900,-74.082784,40.620226,0.41289477514190076,0.25467650762982263,1.869427724962234,False
NewYork,36085000900,-74.083116,40.641938,0.3455357142857143,0.306923964328239,1.9846411722303752,True
NewYork,36061015200,-73.945503,40.779779,0.11979301423027167,-0.2773765687345235,-1.7439277122114474,False
NewYork,36047003300,-73.977353,40.688589,0.1722488038277512,-0.2940120214638501,-2.729758284738856,True
NewYork,36085014700,-74.118956,40.618047,0.022891915386844392,0.34538875102294364,2.0562156202584747,True
NewYork,36061001401,-73.987208,40.715155,0.024837708156929157,-0.4329516792556793,-3.1259676178936955,True
NewYork,36081028300,-73.885071,40.751114,0.015419380566263458,0.22161732272543647,1.0779809540516105,False
NewYork,36085027704,-74.151267,40.585808,0.02515177797051171,0.33177880889726563,2.0057442359722812,True
NewYork,36005002300,-73.92587,40.809082,0.31062842682412484,-0.28380724584162886,-1.662881162396592,False
NewYork,36085008100,-74.093708,40.642302,0.2731231854002489,0.3350530077471192,2.039684495647219,True
NewYork,36047000700,-73.996669,40.69233,0.02967157417893545,-0.27819995718440726,-2.4185027977303046,True
NewYork,36047012600,-74.019883,40.634497,0.02593192868719611,0.017435604290934742,0.18971496610361716,False
NewYork,36047055100,-73.962711,40.713182,0.0395711808292606,-0.35673780680480566,-2.7704422089172356,True
NewYork,36047003400,-74.03406,40.637292,0.022642591000286615,0.07494304091925857,0.733626352742185,False
NewYork,36005020100,-73.925795,40.841564,0.30218642117376293,-0.30284570420436874,-2.027986691768872,True
NewYork,36085002001,-74.071779,40.607814,0.029318541996830427,0.18785188916051665,1.5755728340769857,False
NewYork,36005018900,-73.928834,40.832258,0.28074162679425835,-0.33998448236841033,-2.1184801430814195,True
NewYork,36085018901,-74.139644,40.612178,0.02131004366812227,0.3684906685859308,2.0679318980680814,True
NewYork,36085018902,-74.136843,40.604492,0.02964033977950479,0.34747789551664576,2.0453917288142627,True
NewYork,36061001001,-73.9784,40.71432,0.027730616864742503,-0.4144195525725652,-3.089283513455575,True
NewYork,36061001002,-73.97785,40.717472,0.20063492063492064,-0.4153669594258417,-3.0109824649588046,True
NewYork,36085019700,-74.135067,40.61688,0.02247191011235955,0.37157031932357365,2.073394625138447,True
NewYork,36081027900,-73.880017,40.750916,0.01667190940547342,0.252544735676615,1.1639936713015193,False
NewYork,36085016901,-74.107655,40.612756,0.028011204481792718,0.3082647935471897,2.000014453310486,True
NewYork,36085007500,-74.090625,40.633679,0.20238095238095238,0.3199269599024922,2.04311627087464,True
NewYork,36061019200,-73.931457,40.798823,0.35331150843616216,-0.28638294105661494,-1.6745856590778712,False
NewYork,36085006700,-74.10249,40.633641,0.05363853775196447,0.34259069299456085,2.063373044780505,True
NewYork,36085001100,-74.08262,40.638965,0.30538497874350495,0.29848536592959657,1.9720483279389984,True
NewYork,36047013200,-74.014882,40.628893,0.005923344947735192,0.0007715728525270167,0.008735106436534568,False
NewYork,36085030302,-74.161232,40.623551,0.19253261358524518,0.4078023862898735,2.050353588111508,True
NewYork,36047004400,-74.034506,40.630907,0.008169934640522876,0.06582480225774555,0.6647222109956523,False
NewYork,36047005602,-74.034788,40.613316,0.011534025374855825,0.04613439219816388,0.4884135367818147,False
NewYork,36085020100,-74.133956,40.624318,0.05874604847207587,0.38270121324769596,2.0748605956418884,True
NewYork,36047016400,-74.027657,40.606945,0.13548387096774195,0.007003831167900271,0.0793433308136235,False
NewYork,36005006500,-73.921792,40.818208,0.27259638457846747,-0.2846884879788357,-1.734480579744776,False
NewYork,36085027302,-74.137455,40.598271,0.029467232437529467,0.33791111700161125,2.033177251201583,True
NewYork,36081027700,-73.877885,40.75274,0.017584451642757983,0.2790380311513235,1.2161605550603074,False
NewYork,36085018100,-74.119074,40.586306,0.03782572149061362,0.2580995833559249,1.8246443418695386,False
NewYork,36047078400,-73.94291,40.63415,0.7496927488734125,-0.18560720440296305,-2.4436360071727146,True
NewYork,36047121000,-73.872169,40.669867,0.47234273318872017,-0.35199810655762664,-3.6148974042945925,True
NewYork,36047105804,-73.883802,40.647569,0.5614008022215365,-0.35143445781972477,-4.0509221085292575,True
NewYork,36047091600,-73.909354,40.659088,0.7402524015822188,-0.32436533193524897,-3.8898280519463184,True
NewYork,36047026500,-73.944424,40.68706,0.5080957810718358,-0.32964879540814646,-3.0859450414205214,True
NewYork,36047078600,-73.946902,40.634248,0.6908027883966719,-0.17511463985473882,-2.315753077790266,True
NewYork,36047120800,-73.86582,40.671461,0.6159116474077104,-0.34426051986160344,-3.526329790708879,True
NewYork,36047090800,-73.905134,40.670985,0.6073307313762091,-0.33697285348215533,-3.7743154265770618,True
NewYork,36047089200,-73.922009,40.663041,0.7644976858154098,-0.3081182966867182,-3.7637774900927767,True
NewYork,36047092000,-73.904388,40.658226,0.7639644800916643,-0.33249647313391845,-3.940289226801065,True
NewYork,36047032900,-73.948016,40.66323,0.44927282284913267,-0.2609818057343427,-3.0573676390706175,True
NewYork,36047069601,-73.914654,40.626196,0.49059003051881994,-0.2362336413541087,-3.055641566324744,True
NewYork,36047061004,-73.955649,40.579491,0.011695906432748537,-0.10983821186868307,-1.4793882260336448,False
NewYork,36047114400,-73.896287,40.672869,0.4892294946147473,-0.34572416279283547,-3.7435172357697004,True
NewYork,36047035602,-73.970043,40.578115,0.018998903909389842,-0.09399357557102588,-1.2535492580771281,False
NewYork,36047107800,-73.880063,40.656843,0.806420233463035,-0.3656209000108066,-3.980745093085804,True
NewYork,36047032300,-73.954928,40.666838,0.5577087489313195,-0.25162091507340456,-2.858743904222603,True
NewYork,36047039700,-73.919033,40.688888,0.3428128231644261,-0.3116015685283804,-3.1226313146179305,True
NewYork,36081100802,-73.761564,40.602912,0.46167323696890056,-0.29506241172928527,-3.1693056608304695,True
NewYork,36061017900,-73.974391,40.792594,0.06294628144567725,-0.46868638599995577,-2.9458202994967864,True
NewYork,36081075701,-73.835312,40.718668,0.030724070450097847,-0.23907179797290257,-2.4828726189888024,True
NewYork,36081028500,-73.887026,40.750829,0.014820913956360642,0.20678200070229558,1.0418697535269437,False
NewYork,36081099704,-73.780506,40.781356,0.019505494505494506,-0.24948193454457132,-2.3765350137536347,True
NewYork,36081020800,-73.807808,40.697094,0.31739254198690575,-0.31055082103895915,-3.58608802052753,True
NewYork,36081091900,-73.845597,40.77712,0.037556490571918344,0.23346416300160397,1.1324290617873694,False
NewYork,36081108500,-73.789798,40.771944,0.0064794816414686825,-0.24721242042463173,-2.404467270482492,True
NewYork,36081032900,-73.882512,40.763703,0.05434015525758645,0.16782029362896236,0.8283074464462528,False
NewYork,36081098100,-73.816107,40.7943,0.012749681257968552,-0.0006143640883731621,-0.004106903599812126,False
NewYork,36081117100,-73.805478,40.762866,0.011984490659146986,-0.2135134481257551,-2.049305252961255,True
NewYork,36081042700,-73.853583,40.743655,0.011004401760704281,0.02101462893872607,0.1396479367488781,False
NewYork,36081115900,-73.821376,40.767711,0.02014278429372769,-0.0634703102219024,-0.4985580255001055,False
NewYork,36081144100,-73.764528,40.756308,0.011498140006763611,-0.3088659930753153,-3.2101700645265274,True
NewYork,36081109900,-73.787083,40.768026,0.013849632560768797,-0.2651910399153792,-2.640885285331425,True
NewYork,36081098700,-73.808948,40.792429,0.005898545025560362,-0.03904815144329358,-0.28398520237072106,False
NewYork,36005030200,-73.822961,40.86405,0.6643259816041934,-0.0889934744316649,-0.611686668223711,False
NewYork,36081099705,-73.78548,40.786138,0.016002977298101972,-0.21510329539995016,-1.9742120448994853,True
NewYork,36081094500,-73.83258,40.788435,0.01733302519066328,0.10672126966317191,0.6203835436215874,False
NewYork,36081147100,-73.763334,40.761486,0.011732016054337758,-0.30559554752886575,-3.151780669173135,True
NewYork,36081084900,-73.831278,40.755443,0.03035165129027945,-0.07417605496059988,-0.5978041785595146,False
NewYork,36081109300,-73.776744,40.775012,0.018158649251353933,-0.2732426519248319,-2.6882086267189025,True
NewYork,36081142900,-73.784587,40.75133,0.009494482935591481,-0.293902962039879,-3.1242471592565377,True
NewYork,36081140300,-73.770022,40.74823,0.01371571072319202,-0.31040933628904493,-3.2902920540064717,True
NewYork,36081011300,-73.908593,40.776346,0.017990654205607477,-0.04622082423203043,-0.27997482735812257,False
NewYork,36081111300,-73.765227,40.767126,0.011489850631941785,-0.2989007214820962,-3.058523306968238,True
NewYork,36005036502,-73.887592,40.842588,0.2743977133523887,-0.12313618614030362,-0.9426658261679459,False
NewYork,36081092500,-73.845004,40.782282,0.01721763085399449,0.18801288571164998,0.9605895178980275,False
NewYork,36081088901,-73.828661,40.77092,0.03921057207442184,0.0705346594316081,0.45649029871861774,False
NewYork,36061016200,-73.939395,40.788602,0.3724122661352817,-0.2874439656687963,-1.7349065590184285,False
NewYork,36081040300,-73.860512,40.750814,0.009165781083953242,0.24107610677142377,1.1345958670240233,False
NewYork,36081079702,-73.828525,40.753056,0.013194722111155539,-0.11734970238434685,-1.0135297809421957,False
NewYork,36081025100,-73.90997,40.744952,0.025094534204193882,0.11685902995519597,0.7294043965339999,False
NewYork,36081039900,-73.853715,40.751555,0.10077519379844961,0.1957898497506174,0.9927532268896807,False
NewYork,36081008500,-73.940266,40.76115,0.23951490651844365,-0.10879008782850219,-0.6773119922237794,False
NewYork,36061015900,-73.984495,40.77964,0.01850009946290034,-0.4448563991725666,-2.824685067660294,True
NewYork,36081040100,-73.857058,40.751545,0.014239059438275636,0.235081284338946,1.1197623107767793,False
NewYork,36081028700,-73.889644,40.751215,0.014822738386308069,0.19560903888620193,1.0019604234061847,False
NewYork,36081035300,-73.874052,40.759572,0.10502121640735503,0.30860090451243377,1.2776038562872007,False
NewYork,36081071701,-73.859049,40.731807,0.030951952492351987,-0.10356423920844551,-0.8303938199618642,False
NewYork,36081022002,-73.815325,40.712164,0.10998336106489184,-0.29119564334515363,-3.3008842471664246,True
NewYork,36005019300,-73.927507,40.835829,0.3267441860465116,-0.3251966648035823,-2.09319005793108,True
NewYork,36081074500,-73.850581,40.735676,0.07543044547690626,-0.10728281835893068,-0.8728021216231769,False
NewYork,36081138501,-73.752843,40.753319,0.015618742490989187,-0.3174912939334363,-3.280593044580374,True
NewYork,36061015500,-73.986537,40.777341,0.016866359447004608,-0.44073265768690856,-2.8067627897942704,True
NewYork,36081012301,-73.901371,40.774747,0.02231051344743276,-0.001098465299283844,-0.006691839686190979,False
NewYork,36081080900,-73.824031,40.732051,0.058622052430509816,-0.23535268543682397,-2.4442223326455896,True
NewYork,36081026901,-73.882399,40.746685,0.007485604606525912,0.20883599663196598,1.0589362506392188,False
NewYork,36081071702,-73.860565,40.733851,0.045064377682403435,-0.07222792115216037,-0.5498035397188163,False
NewYork,36005035600,-73.838435,40.868686,0.6554621848739496,-0.07489170714754344,-0.5179430460484356,False
NewYork,36081046500,-73.870337,40.74698,0.003274087932647334,0.2077081121080836,1.0270966271100759,False
NewYork,36081118900,-73.812708,40.756576,0.007619047619047619,-0.20098251071886197,-1.9210501256646488,False
NewYork,36081043702,-73.856495,40.738293,0.07359245498713918,-0.03958765291932685,-0.28758338400309935,False
NewYork,36081134100,-73.79101,40.735252,0.016124624214266192,-0.30039738776991926,-3.2920425303952703,True
NewYork,36081074300,-73.849443,40.731957,0.018046469659372885,-0.1453154008809106,-1.2746363653471506,False
NewYork,36081137700,-73.750404,40.746994,0.056642495553427284,-0.3197815933929771,-3.3386552068320796,True
NewYork,36061001600,-73.9929,40.715882,0.0297479864899974,-0.44266856189210957,-3.10312573856597,True
NewYork,36081024900,-73.904073,40.74309,0.018693221523410204,0.10221902765397954,0.6532548563563294,False
NewYork,36081101700,-73.798284,40.779842,0.006025051530045981,-0.17560508132648414,-1.5863172023130896,False
NewYork,36005013000,-73.814159,40.81903,0.09682804674457429,-0.13621878119087472,-0.9456631241243854,False
NewYork,36005005100,-73.923929,40.814181,0.32992723331785107,-0.2856030572498556,-1.7015680027336506,False
NewYork,36061013600,-73.948902,40.772867,0.01626608400097111,-0.2571798963117685,-1.6369378613508048,False
NewYork,36047026900,-73.943115,40.681151,0.5217970049916806,-0.32265544649633554,-3.2538033062040514,True
NewYork,36005021301,-73.919625,40.845678,0.19462025316455697,-0.2526080271628681,-1.8127044900762512,False
NewYork,36005001600,-73.859176,40.81975,0.32510785159620365,-0.12082674103679057,-0.8231724625608167,False
NewYork,36005021700,-73.913685,40.847824,0.3991210547343188,-0.2147335555760878,-1.6066130607963756,False
NewYork,36005039500,-73.896596,40.849265,0.3335684062059238,-0.1413065707815493,-1.0899001838752003,False
NewYork,36005026701,-73.901406,40.869409,0.07933718302786844,-0.12357101228956938,-0.9355561975152544,False
NewYork,36005023502,-73.903739,40.850809,0.18926873443513698,-0.16437307155045316,-1.2654215286866919,False
NewYork,36081103900,-73.818495,40.783472,0.008008461770927773,0.03358389374664712,0.22984048665755816,False
NewYork,36005021601,-73.864839,40.838335,0.20931716656030633,-0.10414768863730309,-0.75365772276654,False
NewYork,36005021602,-73.862108,40.837538,0.3265993265993266,-0.10670777323578307,-0.7669485390375702,False
NewYork,36005006700,-73.918139,40.819698,0.24474104163644278,-0.2704308254673432,-1.6818928613633826,False
NewYork,36005024100,-73.905955,40.853024,0.30579687253198545,-0.16800628314335897,-1.2846610071188778,False
NewYork,36005022902,-73.907233,40.843654,0.21964128197588945,-0.19807257372027604,-1.49003433204591,False
NewYork,36005007800,-73.853632,40.829354,0.14139548102884753,-0.12124756030707015,-0.8491025094277715,False
NewYork,36061030900,-73.909748,40.875793,0.19292529671864092,-0.136545206355976,-1.0260911785752744,False
NewYork,36005027900,-73.8968,40.882535,0.12130141190914671,-0.09742233607933555,-0.720184048297666,False
NewYork,36005021501,-73.918002,40.849682,0.2278077488965179,-0.23021272957481187,-1.6949867209088805,False
NewYork,36005021502,-73.916785,40.847849,0.2636792452830189,-0.23121561200666207,-1.6968483437724398,False
NewYork,36005037504,-73.89349,40.84939,0.3251304996271439,-0.1309596520392304,-1.0105232729240403,False
NewYork,36061026900,-73.930722,40.85105,0.05784913353720693,-0.2909337233628496,-2.015135492212906,True
NewYork,36005020501,-73.922567,40.847642,0.3170886881282606,-0.25974262416441785,-1.8567506793630946,False
NewYork,36005023704,-73.901922,40.856188,0.20831234256926953,-0.14684867111525524,-1.1327970672907048,False
NewYork,36005007200,-73.860685,40.831004,0.10888570974407884,-0.11732247741613167,-0.8344886339249252,False
NewYork,36005027300,-73.903154,40.873592,0.13062098501070663,-0.12217953554433963,-0.9189406332532061,False
NewYork,36005009000,-73.846007,40.819559,0.2917412426489389,-0.13035687376478522,-0.8792954823390751,False
NewYork,36005026300,-73.904021,40.865056,0.11019446081319977,-0.1375156790309052,-1.0480487245348205,False
NewYork,36005020400,-73.851047,40.841031,0.10035155001597955,-0.1063118058619282,-0.7522160505209522,False
NewYork,36005021302,-73.920211,40.842653,0.35042881646655233,-0.26776138579681785,-1.8755644924493036,False
NewYork,36005036501,-73.885729,40.845378,0.43187066974595845,-0.11366436612795842,-0.8668653593043315,False
NewYork,36005038500,-73.892396,40.855699,0.31816486385676984,-0.11842163496836111,-0.9090993672919275,False
NewYork,36005025300,-73.904634,40.860935,0.1605710619185114,-0.14676423955807405,-1.1256903339975224,False
NewYork,36005025100,-73.907465,40.856731,0.20335066435586366,-0.16502055165631818,-1.2626000354144458,False
NewYork,36005023900,-73.9028,40.858672,0.18263728235723853,-0.1450807069039738,-1.1161573105942468,False
NewYork,36005039901,-73.893297,40.863576,0.18252759802055576,-0.11124190092822735,-0.8481022794412479,False
NewYork,36005039902,-73.895036,40.860323,0.18727469358327326,-0.11936697964759084,-0.9134487042222919,False
NewYork,36005022500,-73.911159,40.840526,0.25082913646972116,-0.22450380229477085,-1.6524657735862014,False
NewYork,36005004200,-73.863702,40.823405,0.3584224413275934,-0.12326881420665885,-0.8633972138954892,False
NewYork,36005022300,-73.91491,40.840592,0.15247876752913292,-0.2444333805618103,-1.757634186580134,False
NewYork,36005001900,-73.918385,40.804472,0.3396467878167392,-0.2195561387458333,-1.3033340419843606,False
NewYork,36005019700,-73.919754,40.834897,0.19450991265770137,-0.28699093265419784,-1.9206185839218657,False
NewYork,36005046202,-73.835716,40.877999,0.6463552245542767,-0.06664650191699958,-0.45804474215963376,False
NewYork,36005015100,-73.898588,40.831055,0.42168876951485645,-0.1848972654378677,-1.350684288708711,False
NewYork,36005023301,-73.908435,40.849363,0.28621367708105744,-0.1869629116707672,-1.4255574157088458,False
NewYork,36005037900,-73.899289,40.851734,0.4610351846466996,-0.1460751760199882,-1.1258747638677773,False
NewYork,36005000400,-73.853387,40.810343,0.2538265306122449,-0.0955203694546186,-0.6232063032289877,False
NewYork,36005023703,-73.899882,40.85971,0.1950452221785293,-0.1334298653385047,-1.018771341040032,False
NewYork,36005021100,-73.923535,40.840518,0.3261765716248712,-0.29245746407616496,-1.9814130538663626,True
NewYork,36005038302,-73.895389,40.857099,0.3652945113788487,-0.12494265869253281,-0.9602368282830668,False
NewYork,36005040100,-73.89739,40.86432,0.14234378119385108,-0.11922835077480083,-0.9041806846108997,False
NewYork,36005020900,-73.914257,40.84281,0.29172714078374457,-0.2336213613272792,-1.708504011169018,False
NewYork,36005039100,-73.886953,40.853294,0.13675450762829403,-0.10592270336526799,-0.804874233915756,False
NewYork,36005033000,-73.866023,40.860995,0.1678944663354463,-0.0721711665040618,-0.5239818882649594,False
NewYork,36081133300,-73.779093,40.732071,0.017879948914431672,-0.31300229855761424,-3.4094635946330625,True
NewYork,36061011203,-73.968791,40.761032,0.007042253521126761,-0.30636861851897174,-1.994743142108215,True
NewYork,36081127700,-73.783254,40.724877,0.042222222222222223,-0.3125876282695801,-3.459971137058893,True
NewYork,36061011800,-73.961008,40.765291,0.010115606936416185,-0.28003342464735614,-1.8045725521290907,False
NewYork,36047089000,-73.916427,40.657676,0.80427951518779,-0.31206404802029336,-3.8158865423081023,True
NewYork,36081048300,-73.891972,40.741796,0.008732593816379515,0.08740153101221351,0.5569252302399835,False
NewYork,36081141700,-73.791636,40.745358,0.01407035175879397,-0.2903851041104926,-3.128169179008475,True
NewYork,36081122300,-73.799599,40.735363,0.0141287284144427,-0.2889602640161747,-3.1803947715835976,True
NewYork,36081036800,-73.766394,40.685247,0.8038201352964585,-0.30865233458810454,-3.5913903948050727,True
NewYork,36081025800,-73.787684,40.695823,0.5220620358235037,-0.3125326570983735,-3.64692986075468,True
NewYork,36081065000,-73.744433,40.669292,0.8512892970681738,-0.3009250622410949,-3.463291977842383,True
NewYork,36081038400,-73.747799,40.693435,0.84375,-0.3073895058170272,-3.4892394403313833,True
NewYork,36081043400,-73.778946,40.695881,0.704717530576587,-0.3125746310441792,-3.614940189734116,True
NewYork,36081036600,-73.763085,40.685346,0.7815517815517815,-0.30795565446226386,-3.5728579089314256,True
NewYork,36081035200,-73.758071,40.67942,0.8031372549019608,-0.30564518750872816,-3.551963598988351,True
NewYork,36081032800,-73.755681,40.671412,0.8090225563909774,-0.303725294915424,-3.540008142991664,True
NewYork,36081016900,-73.914179,40.747988,0.01326878249955173,0.11576560857639527,0.7072815711230251,False
NewYork,36081066400,-73.736482,40.653752,0.7739004349927501,-0.2967786438048121,-3.388781549831097,True
NewYork,36081026400,-73.785601,40.692206,0.6363304093567251,-0.3123470872042802,-3.664051019012773,True
NewYork,36081048000,-73.773416,40.712814,0.15866466616654162,-0.31405026896848176,-3.5393569229653163,True
NewYork,36081047200,-73.778589,40.71584,0.23128723128723128,-0.3140914792310769,-3.5276185913988556,True
NewYork,36081044400,-73.787614,40.706407,0.20254274441034634,-0.31209958488349243,-3.575304053387668,True
NewYork,36005005001,-73.877676,40.825019,0.24012096774193548,-0.12367012165698839,-0.8851959773095424,False
NewYork,36061013000,-73.964547,40.772811,0.01150600869342879,-0.3410534232660534,-2.1884831762907,True
NewYork,36061021200,-73.939001,40.813769,0.5905286793223107,-0.38334831295514554,-2.2175357568993856,True
NewYork,36005040304,-73.895183,40.867666,0.12533333333333332,-0.10983610492419016,-0.8298495179703452,False
NewYork,36005003300,-73.913607,40.808798,0.28896719978313906,-0.20772227748033453,-1.2603241252084638,False
NewYork,36061028700,-73.928468,40.864332,0.04586426299045599,-0.22800749288524494,-1.6788346572796902,False
NewYork,36005011502,-73.887133,40.818715,0.2697907188353048,-0.13020886935117437,-0.8729907352700119,False
NewYork,36005002800,-73.877001,40.821086,0.6644455834614728,-0.12152426337582725,-0.8404586870386908,False
NewYork,36005023800,-73.862861,40.844734,0.08618181818181818,-0.09416747645607289,-0.6808972017725043,False
NewYork,36061027900,-73.930947,40.855933,0.03802774728016768,-0.2716617419099747,-1.9266440479564804,False
NewYork,36005040701,-73.890299,40.871474,0.12241112828438949,-0.09428798848345417,-0.7040163554370692,False
NewYork,36005006400,-73.871883,40.8331,0.29264214046822745,-0.11222729142385875,-0.8232745912967244,False
NewYork,36005048400,-73.835151,40.885661,0.7253754135912446,-0.061214043396017874,-0.42008074355588554,False
NewYork,36005005400,-73.87927,40.829948,0.1884185773074662,-0.12219428874855456,-0.9039005127065252,False
NewYork,36005021200,-73.85859,40.835917,0.3074590661006671,-0.11081447300417464,-0.7902372196192324,False
NewYork,36061022400,-73.94704,40.811416,0.5061257827389055,-0.4251067826891165,-2.458377629300259,True
NewYork,36005007900,-73.904872,40.815912,0.23762086141224728,-0.19585114820757854,-1.2614912268256073,False
NewYork,36005040303,-73.893539,40.869692,0.14495147635762956,-0.10360962787716574,-0.7792318009598012,False
NewYork,36005022901,-73.906982,40.846222,0.23759972251127298,-0.1898002193230446,-1.4381390458802488,False
NewYork,36005022403,-73.86602,40.855563,0.1581679389312977,-0.07786333607531631,-0.5662682347062373,False
NewYork,36005005002,-73.87838,40.827305,0.16124578091439093,-0.12324924752104799,-0.8937114235839195,False
NewYork,36005038301,-73.898443,40.857271,0.2267529665587918,-0.13297090839001038,-1.0171793481159934,False
NewYork,36005029600,-73.84384,40.855286,0.1275191104933982,-0.08870934739068807,-0.6197972361464616,False
NewYork,36061029500,-73.924906,40.867604,0.05540559738599233,-0.20252395139295915,-1.5179419475072966,False
NewYork,36005041900,-73.881139,40.877248,0.12172102706453851,-0.070883362710382,-0.5161113941074364,False
NewYork,36005024501,-73.915612,40.852798,0.18244712393753706,-0.20867746258770248,-1.5649892673312396,False
NewYork,36005024502,-73.913398,40.855,0.20726889649723465,-0.1927806808836672,-1.4583626751966743,False
NewYork,36005028600,-73.848491,40.848758,0.047311827956989246,-0.09632109071730595,-0.6798755259530914,False
NewYork,36005007100,-73.911472,40.819465,0.3596271064897813,-0.23834355629932608,-1.5284274116005687,False
NewYork,36005024000,-73.868766,40.842029,0.19943268601352826,-0.09706775110776088,-0.71191546547606,False
NewYork,36005040900,-73.888313,40.878475,0.5893854748603352,-0.08357773529911589,-0.6152118977187794,False
NewYork,36005023501,-73.904249,40.852534,0.14481792717086836,-0.16243633259207246,-1.2504338811113476,False
NewYork,36005006100,-73.921072,40.824013,0.7491289198606271,-0.2950721667664338,-1.8451164742225776,False
NewYork,36005018400,-73.829462,40.837764,0.04874104874104874,-0.1241897855316995,-0.8520686840028061,False
NewYork,36005009200,-73.851496,40.832443,0.13235528623823953,-0.11842662354531967,-0.8299969376383627,False
NewYork,36061025500,-73.94209,40.844875,0.06494646305072846,-0.38555892890865057,-2.404083566780682,True
NewYork,36005017902,-73.913855,40.83708,0.3475485929794024,-0.24935608020949201,-1.7647520480378602,False
NewYork,36005006900,-73.91628,40.822056,0.35037334865020103,-0.2671042237084028,-1.6986698183674438,False
NewYork,36005008700,-73.896574,40.820078,0.23376840696117804,-0.16991382928883836,-1.1355871388503003,False
NewYork,36005042500,-73.878479,40.871806,0.10786487544019825,-0.07122658600118707,-0.5206186337085376,False
NewYork,36005012300,-73.889135,40.830537,0.2964750314729333,-0.14559171734139398,-1.0818729066617936,False
NewYork,36005041500,-73.883568,40.869976,0.14662806539509537,-0.08097831664054231,-0.5980733729936465,False
NewYork,36005019500,-73.922273,40.831164,0.284192302570249,-0.3039995633661696,-1.9602049765233491,True
NewYork,36061028500,-73.927835,40.861657,0.04327347659699735,-0.23360299570457072,-1.7184849451903934,False
NewYork,36005005200,-73.881325,40.826545,0.2549295774647887,-0.12798538857651146,-0.9296253801748424,False
NewYork,36005022102,-73.916026,40.837735,0.12094557449147883,-0.2599963569170507,-1.8180444793368236,False
NewYork,36061017500,-73.976765,40.790049,0.039603960396039604,-0.4651503572025534,-2.942999227647223,True
NewYork,36005008300,-73.90183,40.8139,0.1711858869650441,-0.17421699916533848,-1.121982774846287,False
NewYork,36005016500,-73.900943,40.843463,0.47128532360984504,-0.16998083940633307,-1.3045781689279639,False
NewYork,36005028800,-73.852133,40.854539,0.03011456628477905,-0.08576194353133933,-0.6072078067959514,False
NewYork,36005041100,-73.887201,40.875404,0.15956454121306377,-0.08360659277692556,-0.6165751567242507,False
NewYork,36005042100,-73.882253,40.88175,0.1323553382233089,-0.06911460783417842,-0.5005366617063162,False
NewYork,36005004300,-73.916338,40.813312,0.23950365459799422,-0.23923950764507332,-1.4707452422245084,False
NewYork,36005002500,-73.920503,40.806939,0.19257625872840867,-0.2409918283357615,-1.432871451580643,False
NewYork,36005013300,-73.903828,40.822944,0.3618073878627968,-0.21103807179355966,-1.415414101598884,False
NewYork,36005020601,-73.850377,40.836422,0.10588953310955142,-0.11330200228133439,-0.7965220616759454,False
NewYork,36005011900,-73.889775,40.823319,0.25056987550412063,-0.14825408758727884,-1.02922347468934,False
NewYork,36061012800,-73.961259,40.771389,0.006417112299465241,-0.3169496190007229,-2.025026841483306,True
NewYork,36005002701,-73.916566,40.805019,0.2922077922077922,-0.21049050887044135,-1.2569053513488995,False
NewYork,36005002702,-73.914339,40.806703,0.2798798798798799,-0.2037287255681619,-1.2264240993608748,False
NewYork,36005006800,-73.870372,40.828881,0.23808131032465632,-0.1181926850629588,-0.8464571915392555,False
NewYork,36005002000,-73.866274,40.817328,0.3048691481597331,-0.11445222093557786,-0.7643897434884328,False
NewYork,36061014000,-73.957883,40.776129,0.009068322981366459,-0.32776398399833256,-2.096295791554976,True
NewYork,36005015300,-73.894952,40.83303,0.45068107092531706,-0.16537341168988687,-1.2287105128871947,False
NewYork,36061018000,-73.939447,40.794652,0.20743034055727555,-0.31792879347172587,-1.8833733747397141,False
NewYork,36005015700,-73.887496,40.833262,0.37657885239985567,-0.13699107759915072,-1.0323310319642631,False
NewYork,36005014701,-73.905875,40.834365,0.4533878321018708,-0.21544885670401956,-1.5595669606351257,False
NewYork,36081066000,-73.733189,40.658541,0.7658786670464255,-0.2967666468146992,-3.3869185714511274,True
NewYork,36047089600,-73.912442,40.657929,0.8007841215388385,-0.31732265027485906,-3.8599572138747456,True
NewYork,36047107000,-73.871267,40.657254,0.698278295230031,-0.3678431902030023,-3.916070506977308,True
NewYork,36081065400,-73.738805,40.66193,0.7521999296022527,-0.2984659954613796,-3.422289977630619,True
NewYork,36081046200,-73.78819,40.709971,0.15281501340482573,-0.3116669607556611,-3.554178112857634,True
NewYork,36081050000,-73.765966,40.711892,0.598158225198828,-0.3141588754103633,-3.528226927487912,True
NewYork,36047018100,-73.9727,40.687904,0.18173168411037108,-0.29793984921832056,-2.7975312914757984,True
NewYork,36081025400,-73.794599,40.696502,0.5169163607500744,-0.31300212293646207,-3.6443139618857097,True
NewYork,36047020500,-73.965722,40.677319,0.16299559471365638,-0.2582233438916269,-2.7028904059076675,True
NewYork,36047022700,-73.957029,40.681533,0.40221483942414177,-0.29934900389223434,-3.0204119969374075,True
NewYork,36081049200,-73.758158,40.722805,0.4302894415002038,-0.31682146411669027,-3.478853642067727,True
NewYork,36047021700,-73.959061,40.672696,0.3642840726269823,-0.25932123392635426,-2.831580140458498,True
NewYork,36047003500,-73.975653,40.685683,0.2626977518734388,-0.27834637221540953,-2.6607295017428783,True
NewYork,36061020300,-73.961431,40.808844,0.13009808982963345,-0.47857330266643483,-2.8310776901237973,True
NewYork,36047024300,-73.952844,40.687422,0.36507936507936506,-0.3238826278442367,-3.0329625792458996,True
NewYork,36047013500,-73.983029,40.672797,0.06133192945511977,-0.1792991664228342,-1.8987442852828234,False
NewYork,36047030500,-73.959384,40.676415,0.2979721340874603,-0.27281892233324495,-2.911713385094418,True
NewYork,36047002901,-73.978323,40.695056,0.4550651000317561,-0.33475145403627843,-2.908494478695369,True
NewYork,36047006500,-73.999358,40.679317,0.014832448269547702,-0.168677387609578,-1.6579866646349841,False
NewYork,36047013600,-74.023426,40.627145,0.014219171365530768,0.022947668854297804,0.25106892821228594,False
NewYork,36081048400,-73.759953,40.7158,0.2851499371520919,-0.3154660857266259,-3.497568962827197,True
NewYork,36081099100,-73.8,40.791574,0.010689551339957843,-0.10594122027690468,-0.8517958358787883,False
NewYork,36047016300,-73.970368,40.678126,0.162426614481409,-0.24799751062530695,-2.5484977831225257,True
NewYork,36047019900,-73.967126,40.684491,0.26118652589240826,-0.2901161993071692,-2.8181903232451075,True
NewYork,36047017900,-73.971237,40.684165,0.4667522464698331,-0.27895575275086737,-2.7224208652465816,True
NewYork,36047013900,-73.987522,40.667935,0.07324926214113228,-0.1440641557858703,-1.5658209251894808,False
NewYork,36047004100,-73.985136,40.686708,0.08534432018834609,-0.2642961017229183,-2.4862716319621727,True
NewYork,36081101002,-73.741791,40.598392,0.17406440382941687,-0.2887759124239343,-3.066407200359276,True
NewYork,36081147900,-73.741521,40.770065,0.012152372049544287,-0.3127480860143343,-3.137425017815621,True
NewYork,36081046900,-73.877304,40.745064,0.01396780303030303,0.18805246830219077,0.9815074089330866,False
NewYork,36061014200,-73.961303,40.77734,0.0017925162446784674,-0.35093943232400276,-2.2431480810850264,True
NewYork,36047007100,-73.98783,40.683633,0.3404401650618982,-0.23360928754706597,-2.2638120089296523,True
NewYork,36047012700,-73.982572,40.68206,0.31342913776015857,-0.23654112897193588,-2.3201030371463744,True
NewYork,36047004500,-73.995237,40.688212,0.015535097813578827,-0.24804953585836717,-2.2873785995327154,True
NewYork,36061016600,-73.948322,40.789314,0.17184826012549914,-0.34194388177570184,-2.107666078058918,True
NewYork,36061002400,-73.974315,40.724211,0.2158034528552457,-0.4013898552211886,-2.8545583360394455,True
NewYork,36061008601,-73.97203,40.744633,0.03915104059344735,-0.34647469587148905,-2.3804464856173686,True
NewYork,36061002000,-73.97651,40.720819,0.1865318416523236,-0.41095911645199545,-2.9368535259524164,True
NewYork,36061013800,-73.953901,40.774764,0.02143565489358456,-0.2985146285629643,-1.9033971976389836,False
NewYork,36081005900,-73.924222,40.75984,0.02221696998345545,-0.0036247312178671193,-0.021683570609008593,False
NewYork,36061015400,-73.949176,40.781416,0.048023331173039537,-0.30818885061292683,-1.9435440780089217,False
NewYork,36061002601,-73.979962,40.722431,0.1111111111111111,-0.4232476924350256,-2.998709459720355,True
NewYork,36047117601,-73.876822,40.684489,0.12391304347826088,-0.3102721657478631,-3.1488534797641807,True
NewYork,36081054500,-73.912676,40.705477,0.024945175438596492,-0.2434945147371892,-2.2123291835902337,True
NewYork,36081000600,-73.863895,40.686012,0.05889394302130716,-0.3007969598808057,-2.9881649515002087,True
NewYork,36047117602,-73.874404,40.685996,0.13860252004581902,-0.3036979951334929,-3.039440861389644,True
NewYork,36047048100,-73.938701,40.713799,0.02608695652173913,-0.222249229431423,-1.675962235221978,False
NewYork,36081004401,-73.859275,40.677274,0.042390194075587334,-0.32360141156313466,-3.2905895020168257,True
NewYork,36081027100,-73.879528,40.745099,0.009689469997665187,0.19534030123330154,1.0075160901855877,False
NewYork,36047119800,-73.893807,40.67663,0.30303030303030304,-0.34004065715935156,-3.617972937664498,True
NewYork,36047118400,-73.869533,40.684345,0.11372837688627162,-0.3080082761007885,-3.0643458743374214,True
NewYork,36081055300,-73.906895,40.698797,0.06827731092436974,-0.27063269258484246,-2.6663230800144757,True
NewYork,36047080400,-73.949067,40.659692,0.5810039074241058,-0.2471981259485501,-2.9441351116689605,True
NewYork,36047114201,-73.895102,40.681414,0.21648936170212765,-0.32831071958481167,-3.4537438432299523,True
NewYork,36047030900,-73.93327,40.675865,0.6292440018107741,-0.3170189522779131,-3.549272074501827,True
NewYork,36047000200,-74.011567,40.651961,0.04730290456431535,-0.011699948870631785,-0.12157635695063776,False
NewYork,36061031704,-74.016948,40.708202,0.015448090577624257,-0.34934455853394386,-2.5309892061472805,True
NewYork,36047035400,-73.974083,40.578125,0.018569087930092845,-0.09011939755283946,-1.1989149394006355,False
NewYork,36047036200,-73.963446,40.578273,0.030917874396135265,-0.10082875680759813,-1.3494605453165984,False
NewYork,36061006000,-73.977008,40.734759,0.0277882797731569,-0.3982162052609577,-2.7363605491311245,True
NewYork,36081015900,-73.91835,40.75593,0.02369077306733167,0.05830004139280694,0.34475263950511176,False
NewYork,36081016300,-73.909547,40.75633,0.2689365901801135,0.08425771758619896,0.47950930879131526,False
NewYork,36005014702,-73.904869,40.836637,0.3906711277307617,-0.20532901422072883,-1.5118822661417441,False
NewYork,36047026100,-73.945785,40.692381,0.37660132736533414,-0.32739278904158464,-2.906024514993416,True
NewYork,36061002500,-73.99863,40.710427,0.1898488120950324,-0.4107017973781696,-2.984674293748269,True
NewYork,36047006700,-73.997389,40.684081,0.009673852957435046,-0.2094506632195706,-2.011357959259035,True
NewYork,36047000501,-73.994382,40.696483,0.0242960944595822,-0.3183442609150435,-2.677163479429355,True
NewYork,36061027500,-73.939439,40.854198,0.03819784524975514,-0.32419729256251173,-2.1974289464751653,True
NewYork,36061026500,-73.939183,40.849727,0.04613138686131387,-0.3441845385750864,-2.2671061448829395,True
NewYork,36047031701,-73.94992,40.673938,0.45111277819454865,-0.28954190493962895,-3.1644423750848127,True
NewYork,36047000502,-73.993063,40.695124,0.028409090909090908,-0.31046257684891815,-2.6645954856314,True
NewYork,36061002202,-73.981044,40.721345,0.0840032154340836,-0.4273135372294614,-3.0070379174748414,True
NewYork,36081025500,-73.908385,40.74851,0.012476606363069246,0.13479889682709228,0.8030295962079751,False
NewYork,36081042400,-73.772939,40.695607,0.8213507625272332,-0.31141869242343123,-3.5981560436526765,True
NewYork,36081054200,-73.746306,40.719065,0.22120800155369974,-0.31531561829320826,-3.453733913720013,True
NewYork,36047022100,-73.95433,40.676305,0.3836284321272774,-0.28714865317760724,-3.051538685164224,True
NewYork,36047026300,-73.944873,40.68921,0.5067049808429118,-0.32930545388099836,-3.0223035833282146,True
NewYork,36047015700,-73.976281,40.672971,0.033730604902181244,-0.20221055418053402,-2.150478138938476,True
NewYork,36047025300,-73.950481,40.693362,0.358828547057151,-0.3306067582334827,-2.8853303262925,True
NewYork,36047020700,-73.966681,40.674862,0.18702525148840074,-0.2435567557020203,-2.572969932394099,True
NewYork,36047034300,-73.938499,40.673838,0.6232085987261147,-0.30942201456529916,-3.453702320196238,True
NewYork,36047014100,-73.989291,40.665388,0.08134521414199483,-0.12282080053088676,-1.3168451444497646,False
NewYork,36047016700,-73.978784,40.664285,0.023138409760201935,-0.15357157670879434,-1.692773463086428,False
NewYork,36047050500,-73.945183,40.708012,0.1532734836873221,-0.27594949932601914,-2.1554510280123074,True
NewYork,36047022900,-73.95675,40.685153,0.34616365026765233,-0.3127326987362507,-3.020249902291812,True
NewYork,36047031100,-73.939307,40.676235,0.5462237543089941,-0.3141931580859935,-3.419252902589036,True
NewYork,36047024500,-73.951872,40.682853,0.452431289640592,-0.3136950388227365,-3.10966134153139,True
NewYork,36047082400,-73.948922,40.648779,0.7285915776747934,-0.21037458910952767,-2.647848314180203,True
NewYork,36047024100,-73.954246,40.691838,0.14488188976377953,-0.3312682026433706,-2.9598259524370225,True
NewYork,36081015500,-73.917296,40.759762,0.013651877133105802,0.023321229649519576,0.13810304390431624,False
NewYork,36081055400,-73.740237,40.727911,0.16807398472054685,-0.31736813836687866,-3.414673964697208,True
NewYork,36081006501,-73.917658,40.767845,0.02167352537722908,-0.04272513856539057,-0.2584525467260779,False
NewYork,36081130100,-73.739374,40.733004,0.14275517487508924,-0.31853412898804595,-3.398683833518352,True
NewYork,36047083000,-73.945367,40.640403,0.790497810929139,-0.19558730001583238,-2.5367985376959963,True
NewYork,36047091200,-73.907479,40.664884,0.6203590992087644,-0.33191461846647147,-3.868279994293456,True
NewYork,36047113200,-73.898327,40.660723,0.7144622991347342,-0.34257816659270357,-3.9788533851627723,True
NewYork,36047110400,-73.888513,40.659431,0.7346093133385951,-0.3576807418840349,-3.9997234017353867,True
NewYork,36047079000,-73.953519,40.640856,0.7294761532447225,-0.1731837476280637,-2.2538190795022635,True
NewYork,36047112800,-73.892093,40.661677,0.6857206904281551,-0.3528748640050993,-3.987388170824359,True
NewYork,36047079200,-73.954383,40.644547,0.6923076923076923,-0.18016630011904947,-2.3174919482910874,True
NewYork,36047115000,-73.886474,40.673941,0.44188280499519694,-0.3470122492811141,-3.640059295850992,True
NewYork,36047078200,-73.942719,40.637829,0.80396961529037,-0.19625223681237344,-2.5551424087047203,True
NewYork,36047091000,-73.904159,40.665715,0.6047471620227038,-0.3376892010267821,-3.875032039880418,True
NewYork,36047085600,-73.944931,40.6485,0.7502802690582959,-0.21957329243764617,-2.7841015937452203,True
NewYork,36047051602,-73.958185,40.641592,0.6128033040784718,-0.16062568707434988,-2.093738046469306,True
NewYork,36047077600,-73.942348,40.630845,0.7135306553911205,-0.18034916930026484,-2.381294431701331,True
NewYork,36047078800,-73.948203,40.637456,0.755938242280285,-0.17874436150321082,-2.351758745168116,True
NewYork,36047051601,-73.957002,40.638617,0.5999630109117811,-0.15710209103581957,-2.0686858277236433,True
NewYork,36047113000,-73.89658,40.662294,0.6894618834080718,-0.34701852456090587,-3.969856917755308,True
NewYork,36047080800,-73.939128,40.657844,0.5804123711340207,-0.27077997477000504,-3.2739371130449606,True
NewYork,36047074000,-73.941479,40.627376,0.618398142774231,-0.17381695368212252,-2.314241793686467,True
NewYork,36081002500,-73.944851,40.755118,0.431924882629108,-0.10908941962017833,-0.6888969044371359,False
NewYork,36047016500,-73.973942,40.670098,0.025196850393700787,-0.19459688935038646,-2.079225703185973,True
NewYork,36047152200,-73.967633,40.643413,0.1451171280803164,-0.1358729614738052,-1.7482445097226569,False
NewYork,36005026900,-73.905568,40.870054,0.1718371303926321,-0.13392781584047864,-1.0141047640422818,False
NewYork,36047014500,-73.995102,40.66136,0.04745685740236149,-0.08853992855370259,-0.9434486757429938,False
NewYork,36081069702,-73.863278,40.722635,0.007381012980402138,-0.16685925290093076,-1.4733967819435458,False
NewYork,36081005100,-73.932295,40.756134,0.01950636942675159,-0.01474267642763353,-0.0894319052668928,False
NewYork,36047013100,-73.979685,40.677721,0.1090726313144006,-0.21675503604913354,-2.217876379077795,True
NewYork,36047016900,-73.981384,40.659503,0.030724377663153172,-0.12762701258882553,-1.4342080300139095,False
NewYork,36047014900,-73.985051,40.662549,0.03684210526315789,-0.12493788733210033,-1.3682962873047881,False
NewYork,36005030900,-73.913418,40.897002,0.08335444641499873,-0.11864771617619113,-0.8721075319664336,False
NewYork,36047066000,-73.928098,40.609028,0.006242905788876277,-0.17273890606805276,-2.298788588062045,True
NewYork,36081093401,-73.846484,40.577886,0.012593783494105037,-0.24949163805342472,-3.262246730084982,True
NewYork,36081093800,-73.828878,40.581278,0.14394618834080716,-0.26054270806273205,-3.345319780382851,True
NewYork,36047054600,-73.953323,40.613077,0.03826955074875208,-0.12871318606446872,-1.7456323388385109,False
NewYork,36047017400,-74.011358,40.604302,0.004615384615384616,-0.029238866753843372,-0.35356696580452607,False
NewYork,36081094201,-73.819994,40.584902,0.3258246178600161,-0.2711518941346339,-3.372555406931163,True
NewYork,36005035100,-73.899142,40.893943,0.09465950833568805,-0.09159328672468442,-0.6669246520383246,False
NewYork,36047003000,-74.029307,40.638476,0.016565433462175594,0.05410073539644313,0.547063340345572,False
NewYork,36081093402,-73.840131,40.578714,0.05804535637149028,-0.2521706477599966,-3.2982911846944987,True
NewYork,36081094203,-73.808536,40.586591,0.20560253699788583,-0.2807301092187064,-3.309014199182801,True
NewYork,36047016800,-74.015246,40.604665,0.010029498525073746,-0.02233551493693617,-0.26670036560069543,False
NewYork,36081092200,-73.860472,40.573764,0.004528985507246377,-0.23978110385536855,-3.110627975495125,True
NewYork,36081010300,-73.914757,40.780697,0.019759036144578312,-0.10081800867789881,-0.6027041915944017,False
NewYork,36047017600,-74.008576,40.602991,0.01240694789081886,-0.0365095216044198,-0.4480725088001248,False
NewYork,36047029200,-73.998267,40.599317,0.012585400934915498,-0.054356675957719876,-0.6888747686961884,False
NewYork,36005028500,-73.903559,40.886063,0.06424418604651162,-0.10783224875242091,-0.7953923931256831,False
NewYork,36047028400,-73.998712,40.605879,0.012056414922656961,-0.05095416552598942,-0.6435253356606178,False
NewYork,36047041000,-73.975806,40.601074,0.018258426966292134,-0.08730023420542307,-1.1572648627058093,False
NewYork,36081101001,-73.749322,40.598647,0.3732828043581241,-0.2905034313539112,-3.085540839133592,True
NewYork,36081095400,-73.79924,40.59389,0.5130975769482645,-0.29292891904066287,-3.3538357781973365,True
NewYork,36005029500,-73.908222,40.885333,0.07410617551462621,-0.1194530111137403,-0.88476706692075,False
NewYork,36061021600,-73.95434,40.800629,0.41904984241858295,-0.41970836925963495,-2.5220111529022935,True
NewYork,36047008500,-74.006408,40.675561,0.4124082121984115,-0.1267912122238532,-1.249342009523267,False
NewYork,36047015200,-74.024043,40.616141,0.014145383104125737,0.011253461336254777,0.1266583769747195,False
NewYork,36081049900,-73.882737,40.73157,0.006755523096585722,-0.059899979631022934,-0.46063254839850265,False
NewYork,36081068000,-73.750535,40.663021,0.8159003831417625,-0.30134370502705476,-3.494589953997801,True
NewYork,36081010500,-73.913075,40.782878,0.0499892264598147,-0.10163269619362901,-0.6094083831458733,False
NewYork,36047069000,-73.920908,40.61996,0.5728723404255319,-0.20583826802874183,-2.700235378350636,True
NewYork,36047030400,-73.993082,40.593413,0.02240717029449424,-0.0643060060317243,-0.8274064606695587,False
NewYork,36081018200,-73.798712,40.6763,0.48031496062992124,-0.31833977932075525,-3.7873177055219913,True
NewYork,36047073600,-73.935799,40.624274,0.6348977828966311,-0.18100044245653452,-2.399683836413187,True
NewYork,36061014402,-73.946446,40.776953,0.017899594462312964,-0.26731879642467293,-1.6946228185010892,False
NewYork,36061012400,-73.954423,40.766865,0.019087136929460582,-0.24971221270809152,-1.5946631094216712,False
NewYork,36047058900,-73.943536,40.726674,0.016844469399213923,-0.19421894254061745,-1.3740112888195115,False
NewYork,36005030000,-73.831044,40.85226,0.07464724624487938,-0.09992699370058447,-0.6879574412586525,False
NewYork,36005031000,-73.835934,40.861112,0.16674290942360476,-0.08575560475482306,-0.5944549645947943,False
NewYork,36005038100,-73.901135,40.852732,0.2086677367576244,-0.15073211854329355,-1.1632420404487633,False
NewYork,36005016600,-73.829664,40.829857,0.08914285714285715,-0.1346877942575998,-0.922484733549569,False
NewYork,36005024800,-73.858791,40.854968,0.08342541436464089,-0.08171017725854521,-0.5882136434741972,False
NewYork,36005025200,-73.855047,40.847186,0.07307979120059657,-0.0951155937034265,-0.6783827867203222,False
NewYork,36005016100,-73.885841,40.836231,0.3147053213808888,-0.12803078894670022,-0.9730688273756951,False
NewYork,36081145900,-73.791927,40.753968,0.008710801393728223,-0.27986062277907325,-2.928328618846374,True
NewYork,36005027401,-73.822121,40.84093,0.024143302180685357,-0.1230952715890652,-0.8474518262628069,False
NewYork,36005027402,-73.817863,40.843079,0.02645651562060231,-0.12193763940176819,-0.8415620735523488,False
NewYork,36005026400,-73.832241,40.841823,0.07096434217460039,-0.11633928903638163,-0.8019662460410523,False
NewYork,36005025400,-73.85267,40.848613,0.036523347202958856,-0.09381119375849975,-0.6647928490829741,False
NewYork,36005042300,-73.87716,40.876853,0.13352476669059585,-0.06550510419431017,-0.47444721368001636,False
NewYork,36005016200,-73.821436,40.828903,0.050314465408805034,-0.13754103058290457,-0.9492327125685389,False
NewYork,36005032600,-73.855512,40.862388,0.12936462507155122,-0.07364710743511223,-0.5242362098575287,False
NewYork,36081004700,-73.933226,40.760409,0.2687041564792176,-0.054392823696082164,-0.3297666866410878,False
NewYork,36005031600,-73.848737,40.862148,0.1405118300338001,-0.07823887748888955,-0.5504925092713654,False
NewYork,36005032800,-73.863344,40.861189,0.192112267118316,-0.0719287622994505,-0.5193879381230863,False
NewYork,36005009600,-73.846015,40.833748,0.13306177868295996,-0.11970416029364542,-0.8286026025320619,False
NewYork,36005022404,-73.866213,40.852497,0.18378257963911784,-0.08162184474103668,-0.5943359269008214,False
NewYork,36005014400,-73.823482,40.821175,0.27141912007939134,-0.13851587573206853,-0.9578411920743406,False
NewYork,36005019400,-73.835744,40.836591,0.12561819980217606,-0.12239776592508249,-0.840853429869965,False
NewYork,36005005600,-73.879018,40.83252,0.21585749214111072,-0.11882523260120086,-0.887929037922214,False
NewYork,36005013800,-73.808717,40.822015,0.0457516339869281,-0.13754323351586165,-0.9588059197917288,False
NewYork,36005026601,-73.834012,40.847128,0.07061298076923077,-0.10620476978496514,-0.7322637190666578,False
NewYork,36005026602,-73.829978,40.846229,0.07879544390700577,-0.11069848402322562,-0.7636479609280512,False
NewYork,36005007400,-73.852836,40.81937,0.3376696832579186,-0.12438424742553131,-0.8415495035867082,False
NewYork,36005021002,-73.856774,40.838631,0.4208784213876512,-0.10731088668821896,-0.7646103760227202,False
NewYork,36005016400,-73.824797,40.832219,0.0343980343980344,-0.13362129345228918,-0.9194376228529367,False
NewYork,36005011800,-73.806451,40.813549,0.02779864763335838,-0.12477568594907743,-0.8729483507457255,False
NewYork,36005020000,-73.845864,40.840943,0.09054441260744986,-0.10844074081736861,-0.7566478736631443,False
NewYork,36005025000,-73.855735,40.85171,0.017964071856287425,-0.08793862014085667,-0.6284304613868296,False
NewYork,36005009800,-73.850971,40.825306,0.20074538370320177,-0.12653865522889457,-0.8727481533740307,False
NewYork,36005013200,-73.82133,40.815619,0.11365003006614552,-0.13140813571864096,-0.9109782353158208,False
NewYork,36005032400,-73.859651,40.862694,0.27208480565371024,-0.07187226008289907,-0.5165667491157728,False
NewYork,36005022800,-73.86366,40.854299,0.14551767676767677,-0.07999650410608511,-0.5799450637667054,False
NewYork,36005031400,-73.845412,40.861571,0.1269917914051183,-0.08030931884695093,-0.5613816768474444,False
NewYork,36047055000,-73.952849,40.608671,0.030333670374115267,-0.12613763403641512,-1.7080379561711996,False
NewYork,36047095000,-73.916822,40.637021,0.8529968454258675,-0.25963449727548193,-3.3282668703316576,True
NewYork,36005018301,-73.920752,40.828793,0.292109427990052,-0.295665112427156,-1.9059606954440182,False
NewYork,36005005902,-73.92334,40.824281,0.2297244858362437,-0.3070307452240293,-1.9034682033437913,False
NewYork,36005013500,-73.902048,40.827099,0.4451387153211697,-0.20581464266600516,-1.4356703314310912,False
NewYork,36005017300,-73.916841,40.825821,0.33604378420641123,-0.2745285230538872,-1.7824898861067313,False
NewYork,36047056500,-73.956322,40.730507,0.018459069020866775,-0.29157035414538296,-2.0819498437034585,True
NewYork,36081018700,-73.92385,40.736875,0.08307947936859596,0.012281853987178234,0.08279736348220702,False
NewYork,36047031300,-73.944478,40.676349,0.5930710510863183,-0.3056158758810368,-3.3142523210991675,True
NewYork,36081157903,-73.70767,40.733873,0.03497438182223212,-0.315145781739641,-3.295623730271098,True
NewYork,36081070700,-73.855601,40.71503,0.004122011541632316,-0.21469245883509308,-2.0573036023685596,True
NewYork,36081157902,-73.711884,40.741388,0.03965930263508118,-0.31742409768254687,-3.2996652951619447,True
NewYork,36081045000,-73.804743,40.714157,0.04057971014492753,-0.3014304169192776,-3.4194671624700126,True
NewYork,36081026500,-73.892964,40.744627,0.011168562564632886,0.12617132650337945,0.7651885040087043,False
NewYork,36081124100,-73.802836,40.726397,0.06068931068931069,-0.2932750668154695,-3.282261422382385,True
NewYork,36081054800,-73.751015,40.723339,0.1742294520547945,-0.31711524775731,-3.4541950458477277,True
NewYork,36081129103,-73.759954,40.737295,0.031750196798740485,-0.31879215746339273,-3.4062630659201476,True
NewYork,36081129104,-73.75034,40.73858,0.0349698934691987,-0.3197290532512021,-3.3958564571296423,True
NewYork,36081143500,-73.770837,40.752732,0.0071912013536379014,-0.3066251240829325,-3.2240980226336897,True
NewYork,36081157901,-73.704479,40.744407,0.02334104938271605,-0.31707255557915753,-3.271904305150987,True
NewYork,36081028900,-73.892029,40.750986,0.012495194156093811,0.1877920582031934,0.9775028724544883,False
NewYork,36081001800,-73.852211,40.690452,0.040735873850197106,-0.2863529386474078,-2.904518742871849,True
NewYork,36047114600,-73.892103,40.679287,0.22239948947032545,-0.33394739733853807,-3.5142262300467353,True
NewYork,36081104700,-73.821412,40.774957,0.0049323384342987225,2.861848701492557e-05,0.0002067361330273315,False
NewYork,36081162100,-73.730562,40.728513,0.06869200838072434,-0.31662711155626916,-3.3814149402356843,True
NewYork,36005023100,-73.903487,40.84646,0.2889344262295082,-0.17380943231694782,-1.3292554601957638,False
NewYork,36081083800,-73.819413,40.670298,0.12764728532922603,-0.32936785999275925,-3.845216364709216,True
NewYork,36081049500,-73.890197,40.725216,0.014685314685314685,-0.1229796271745996,-1.026314583219669,False
NewYork,36081052100,-73.901213,40.72106,0.019116977696859355,-0.15259552528855633,-1.2985620276114234,False
NewYork,36081133900,-73.790346,40.728582,0.009558823529411765,-0.3060046378714725,-3.3768851329427108,True
NewYork,36081030904,-73.889769,40.763095,0.01342642320085929,0.11346087900191422,0.5998257247197032,False
NewYork,36081161700,-73.717472,40.728767,0.05285179475886369,-0.31487488251870593,-3.3407338797749793,True
NewYork,36081105900,-73.807422,40.77386,0.004197271773347324,-0.14529263600244885,-1.277285553316385,False
NewYork,36081157102,-73.725269,40.734419,0.04267425320056899,-0.3175191386796317,-3.3537993392534613,True
NewYork,36081037300,-73.860752,40.75936,0.12261863526151714,0.32544143831472433,1.3650562535728235,False
NewYork,36081005300,-73.929329,40.760379,0.012599592366129331,-0.03388351290100492,-0.2055403292318679,False
NewYork,36081014300,-73.911627,40.7664,0.01921637135013726,-0.009720249122144814,-0.059183910653261784,False
NewYork,36081029100,-73.894668,40.750863,0.014984334559324342,0.1791043729516915,0.9491614936990433,False
NewYork,36081119100,-73.806637,40.756834,0.009745533297238766,-0.23014125834345583,-2.281028332280542,True
NewYork,36081007900,-73.930178,40.769165,0.026185226019845645,-0.11433015427675165,-0.7035742463618708,False
NewYork,36061017401,-73.948906,40.794939,0.2954670581758121,-0.37080108834909276,-2.2420704796107005,True
NewYork,36081007500,-73.927143,40.7645,0.02010274737547465,-0.06110626029661606,-0.37292895110253077,False
NewYork,36081006900,-73.922232,40.771605,0.018860662047729022,-0.08844023038296815,-0.5395540351990356,False
NewYork,36081152902,-73.724854,40.759473,0.013592233009708738,-0.3206505102920436,-3.2419414682873366,True
NewYork,36081001200,-73.861103,40.694185,0.03562036815682525,-0.2757654288814318,-2.7324317591110505,True
NewYork,36081031700,-73.892883,40.769735,0.04748562158973603,0.062188237201189184,0.36419149731536116,False
NewYork,36081077903,-73.820689,40.719244,0.03915560095335376,-0.27326256028728413,-3.038995128028997,True
NewYork,36081025700,-73.905555,40.74928,0.010922330097087379,0.14647315298092606,0.8452161852126004,False
NewYork,36081116700,-73.812232,40.76196,0.01002865329512894,-0.17897822831221147,-1.6534755279045348,False
NewYork,36081093900,-73.844138,40.791185,0.012603701340140395,0.08398080996253565,0.48357111268867214,False
NewYork,36047004900,-73.998635,40.687656,0.07172470978441128,-0.23313423598181648,-2.1546015393537643,True
NewYork,36081103300,-73.810007,40.77954,0.0006727965911639381,-0.08815576354646824,-0.7214616131512688,False
NewYork,36047065800,-73.931262,40.60806,0.016811279826464208,-0.16454422315531358,-2.2042606487227108,True
NewYork,36047029000,-73.994106,40.603366,0.018962759881197166,-0.05902213457805941,-0.7554610815383628,False
NewYork,36047005601,-74.034784,40.615382,0.01634472511144131,0.044863668989024316,0.4759908344081197,False
NewYork,36047018400,-74.007149,40.613642,0.002845528455284553,-0.029010204973318326,-0.3507181209980408,False
NewYork,36047038600,-73.975094,40.592262,0.007345225603357817,-0.08808261958773078,-1.1710569160082185,False
NewYork,36047040400,-73.985323,40.602023,0.011735419630156473,-0.07290784614905778,-0.9528963858514609,False
NewYork,36047027200,-73.992671,40.608259,0.00853289292595651,-0.05911573668353555,-0.7559330776109731,False
NewYork,36047016600,-74.016299,40.61867,0.0020325203252032522,-0.006354270449183851,-0.07371740200136624,False
NewYork,36047009000,-73.997938,40.646751,0.017699115044247787,-0.045064997926652396,-0.5077752559155156,False
NewYork,36047040900,-73.905287,40.691586,0.15473684210526314,-0.29532911525799704,-3.009006478877829,True
NewYork,36081055100,-73.904252,40.701741,0.034105815478793176,-0.2596055755541901,-2.549831836236819,True
NewYork,36047043700,-73.908316,40.693351,0.16717152593714502,-0.28966272705656315,-2.9095942869405693,True
NewYork,36081062300,-73.878225,40.704177,0.026001040041601663,-0.24086985671306854,-2.3623025943685443,True
NewYork,36081057700,-73.89064,40.700325,0.02858563261247825,-0.2635509521243156,-2.6832669467950625,True
NewYork,36047029500,-73.932342,40.684548,0.5525837444819527,-0.3272361750392086,-3.3200090096323813,True
NewYork,36081074100,-73.847987,40.728263,0.020859671302149177,-0.17231316154289344,-1.5749709471196167,False
NewYork,36081056700,-73.892373,40.697164,0.015786150284150705,-0.2758277401884082,-2.821299238580915,True
NewYork,36081071303,-73.849693,40.726012,0.02129263237233842,-0.17857152701141593,-1.6425908739747255,False
NewYork,36047088200,-73.925919,40.660534,0.8043797766019988,-0.30002734550866417,-3.6961074820263145,True
NewYork,36081000400,-73.864975,40.689692,0.053477023180154536,-0.2901972299074302,-2.8810317531844105,True
NewYork,36081062500,-73.882464,40.703937,0.01561904761904762,-0.2448348575593848,-2.4413860310761533,True
NewYork,36081002200,-73.850346,40.695951,0.05327510917030567,-0.2730623917492137,-2.7612880409282137,True
NewYork,36081016100,-73.914211,40.755128,0.013967699694456569,0.08096826608478545,0.4742492241042911,False
NewYork,36081008100,-73.933427,40.770294,0.04202157864849517,-0.14196023205815708,-0.8817000387515851,False
NewYork,36081045700,-73.870198,40.737829,0.011312217194570135,0.024298232912549334,0.16129474879384914,False
NewYork,36081063500,-73.867146,40.704518,0.011135057471264368,-0.24231669110586582,-2.3437917777665502,True
NewYork,36081016600,-73.82091,40.681681,0.17470588235294118,-0.31908653034547285,-3.6440527887866394,True
NewYork,36081001400,-73.855361,40.695031,0.03500243072435586,-0.27467061019506495,-2.7675590184526593,True
NewYork,36081010000,-73.828672,40.680949,0.11084835944428023,-0.3151591656506197,-3.5169762222484042,True
NewYork,36081015802,-73.819649,40.687534,0.15910570870414587,-0.313228951387683,-3.5692185274242463,True
NewYork,36081010400,-73.826507,40.683245,0.11161387631975868,-0.31351965865870196,-3.5095226732433917,True
NewYork,36081005200,-73.854937,40.680723,0.07175324675324675,-0.31171589826491314,-3.170511347261846,True
NewYork,36081010800,-73.830655,40.688674,0.10810810810810811,-0.30081895857459623,-3.292835617673569,True
NewYork,36081001000,-73.859136,40.690851,0.03378200052784376,-0.2848309024877812,-2.8290840630818113,True
NewYork,36081012602,-73.840791,40.693317,0.06408839779005525,-0.28195149040397816,-2.9435205240825115,True
NewYork,36081024000,-73.806072,40.703212,0.17562380038387715,-0.3076737907500767,-3.5328214301533305,True
NewYork,36047031900,-73.949281,40.667196,0.4820393974507532,-0.26959195129601005,-3.089148221650622,True
NewYork,36047013000,-74.021533,40.632642,0.026369927061903872,0.022132998933937085,0.2400136536296268,False
NewYork,36081041100,-73.86538,40.743899,0.00264783759929391,0.12547318708667457,0.7032686785294712,False
NewYork,36081040700,-73.86557,40.750303,0.013746533220788617,0.253044135347857,1.1600106292344978,False
NewYork,36081063200,-73.740472,40.676613,0.8544891640866873,-0.3015896344882202,-3.450108944436391,True
NewYork,36081114100,-73.796775,40.769221,0.005813953488372093,-0.22952704427248485,-2.208530821709878,True
NewYork,36005019900,-73.925324,40.836659,0.24250853458085725,-0.315078362802733,-2.0450314491850117,True
NewYork,36081014202,-73.819947,40.700423,0.09024390243902439,-0.2982354517358239,-3.3644421251802203,True
NewYork,36005023000,-73.866092,40.849234,0.12362545818060647,-0.08611954469098053,-0.6274428044697835,False
NewYork,36005030701,-73.911206,40.890294,0.05604414554233488,-0.12090017429882971,-0.893187952054439,False
NewYork,36005038900,-73.884717,40.856116,0.13488275575845612,-0.09714911684416701,-0.7326954347092833,False
NewYork,36005017702,-73.909815,40.836222,0.35308294838320947,-0.23036370841883028,-1.6606306789221208,False
NewYork,36005017901,-73.915381,40.834888,0.2033567525370804,-0.2637960206206707,-1.8172802305050193,False
NewYork,36005014100,-73.912407,40.823601,0.41693899782135074,-0.25143536995923466,-1.647020322149551,False
NewYork,36005037300,-73.890208,40.848734,0.30734019944417196,-0.1217611732982578,-0.9362034755092469,False
NewYork,36005039600,-73.858971,40.884409,0.6686733556298774,-0.05204308658760123,-0.3666367509881092,False
NewYork,36061025300,-73.938138,40.84291,0.05277254240650729,-0.36767542678655196,-2.3223554670126827,True
NewYork,36081066501,-73.887513,40.719265,0.009044657998869417,-0.16903332030483703,-1.5003734821669061,False
NewYork,36081003800,-73.848135,40.684612,0.04578313253012048,-0.29959532355058777,-3.0789922916433916,True
NewYork,36081012400,-73.834393,40.695466,0.0776192133658197,-0.2847559718848915,-3.0522985347396983,True
NewYork,36081061301,-73.895291,40.709002,0.02064896755162242,-0.22829088520030785,-2.196251061005425,True
NewYork,36047105801,-73.881296,40.65004,0.5361471552830458,-0.35871817401255407,-4.044168806242562,True
NewYork,36081064500,-73.851436,40.709436,0.01937984496124031,-0.23760313516692733,-2.342760836782593,True
NewYork,36081071305,-73.851002,40.723995,0.049161139289894656,-0.1855853955910909,-1.7250512259588597,False
NewYork,36081045500,-73.862162,40.736413,0.30227272727272725,-0.030834795784637475,-0.2213967133103158,False
NewYork,36047044600,-73.975851,40.615038,0.012339585389930898,-0.0894994317519775,-1.1833648060571549,False
NewYork,36047069602,-73.910752,40.62245,0.2299601593625498,-0.23601422439480613,-3.066827792535612,True
NewYork,36047011200,-73.995917,40.642518,0.02034358047016275,-0.047822248543290924,-0.5553878018183226,False
NewYork,36047025800,-73.98741,40.613396,0.009856100926473488,-0.06691106786636908,-0.8620325423244497,False
NewYork,36047019200,-73.999002,40.62885,0.006495340299350466,-0.03906820686916865,-0.4722662035786074,False
NewYork,36047020200,-74.010783,40.622248,0.009781089892873778,-0.015536120223346477,-0.18260961894285313,False
NewYork,36047019600,-74.004055,40.623505,0.008100618205073545,-0.029806034590322113,-0.35845573535867925,False
NewYork,36047024600,-73.981273,40.618295,0.010768335273573923,-0.07921174262797152,-1.0322884201289033,False
NewYork,36047027000,-73.98987,40.605785,0.006987863184994484,-0.06454041410100389,-0.8327468298429991,False
NewYork,36005037100,-73.887514,40.847313,0.327708703374778,-0.11591556919857378,-0.8874599084147118,False
NewYork,36061024301,-73.938724,40.836136,0.2634610568494866,-0.3907207810675989,-2.376935627562576,True
NewYork,36005000200,-73.859826,40.811766,0.21155053358443188,-0.09179720350623252,-0.5901076324034965,False
NewYork,36081014800,-73.822841,40.694355,0.08645928636779505,-0.30201294316209887,-3.4072767776340864,True
NewYork,36061024700,-73.945531,40.837255,0.09385063640545929,-0.4306494384409484,-2.555200797313785,True
NewYork,36005004400,-73.86644,40.826536,0.3095648427401982,-0.12111778248485795,-0.8535461989207428,False
NewYork,36005008500,-73.898777,40.816095,0.21123176111299627,-0.16691521112882524,-1.0864393606552871,False
NewYork,36005007500,-73.908615,40.81836,0.30819380648985034,-0.2218628413306521,-1.4317742959220314,False
NewYork,36005035800,-73.842681,40.874126,0.726332537788385,-0.0681930005781209,-0.47351360732811315,False
NewYork,36047040300,-73.908813,40.684409,0.3859198355601233,-0.3162950629510631,-3.2951262619381034,True
NewYork,36047031500,-73.949865,40.676757,0.4436130411544629,-0.2984976798666032,-3.181263545272673,True
NewYork,36005006200,-73.876035,40.833401,0.2747820948441424,-0.11388031690065466,-0.8425180563070027,False
NewYork,36005034200,-73.859848,40.869064,0.476905311778291,-0.06398859245004512,-0.45587808144964354,False
NewYork,36005004001,-73.858285,40.828253,0.12650948821161587,-0.12044536764527503,-0.8469124656177767,False
NewYork,36005008600,-73.849711,40.819475,0.33799758745476477,-0.12798260217373147,-0.8706334243304976,False
NewYork,36061017402,-73.947927,40.796923,0.30184534270650265,-0.3749240725124843,-2.2425912351113713,True
NewYork,36005033800,-73.8655,40.868838,0.4116347569955817,-0.06377851084170166,-0.458236701007526,False
NewYork,36005021001,-73.859054,40.840584,0.4472389894925106,-0.10256739474246977,-0.7316837461515926,False
NewYork,36005034800,-73.85284,40.869368,0.49141566265060244,-0.06760275913342674,-0.4781554137633731,False
NewYork,36005043100,-73.877045,40.881845,0.17703957010258917,-0.06208463387774575,-0.4469500805569745,False
NewYork,36005023200,-73.863739,40.846891,0.10833333333333334,-0.09049274007175477,-0.6567961937454866,False
NewYork,36081032700,-73.885397,40.758147,0.019074262461851475,0.18840041581772088,0.9014745149964748,False
NewYork,36005005300,-73.922031,40.852127,0.47860901395561656,-0.23953671150092978,-1.7565292283709495,False
NewYork,36081021400,-73.814908,40.706873,0.10864678555372397,-0.2972135637264242,-3.377801532334034,True
NewYork,36081006201,-73.847659,40.667266,0.05548339209500835,-0.33796969760843093,-3.572791447843606,True
NewYork,36047079602,-73.957696,40.652886,0.578525284027623,-0.1961615118443051,-2.3957791963368824,True
NewYork,36047102800,-73.889768,40.630488,0.7942012507106311,-0.300993594129566,-3.818352514034255,True
NewYork,36047044000,-73.971101,40.613062,0.010076441973592773,-0.09805806498670147,-1.3107183808033342,False
NewYork,36047026000,-73.992317,40.616842,0.009573304157549234,-0.057035152621346584,-0.7227790155521049,False
NewYork,36047005100,-74.003399,40.683553,0.0346124905944319,-0.18796800796206883,-1.792210635653752,False
NewYork,36081012800,-73.840201,40.698316,0.045660036166365284,-0.27321761618810686,-2.867291635682437,True
NewYork,36081011800,-73.833737,40.690584,0.04758364312267658,-0.29399918836055755,-3.176390923875303,True
NewYork,36081015400,-73.821156,40.692027,0.09707112970711297,-0.3064945420559113,-3.4883195020925517,True
NewYork,36047027900,-73.939266,40.68978,0.5811105062602069,-0.3276246396485932,-3.0444232619330522,True
NewYork,36081014000,-73.829635,40.703667,0.06857287449392713,-0.2798091617965683,-3.0681282295159247,True
NewYork,36081069300,-73.86323,40.728811,0.03082784897817804,-0.1180920787805752,-0.9707686734992651,False
NewYork,36047118600,-73.867807,40.681417,0.11375913568477916,-0.316927037847938,-3.174538731490469,True
NewYork,36081015600,-73.820658,40.690333,0.14454828660436136,-0.309059466986674,-3.5170159598893718,True
NewYork,36081081400,-73.804178,40.670975,0.35371819960861056,-0.3225567585983197,-3.8344681514538115,True
NewYork,36047025500,-73.951315,40.697539,0.3586163784121692,-0.32797052280608036,-2.7326342810726074,True
NewYork,36081103202,-73.747509,40.606137,0.19227405247813412,-0.2919932874402567,-3.1343544185737584,True
NewYork,36081047100,-73.876953,40.740836,0.009822361546499478,0.09451558170293689,0.5720834342406974,False
NewYork,36081012601,-73.837497,40.693715,0.07781201848998459,-0.28396453317069414,-3.0061251951279417,True
NewYork,36047118202,-73.869041,40.688717,0.10106870229007633,-0.29357802793262955,-2.903616868295014,True
NewYork,36081045900,-73.870872,40.73986,0.005301204819277108,0.060540313812417056,0.3808683859886646,False
NewYork,36081053100,-73.907387,40.722943,0.019064124783362217,-0.13249412388742174,-1.08963253552586,False
NewYork,36005025700,-73.913056,40.860538,0.1564400221116639,-0.1769014720330966,-1.341648875279688,False
NewYork,36081012200,-73.831082,40.696399,0.07351891506067094,-0.2883939384792757,-3.1552770993883925,True
NewYork,36081086400,-73.834272,40.676673,0.0927799093128706,-0.3184447827499049,-3.502718917371737,True
NewYork,36081097203,-73.780386,40.596797,0.5636995827538247,-0.29649004149360686,-3.2153152117641493,True
NewYork,36081035700,-73.871831,40.767545,0.23958519578043982,0.25187360294212385,1.1637124065014692,False
NewYork,36005008900,-73.893957,40.818596,0.18762026940346377,-0.15285238399392187,-1.0112777048150972,False
NewYork,36005018302,-73.918872,40.828622,0.33260987520347257,-0.28623722953213104,-1.8631158955664222,False
NewYork,36005041800,-73.857528,40.896736,0.47761194029850745,-0.04565898998699556,-0.3192931317012726,False
NewYork,36005013100,-73.89776,40.825915,0.312987012987013,-0.18484552844941513,-1.2949916692864814,False
NewYork,36061025900,-73.942269,40.823328,0.4162323157110946,-0.41574323169740174,-2.421815524264534,True
NewYork,36005014300,-73.911872,40.8292,0.4446786090621707,-0.25471785859525575,-1.7155346448917477,False
NewYork,36061021000,-73.936184,40.812422,0.6189982216953172,-0.36165184726618727,-2.1001546642816797,True
NewYork,36005007700,-73.904767,40.819821,0.2077001013171226,-0.20831083466978964,-1.366585972632119,False
NewYork,36005003500,-73.908985,40.812023,0.24798711755233493,-0.19954659362592836,-1.248062514701978,False
NewYork,36005017500,-73.913645,40.830695,0.3712077847738981,-0.26179078284981955,-1.7688627416159532,False
NewYork,36005012901,-73.899134,40.82247,0.33252082063782246,-0.18763356449753113,-1.2699606773870875,False
NewYork,36081027000,-73.791579,40.688614,0.5989795918367347,-0.3144290776388031,-3.6915631217243305,True
NewYork,36005018102,-73.917994,40.832327,0.3542649727767695,-0.28251711309314576,-1.8763476022806218,False
NewYork,36081036700,-73.868288,40.763342,0.24911261697321715,0.30817806646254237,1.3199992520416315,False
NewYork,36081071304,-73.853949,40.728854,0.020983401190103352,-0.1484722769115185,-1.2906568225707815,False
NewYork,36081046100,-73.870962,40.741786,0.012400964519462624,0.10079494977081266,0.5930688343882791,False
NewYork,36085017008,-74.179532,40.556433,0.0038095238095238095,0.3208858031846128,1.9557751788359519,False
NewYork,36085027705,-74.157127,40.588015,0.01909307875894988,0.3508900354953686,2.040858615547469,True
NewYork,36047024900,-73.948397,40.683105,0.4924953095684803,-0.3205000221982032,-3.1430461386432325,True
NewYork,36047036300,-73.917278,40.672134,0.7071494893221912,-0.32411748119667705,-3.7094202567845933,True
NewYork,36047044100,-73.914167,40.70157,0.03438291711907347,-0.26242796420510517,-2.421808230239718,True
NewYork,36061016001,-73.955044,40.785876,0.008566978193146417,-0.36223668617923077,-2.286817382605239,True
NewYork,36047059300,-73.93916,40.724962,0.014511873350923483,-0.1717179304396383,-1.2322592818885743,False
NewYork,36047098200,-73.895135,40.650508,0.6923454367026497,-0.3400895590900762,-4.008820172329215,True
NewYork,36047092400,-73.911163,40.665815,0.7422822491730982,-0.32743165245320843,-3.8298574795039024,True
NewYork,36047111800,-73.876223,40.668632,0.5973766752209866,-0.35737952557912056,-3.667164664761554,True
NewYork,36047045200,-73.968131,40.619807,0.020626432391138275,-0.10702578542759313,-1.4351947866179537,False
NewYork,36081077902,-73.825158,40.725808,0.021048744460856722,-0.24923754003486137,-2.6621460309616922,True
NewYork,36047096600,-73.903734,40.640152,0.7620059498512537,-0.29863572456248755,-3.7611601050841013,True
NewYork,36081037600,-73.754222,40.688305,0.8120194570845756,-0.30688116704059176,-3.523361939275254,True
NewYork,36047041700,-73.918148,40.693752,0.19414575866188769,-0.29767115370184216,-2.873654324435872,True
NewYork,36047090000,-73.920193,40.666186,0.7246963562753036,-0.31525314594461423,-3.772012951341468,True
NewYork,36005028700,-73.904418,40.882355,0.08095117632178092,-0.11369610093376488,-0.8424497298351371,False
NewYork,36005032300,-73.906184,40.905895,0.10757848430313938,-0.0952295069723676,-0.6873321684468243,False
NewYork,36047110600,-73.884647,40.65708,0.6915313734093901,-0.36147863907363453,-4.008260534665715,True
NewYork,36005044902,-73.86907,40.898835,0.07043517272319426,-0.04723095529180528,-0.3323947606531257,False
NewYork,36005043600,-73.849718,40.897351,0.6661814653081028,-0.04573734213563042,-0.3167866067218775,False
NewYork,36005045101,-73.864431,40.897735,0.08035222894881673,-0.04654587793625423,-0.32742316117075665,False
NewYork,36081029400,-73.779219,40.671208,0.7333994053518335,-0.31102530566754727,-3.6922262327337996,True
NewYork,36005012102,-73.8881,40.825922,0.20544554455445543,-0.14444958521404574,-1.0352084767685674,False
NewYork,36047119000,-73.871064,40.679267,0.19440685611186287,-0.3253599554697086,-3.300489219971118,True
NewYork,36081018900,-73.927055,40.739963,0.035001446340757886,0.017883375616024676,0.11780337771393237,False
NewYork,36081062200,-73.729506,40.691974,0.853966649823143,-0.3043649734069204,-3.4092853052954624,True
NewYork,36081061000,-73.743385,40.690255,0.8911960132890365,-0.3058295870590573,-3.4670614820242154,True
NewYork,36081060600,-73.735341,40.691778,0.8471385542168675,-0.3050979923934481,-3.433337530668983,True
NewYork,36081039800,-73.764915,40.694568,0.7962085308056872,-0.31027081134049656,-3.5652873095276254,True
NewYork,36081036300,-73.869385,40.759388,0.12956945572705117,0.340965744674713,1.3695299817836653,False
NewYork,36081043900,-73.85594,40.741872,0.008923139322652606,0.013605732827748964,0.09066691628365553,False
NewYork,36081059900,-73.901922,40.717265,0.018820577164366373,-0.17947144383355468,-1.5730664451031884,False
NewYork,36081059500,-73.908283,40.713362,0.022694149489902143,-0.202147774133967,-1.7902303959099533,False
NewYork,36081058000,-73.7314,40.707378,0.721928113680691,-0.31008061943261717,-3.416515739277859,True
NewYork,36047088600,-73.920508,40.657706,0.8170222124477677,-0.30424785546047894,-3.7634901077797775,True
NewYork,36047088400,-73.92461,40.662314,0.8307636495555959,-0.3055055387625838,-3.7308729397423512,True
NewYork,36047010400,-74.008422,40.636661,0.0071906354515050164,-0.011699294289157683,-0.13226817830325863,False
NewYork,36005039300,-73.883315,40.852385,0.2871903398481265,-0.09841803393791593,-0.742935561153549,False
NewYork,36047008000,-74.009799,40.648384,0.02584493041749503,-0.012739450929818081,-0.13602100664983774,False
NewYork,36047002000,-74.016564,40.647595,0.08559622195985832,0.008022337181978242,0.08361343986768498,False
NewYork,36061014601,-73.952159,40.777142,0.021646953804954253,-0.302507244403471,-1.9234717694843761,False
NewYork,36005034400,-73.857128,40.868252,0.45077720207253885,-0.06738113768411845,-0.48143849382246506,False
NewYork,36005023302,-73.904958,40.848131,0.15221040850587578,-0.1755196086878791,-1.346808630926486,False
NewYork,36047119400,-73.87683,40.672548,0.475462962962963,-0.3479869456092349,-3.566168780977035,True
NewYork,36061015601,-73.947701,40.7838,0.05549568965517242,-0.31172291602063157,-1.9494974164556365,False
NewYork,36005036300,-73.882167,40.844802,0.24893977947413062,-0.10642456625286217,-0.8074347873449037,False
NewYork,36061016400,-73.944412,40.787763,0.2561389228055895,-0.31285540452238175,-1.9116151949717388,False
NewYork,36047116200,-73.885017,40.670011,0.6508003369839933,-0.3551320746229294,-3.7510161442230596,True
NewYork,36047118800,-73.866275,40.679168,0.09290147401086113,-0.32314556482673645,-3.2707952066963113,True
NewYork,36047003800,-74.035093,40.634451,0.010464355788096796,0.07190314902309575,0.7130281990032404,False
NewYork,36047059100,-73.942693,40.723386,0.013226141078838174,-0.20354664161989805,-1.468906631390749,False
NewYork,36047050400,-73.973511,40.648377,0.08378324335132974,-0.126775256510463,-1.5596296630385509,False
NewYork,36047007600,-74.0148,40.644123,0.015599343185550082,0.007271325434402907,0.07719229782435923,False
NewYork,36081072100,-73.854269,40.731295,0.022023809523809525,-0.13131343492138073,-1.117014041075477,False
NewYork,36081071306,-73.856371,40.725911,0.04077010192525481,-0.16058938956500446,-1.4150191881482377,False
NewYork,36081096400,-73.793317,40.594325,0.5243192192664883,-0.29447054072548823,-3.3037307884611864,True
NewYork,36081044301,-73.859225,40.740657,0.07111111111111111,0.021843422863521037,0.14340463649752627,False
NewYork,36081044302,-73.864422,40.739251,0.09119672436255351,0.03317999943405848,0.21428728999401986,False
NewYork,36081092900,-73.850507,40.787683,0.01178318931657502,0.13269545053548631,0.7097284028043951,False
NewYork,36081033900,-73.879895,40.758914,0.023843723068083883,0.23841749363428585,1.0628555061347744,False
NewYork,36047023800,-73.991344,40.630501,0.002216475803472479,-0.05741071613837855,-0.7096030581648382,False
NewYork,36081017200,-73.812306,40.682079,0.2981115107913669,-0.3197289714943443,-3.727443657773942,True
NewYork,36047037300,-73.915243,40.683788,0.5751425313568985,-0.31908423420222237,-3.3317972427317972,True
NewYork,36047020800,-74.009723,40.626009,0.008989952406134321,-0.016222898140651178,-0.19014314167035246,False
NewYork,36047011600,-74.003949,40.635632,0.007596310363537711,-0.025213177324565482,-0.2926643955321129,False
NewYork,36081009600,-73.832442,40.681184,0.1560601215222258,-0.3117870520386783,-3.4191721873854855,True
NewYork,36047022400,-73.990254,40.640399,0.005558280202713748,-0.06407330557237557,-0.7720230122410642,False
NewYork,36047038200,-73.981535,40.591714,0.30550833049983,-0.08003878973160233,-1.054801952341757,False
NewYork,36061023200,-73.939746,40.821027,0.5763552909068353,-0.3982466907357789,-2.3238363060988276,True
NewYork,36047025100,-73.949369,40.687762,0.5122356854359705,-0.32666227419572014,-3.053266897930195,True
NewYork,36005040702,-73.887377,40.869481,0.13805970149253732,-0.08920706678988045,-0.6637509613594259,False
NewYork,36005040302,-73.892155,40.867892,0.09578270192994996,-0.10281187806215004,-0.7755071773571389,False
NewYork,36005036800,-73.856624,40.875542,0.6628175519630485,-0.05944507523346738,-0.4204196224236924,False
NewYork,36005026100,-73.90588,40.86665,0.45485436893203884,-0.14024102140311678,-1.065361917818353,False
NewYork,36005023600,-73.867255,40.845092,0.11388384754990925,-0.09236197496350797,-0.6759538691872692,False
NewYork,36005026702,-73.900012,40.872088,0.11990885787524921,-0.11657864508307934,-0.8790700603543669,False
NewYork,36005012500,-73.893541,40.828777,0.31795119594104854,-0.1641822695817612,-1.181096823916855,False
NewYork,36081115100,-73.807965,40.768137,0.004599816007359705,-0.1735194519864555,-1.5759435345112403,False
NewYork,36081084500,-73.821396,40.750939,0.08194343727338652,-0.17544632184337483,-1.6356914095343327,False
NewYork,36081114700,-73.801551,40.768441,0.0016366612111292963,-0.21030753916322512,-1.9892234973457263,True
NewYork,36005020200,-73.847659,40.838428,0.08676945141627823,-0.11110693594471184,-0.7754810102323861,False
NewYork,36005024400,-73.857596,40.846505,0.04694640631491483,-0.0941643949883983,-0.6730863098141533,False
NewYork,36081069000,-73.755745,40.66039,0.8452601003432796,-0.302439824561332,-3.516969671190125,True
NewYork,36081044602,-73.799198,40.708066,0.2141812865497076,-0.3084850390599864,-3.5340612325810725,True
NewYork,36081046700,-73.874364,40.745612,0.013322345831616535,0.19373865375431615,0.9922474415584162,False
NewYork,36081085700,-73.823627,40.756743,0.015077989601386482,-0.12994827144505028,-1.139462697219386,False
NewYork,36005041400,-73.853285,40.90305,0.5357543991014602,-0.042116911905409816,-0.2918590294127144,False
NewYork,36005042200,-73.855442,40.891032,0.6689504827156649,-0.04855518452608964,-0.33964057372717266,False
NewYork,36005044400,-73.844674,40.899552,0.7648092369477911,-0.04597870641646472,-0.31647234040313155,False
NewYork,36005043400,-73.853726,40.896715,0.5642641819676624,-0.045087987142687004,-0.31343222534465087,False
NewYork,36005042901,-73.875309,40.874589,0.14551333872271624,-0.06452091030137781,-0.46672628798666355,False
NewYork,36005037800,-73.867089,40.87986,0.5407677220509947,-0.0558201319193226,-0.39804031245821436,False
NewYork,36081009100,-73.927864,40.775291,0.031833150384193196,-0.14160975614693047,-0.860650177113195,False
NewYork,36047086600,-73.926759,40.656151,0.8020679468242246,-0.29203953703827457,-3.6217180731125747,True
NewYork,36047064800,-73.936766,40.617815,0.13748118414450577,-0.16703628731512277,-2.2333395813472015,True
NewYork,36047099600,-73.907726,40.63331,0.8440276406712734,-0.26987871570951066,-3.4709174163291974,True
NewYork,36081100801,-73.766261,40.610015,0.3713942307692308,-0.2988469180815442,-3.2574071023604243,True
NewYork,36081048100,-73.884894,40.742263,0.022781205505457997,0.11806388062316357,0.7010714537751055,False
NewYork,36081025301,-73.916491,40.744732,0.01796008869179601,0.0995950998658185,0.6254201707932135,False
NewYork,36081026902,-73.883057,40.744578,0.007775683317624882,0.16378591107875182,0.9028161388608003,False
NewYork,36081011700,-73.910386,40.772293,0.01484375,-0.036388198380811206,-0.22053814811890615,False
NewYork,36081024500,-73.905191,40.7396,0.030663780663780664,0.05772815807698363,0.3896424258482314,False
NewYork,36047037402,-73.971725,40.58648,0.040804918949133594,-0.09196942973105025,-1.2256519577617913,False
NewYork,36047046202,-73.973839,40.624795,0.01956636700158646,-0.09781193531951253,-1.2912733645245285,False
NewYork,36047035100,-73.932538,40.668526,0.5247484082973917,-0.30603239297075463,-3.5983765981204723,True
NewYork,36047068800,-73.919194,40.61723,0.5,-0.2043417254802335,-2.6832373264481837,True
NewYork,36081011000,-73.834974,40.6872,0.08840125391849529,-0.29840479884165594,-3.1942630056680232,True
NewYork,36047024400,-73.986135,40.621752,0.008764721993974253,-0.0690228621397789,-0.882903394164537,False
NewYork,36047019000,-74.000359,40.621467,0.012569544611580465,-0.03966231314121189,-0.48683832669384414,False
NewYork,36081037700,-73.868677,40.755617,0.07433785889160917,0.33670829527744855,1.347401668132486,False
NewYork,36047103400,-73.886227,40.633523,0.6811557788944723,-0.3171169670742544,-3.9242784021796604,True
NewYork,36061024900,-73.936885,40.838777,0.1595940959409594,-0.3726780804778691,-2.31781584841689,True
NewYork,36005021800,-73.867878,40.837543,0.22465960665658094,-0.10495577085872078,-0.7691430161265809,False
NewYork,36005036000,-73.843712,40.86688,0.4365079365079365,-0.07499193649758126,-0.5221104149491541,False
NewYork,36005040502,-73.889225,40.865754,0.25546448087431695,-0.09692585148741514,-0.7270171229877608,False
NewYork,36061030300,-73.918406,40.869272,0.047683554592251425,-0.1750804771605437,-1.3228438601014112,False
NewYork,36005018101,-73.91607,40.831824,0.36950591088208545,-0.27546675117245817,-1.8337575125876713,False
NewYork,36081075702,-73.839725,40.722286,0.02977716426740288,-0.22006613512773338,-2.2102372072648966,True
NewYork,36047024000,-73.992873,40.62868,0.0069699903194578895,-0.05460530666093585,-0.6769107317129712,False
NewYork,36081024700,-73.8992,40.742475,0.013662979830839297,0.0911585586780358,0.5884794774562269,False
NewYork,36005034500,-73.898549,40.904239,0.1502397442727757,-0.08414573774218645,-0.6074314847165411,False
NewYork,36061030700,-73.917048,40.871456,0.06565509191712868,-0.1659607708023794,-1.2532411713196971,False
NewYork,36081006202,-73.854162,40.665049,0.055259749604259605,-0.3486297386261605,-3.630392029773533,True
NewYork,36081000200,-73.866015,40.693375,0.03826199740596628,-0.2790562038831495,-2.758431496897152,True
NewYork,36047060000,-73.945629,40.586934,0.012857977790765635,-0.12467755998419565,-1.6877301304063383,False
NewYork,36047012801,-74.013849,40.630606,0.007012076353720296,-0.0016878962543217454,-0.01913053744456508,False
NewYork,36047030200,-73.990488,40.595614,0.013208836255978138,-0.06673550764467139,-0.8626255781987507,False
NewYork,36081103201,-73.755227,40.608439,0.5105926137990267,-0.2947909587724901,-3.188845665672759,True
NewYork,36081118700,-73.812242,40.759685,0.026435045317220542,-0.1901320685590214,-1.7870539970149373,False
NewYork,36047056400,-73.943232,40.606777,0.025514089870525513,-0.1406426570466,-1.9039188871801676,False
NewYork,36081028800,-73.786512,40.679407,0.6546938775510204,-0.3135209508342962,-3.7203005619793554,True
NewYork,36081018502,-73.921833,40.74052,0.020561830292499274,0.04347370565866763,0.28833774419168484,False
NewYork,36047063600,-73.936137,40.610024,0.01366742596810934,-0.157673835804885,-2.1167436604025687,True
NewYork,36081049600,-73.753136,40.716883,0.28268225161488775,-0.3155109612702684,-3.474661957934402,True
NewYork,36081056800,-73.733846,40.715488,0.5795968737145207,-0.31302418685386724,-3.416103354738576,True
NewYork,36047036501,-73.911773,40.67524,0.7728962487326799,-0.32899980930081957,-3.624646990845959,True
NewYork,36081026000,-73.793679,40.692541,0.5341337907375643,-0.31410645317308844,-3.6694082386722044,True
NewYork,36061023400,-73.938999,40.824072,0.5129107981220657,-0.39801719817609404,-2.330731197898957,True
NewYork,36061023502,-73.939062,40.827685,0.5870353581142339,-0.40135812352977035,-2.3692193896975993,True
NewYork,36047117202,-73.883773,40.682723,0.19714017815283638,-0.3204534989385927,-3.2909377486233815,True
NewYork,36081054900,-73.907433,40.702434,0.031630170316301706,-0.2570984917307567,-2.4908818250515887,True
NewYork,36081004200,-73.859379,40.681408,0.050610432852386235,-0.31239844705887326,-3.1773486992598903,True
NewYork,36047041900,-73.920999,40.69535,0.16469072164948453,-0.2964122258621684,-2.796353837459671,True
NewYork,36047042400,-73.976325,40.606635,0.022994011976047904,-0.0869980283560471,-1.1515695557649273,False
NewYork,36047065400,-73.931694,40.612818,0.01784651992861392,-0.17048220926856328,-2.272065583761923,True
NewYork,36047033500,-73.941392,40.667493,0.25162488393686167,-0.2888705513522839,-3.343302257206327,True
NewYork,36047036100,-73.919853,40.669767,0.6794871794871795,-0.31966807223923116,-3.742489469953709,True
NewYork,36047027100,-73.93873,40.678923,0.5960492413398225,-0.32058369672868664,-3.3947674170391573,True
NewYork,36047033300,-73.941999,40.665858,0.2107483899622474,-0.28436170662693383,-3.302912795089523,True
NewYork,36047076000,-73.955392,40.621591,0.01730225988700565,-0.13367500981048164,-1.806703687201116,False
NewYork,36047033000,-74.000911,40.578934,0.4399728690933755,-0.06394366932612833,-0.8155218792584087,False
NewYork,36081062000,-73.738137,40.681073,0.8343904157857647,-0.3022844650550894,-3.4409421025709377,True
NewYork,36081077907,-73.818155,40.725049,0.06808002388772769,-0.26882550941826205,-2.9607974000613098,True
NewYork,36081010200,-73.822931,40.678872,0.12247034193998604,-0.32146659029911057,-3.663505772135053,True
NewYork,36005038000,-73.862096,40.878034,0.6692993114621304,-0.05677596550710766,-0.40381915423238746,False
NewYork,36081059300,-73.902669,40.709937,0.01906158357771261,-0.22265996826245948,-2.0777755734293053,True
NewYork,36047082200,-73.954449,40.653487,0.6678239133453687,-0.20866067343350664,-2.559450031669162,True
NewYork,36047121400,-73.865297,40.667498,0.5158536585365854,-0.3533834319526509,-3.6211482461951974,True
NewYork,36047080200,-73.953295,40.657726,0.5779694757796947,-0.22789486306004164,-2.7208128807974106,True
NewYork,36047032500,-73.957719,40.666631,0.7171116114506272,-0.24153032385978046,-2.721665590360703,True
NewYork,36047048900,-73.939219,40.702822,0.37290391269630024,-0.27692994565681905,-2.2024615948968145,True
NewYork,36047041300,-73.910686,40.690078,0.30447987851176916,-0.301050967174319,-3.0449597058934628,True
NewYork,36005034000,-73.863193,40.868296,0.33902840675174967,-0.06504318295637325,-0.46741406112918465,False
NewYork,36081066701,-73.891399,40.721902,0.0010756543564001434,-0.14766358304529384,-1.2638823191105977,False
NewYork,36081055700,-73.899553,40.698937,0.03227433182047403,-0.2709673767575458,-2.726260565428318,True
NewYork,36047073200,-73.933891,40.627897,0.738150023009664,-0.19415998674850168,-2.5486278715678843,True
NewYork,36047041100,-73.907359,40.687999,0.29411764705882354,-0.30650153358400195,-3.1656352262274865,True
NewYork,36081058900,-73.905363,40.706466,0.018105849582172703,-0.23886005396662058,-2.260842215666268,True
NewYork,36081054700,-73.909938,40.703453,0.041766682669227076,-0.2519047820340358,-2.3589668610100496,True
NewYork,36081081800,-73.809152,40.670879,0.2907306997159824,-0.3250562416362964,-3.8486873323987796,True
NewYork,36005016000,-73.817474,40.831317,0.0412190856857357,-0.13671828660567364,-0.9403757266530354,False
NewYork,36005007600,-73.868136,40.833344,0.16649067229848644,-0.1117196846558763,-0.8082088187615132,False
NewYork,36005016900,-73.902044,40.837322,0.5258511979823455,-0.18942181860536092,-1.4188719058216253,False
NewYork,36047049600,-73.980612,40.643706,0.04735256134309083,-0.09701072876372298,-1.206769168585129,False
NewYork,36005028100,-73.891079,40.883884,0.14731182795698924,-0.08488749792001293,-0.6228264490902272,False
NewYork,36047082000,-73.951314,40.653492,0.6747952684258417,-0.2183929103951182,-2.691378380659641,True
NewYork,36081029300,-73.89998,40.751697,0.004118050789293068,0.1549822676409432,0.852014255540679,False
NewYork,36047005202,-74.038477,40.61961,0.01424287856071964,0.06700434999248592,0.6832382790060805,False
NewYork,36081018501,-73.922071,40.738658,0.024271844660194174,0.030561856584550216,0.20485861913931486,False
NewYork,36081008300,-73.928649,40.772819,0.10554765291607397,-0.13086563839290602,-0.8021356152054583,False
NewYork,36047080000,-73.953327,40.66084,0.5095451993262212,-0.23726909589071252,-2.793080279123175,True
NewYork,36081063800,-73.732144,40.669859,0.7170758928571429,-0.2986649887447912,-3.3988065154523808,True
NewYork,36081069400,-73.750012,40.65604,0.8282463928967814,-0.30030437915144814,-3.471218885036732,True
NewYork,36005040501,-73.891106,40.867133,0.18540478905359178,-0.10069544060564795,-0.7580672674007324,False
NewYork,36047112200,-73.886131,40.663598,0.6636311895276039,-0.3630512373362957,-3.9091918347590213,True
NewYork,36047038500,-73.927026,40.6875,0.5245653817082389,-0.3209442812088418,-3.2014675018173415,True
NewYork,36047025901,-73.9457,40.695094,0.25687285223367695,-0.32127592430600715,-2.7396978032376382,True
NewYork,36047027500,-73.938332,40.683909,0.5202652910832719,-0.32930837799823504,-3.26694358570063,True
NewYork,36047028100,-73.939293,40.692876,0.40041666666666664,-0.32036159364602146,-2.8483862210849358,True
NewYork,36047081800,-73.948002,40.652956,0.6542443064182195,-0.22515236136232814,-2.8031928420157417,True
NewYork,36047065600,-73.934923,40.613002,0.002785515320334262,-0.16372807744608184,-2.192865966092434,True
NewYork,36081055800,-73.741737,40.722493,0.16608187134502925,-0.3158924170248954,-3.4325699657908593,True
NewYork,36081055600,-73.745119,40.725562,0.11953612845673506,-0.31716618614350983,-3.4342621395248005,True
NewYork,36047087000,-73.933381,40.65409,0.8081232492997199,-0.27424492195696193,-3.382107576677951,True
NewYork,36047072800,-73.926669,40.629484,0.8246913580246914,-0.212903060014121,-2.7897472776025705,True
NewYork,36061014401,-73.947687,40.775326,0.01507936507936508,-0.26514131446242495,-1.683824167967696,False
NewYork,36081017600,-73.809936,40.67876,0.343878954607978,-0.3215193350112271,-3.773139085338079,True
NewYork,36081019000,-73.795349,40.68533,0.5492842535787321,-0.31543639712216637,-3.7225818249064755,True
NewYork,36047098600,-73.894532,40.645016,0.7953091684434968,-0.3300752738365863,-3.982632262388919,True
NewYork,36047098400,-73.891722,40.646413,0.8977820636451301,-0.3374230385575854,-4.015661596215236,True
NewYork,36047100400,-73.903749,40.630718,0.8628059289900034,-0.27255646029368824,-3.5074721227298364,True
NewYork,36047100600,-73.900913,40.632171,0.8072877535687453,-0.28094270990345316,-3.6180174828743894,True
NewYork,36005045600,-73.828492,40.890172,0.5539921465968587,-0.060492252560862485,-0.41314238580153306,False
NewYork,36047007000,-74.02497,40.638118,0.042379788101059496,0.03796505609311866,0.3947608915162125,False
NewYork,36047049200,-73.970284,40.640574,0.12269756387403447,-0.12289601235767614,-1.5912111146197458,False
NewYork,36081050201,-73.764937,40.708936,0.6299165673420739,-0.3134052847865126,-3.5341556794487676,True
NewYork,36081050202,-73.759171,40.710247,0.5680473372781065,-0.31372130209581534,-3.5118718989589417,True
NewYork,36005014900,-73.901624,40.832376,0.3423671395299598,-0.19802274766032352,-1.438589123401981,False
NewYork,36081097204,-73.782557,40.593931,0.6002942618930849,-0.29437993961189285,-3.214690835849132,True
NewYork,36081040400,-73.770554,40.705402,0.7173302107728338,-0.3131707372498634,-3.554460275184167,True
NewYork,36005037000,-73.858904,40.872972,0.6052839116719243,-0.06107252745865292,-0.43405659326968926,False
NewYork,36005038200,-73.854969,40.877434,0.7184431977559608,-0.05895450457962765,-0.41635442494089503,False
NewYork,36047095800,-73.911841,40.640862,0.8315649867374005,-0.28380778644768706,-3.5926079626940766,True
NewYork,36047099400,-73.904671,40.635238,0.8383742911153119,-0.28257844694416495,-3.6105430179894697,True
NewYork,36047095400,-73.914588,40.638838,0.8630721489526765,-0.27103599720665134,-3.4535971580042837,True
NewYork,36005038600,-73.848739,40.878984,0.788275254749025,-0.06024422671631998,-0.42132400124505653,False
NewYork,36081004300,-73.936953,40.761721,0.4062768701633706,-0.0907092693547809,-0.5597609865670456,False
NewYork,36081014700,-73.910866,40.763051,0.020456870098874872,0.015787104190617976,0.09458480857516616,False
NewYork,36081027400,-73.789068,40.684998,0.6471198754540737,-0.3140442968544314,-3.7062651606602044,True
NewYork,36081062700,-73.886283,40.703523,0.01727574750830565,-0.24818987390774094,-2.4796227313002053,True
NewYork,36081099802,-73.757167,40.593959,0.47646856750257643,-0.2905683099266283,-3.075915418494954,True
NewYork,36005045800,-73.84521,40.885903,0.38519957612151184,-0.05578862221777917,-0.3867509316212627,False
NewYork,36047085800,-73.939477,40.650226,0.7978981406628941,-0.2442599137701792,-3.0521436305885397,True
NewYork,36047035900,-73.923863,40.670429,0.7272565426384191,-0.3159787251286341,-3.714186973319606,True
NewYork,36005042800,-73.845683,40.894331,0.742152466367713,-0.04940403790101388,-0.34159958780459154,False
NewYork,36005039800,-73.853728,40.882864,0.76874813265611,-0.05457728126623159,-0.3830203757441528,False
NewYork,36081074900,-73.840319,40.713255,0.008317338451695458,-0.24140966344592363,-2.4443664056513006,True
NewYork,36047083800,-73.935024,40.641887,0.788858939802336,-0.2282282855777281,-2.9316495517330945,True
NewYork,36081049700,-73.890361,40.732062,0.011535048802129548,-0.053632540020107415,-0.409881129954475,False
NewYork,36047120200,-73.864457,40.676818,0.10902636916835699,-0.32865373512602125,-3.3339881566776164,True
NewYork,36081051200,-73.749955,40.709637,0.7034206695778749,-0.3129380481288166,-3.482362006815989,True
NewYork,36081056600,-73.738287,40.71969,0.20872865275142316,-0.3145269159369811,-3.429902954634128,True
NewYork,36085022300,-74.153295,40.635642,0.35928525845564774,0.395025553167526,1.9924606051125087,True
NewYork,36081015100,-73.91077,40.760237,0.019065420560747663,0.039228695400335994,0.23126778249348473,False
NewYork,36081023000,-73.808202,40.712685,0.05425531914893617,-0.29918290442722034,-3.3967476863663966,True
NewYork,36047093800,-73.924792,40.650512,0.7911344853493614,-0.2816975991711454,-3.5400371193152247,True
NewYork,36081008700,-73.934355,40.773968,0.37828438948995363,-0.17303833745676256,-1.0751269209998047,False
NewYork,36085013301,-74.11891,40.635598,0.47087676272225626,0.37491247672798206,2.064958979492086,True
NewYork,36047028502,-73.940804,40.69746,0.4616252821670429,-0.3050233095928342,-2.553704255659995,True
NewYork,36047074400,-73.943132,40.622458,0.04917372027408303,-0.16110863476052706,-2.1596976671855406,True
Philadelphia,42101017100,-75.173157,40.00369,0.9159054271896829,-0.32140027024164103,-2.519905777412567,True
Philadelphia,42101020102,-75.154551,40.010846,0.8753581661891118,-0.272443199775572,-2.6914829911991753,True
Philadelphia,42101020101,-75.155629,40.003166,0.8336,-0.27776077414818007,-2.5914206966491022,True
Philadelphia,42101030900,-75.084271,40.044594,0.3971476915639352,-0.1258863151007036,-1.201617042708872,False
Philadelphia,42029300301,-75.491067,39.974956,0.020883924235065566,-0.3437562112821024,-2.084506050355641,True
Philadelphia,42101027800,-75.147079,40.043379,0.8988184747583244,-0.16432488747577736,-1.5451053866598274,False
Philadelphia,42101016500,-75.149845,39.989914,0.7892612030682277,-0.29281181384676125,-2.49885934831127,True
Philadelphia,42101031800,-75.077847,40.030854,0.3681895919863181,-0.09312477593933989,-0.8700570389219662,False
Philadelphia,42101020900,-75.209065,40.018863,0.0707740916271722,-0.4377988995805121,-2.989253621907925,True
Philadelphia,42091205801,-75.411563,40.102516,0.08189398451459202,0.09290379719711073,0.2362440536212011,False
Philadelphia,42101037700,-75.151179,39.982744,0.4261400829151211,-0.28486990035586235,-2.346531207705104,True
Philadelphia,42101033300,-75.043866,40.055555,0.12260889605899977,-0.05413341491968826,-0.42309659379819453,False
Philadelphia,42101021100,-75.206192,40.026037,0.09073795180722892,-0.4478369855891054,-3.1312192078531003,True
Philadelphia,42101038100,-75.057257,40.013687,0.2403718459495352,-0.022960136969263814,-0.17134266447235458,False
Philadelphia,42101019100,-75.106036,40.009994,0.09008134029379629,-0.19178060799672816,-1.7949365998285478,False
Philadelphia,42101010500,-75.213458,39.96783,0.8739220933690157,0.10794095825879646,0.9223342084833405,False
Philadelphia,42101016901,-75.175146,39.993755,0.90816,-0.23498935251498107,-1.7185737030908539,False
Philadelphia,42101038200,-75.100294,39.996175,0.14102106390574795,-0.12688430202255166,-1.1429341841989573,False
Philadelphia,42101019900,-75.143191,40.005755,0.3668261562998405,-0.2916480926169609,-2.7791521401292587,True
Philadelphia,42101008802,-75.202436,39.952874,0.12082066869300911,0.06654809928393782,0.6086916340407229,False
Philadelphia,42101015200,-75.170188,39.985364,0.8674895625340352,-0.19196141392348376,-1.402061175821293,False
Philadelphia,42101024100,-75.176356,40.03285,0.7036485480268057,-0.31102360637535575,-2.7304662570648004,True
Philadelphia,42091204007,-75.289027,40.096131,0.09484873262469337,-0.0993968117633218,-0.6965864785645585,False
Philadelphia,42101020500,-75.159277,40.016712,0.8603372434017595,-0.2812276571446095,-2.75654863718314,True
Philadelphia,42101980000,-75.189446,39.967498,0.13333333333333333,-0.040677611672814064,-0.33294085423860886,False
Philadelphia,42101036900,-75.194395,39.952851,0.11602544683429264,0.009390703687544744,0.08283823831820804,False
Philadelphia,42101024700,-75.164266,40.042286,0.8409445310759635,-0.19266916563702466,-1.7176692815965846,False
Philadelphia,42091203104,-75.250217,40.091147,0.024754683318465656,-0.19667816553196946,-1.473388125177355,False
Philadelphia,10003014803,-75.772355,39.649369,0.11108433734939759,0.3320723750506476,2.6410042903676603,True
Philadelphia,42091202500,-75.16428,40.086271,0.5536741214057508,-0.08735931378126487,-0.7289229288487749,False
Philadelphia,42017100105,-74.947265,40.083093,0.01632275947028026,-0.19121929519871414,-1.5549277342087475,False
Philadelphia,42017100102,-74.962495,40.06399,0.0592,-0.18573007951629783,-1.4834621228219342,False
Philadelphia,42101027902,-75.154185,40.03955,0.5537513997760358,-0.18725633637453168,-1.7432378138048286,False
Philadelphia,10003010502,-75.491269,39.769514,0.1735594393493684,-0.03670386757037565,-0.258809094021138,False
Philadelphia,42029302101,-75.563448,40.04794,0.026102706158107822,0.5898814483885871,1.1602082005599421,False
Philadelphia,42101020800,-75.19054,40.0228,0.2887550200803213,-0.4474149978276189,-3.4091268976644913,True
Philadelphia,42101019501,-75.130263,40.000567,0.1072723395180209,-0.28828413621079585,-2.6958079167714253,True
Philadelphia,42101021800,-75.232642,40.057613,0.2613019891500904,-0.2246847664277564,-1.5555346763724869,False
Philadelphia,42101027700,-75.15121,40.050472,0.8865392435949573,-0.1027105720417606,-0.8761778602244433,False
Philadelphia,42101016100,-75.127301,39.984922,0.06364879234391614,-0.2907434277223901,-2.4886201707321107,True
Philadelphia,42101014900,-75.179949,39.981582,0.8345285524568393,-0.13592404934478128,-0.9872855715485718,False
Philadelphia,42101011100,-75.224825,39.974374,0.9112242013005372,0.07145092486861783,0.5845889912763024,False
Philadelphia,42101029200,-75.103081,40.026241,0.3217598097502973,-0.19160429402352253,-1.870622597723369,False
Philadelphia,42101034502,-75.038977,40.081628,0.19365721997300944,-0.0935612266509409,-0.7281315345361203,False
Philadelphia,42101038300,-75.129509,40.012596,0.22434017595307917,-0.2803164795002416,-2.7322890644645237,True
Philadelphia,42101003600,-75.19238,39.928216,0.5060112616040177,-0.024381007910157702,-0.21557275102190615,False
Philadelphia,24015031202,-76.066901,39.570328,0.11942959001782531,0.4637626152063683,2.9992255541166855,True
Philadelphia,42101034600,-75.027843,40.069707,0.2767605633802817,-0.07217533394540035,-0.48011445821320636,False
Philadelphia,42091205905,-75.360009,40.080704,0.1079136690647482,-0.1918937816015437,-0.8842714599689324,False
Philadelphia,42101024000,-75.179167,40.027445,0.5882352941176471,-0.3636089403722438,-3.1103792914540453,True
Philadelphia,42101018800,-75.105225,39.997562,0.26400499064254523,-0.16152563112847357,-1.4615497532447144,False
Philadelphia,42091204300,-75.228246,40.003906,0.07701749002761583,-0.14529986414466217,-1.0950307806581365,False
Philadelphia,42101015300,-75.160804,39.984174,0.3619539216920559,-0.24058101408573068,-1.885697596608024,False
Philadelphia,42101015102,-75.179471,39.986166,0.894077997111218,-0.16721234169034313,-1.1918258178142689,False
Philadelphia,42101039000,-75.090527,40.033342,0.5210714285714285,-0.14056712557355888,-1.3540744573381727,False
Philadelphia,42101028400,-75.137937,40.026324,0.6838100236158489,-0.26491161552230463,-2.67271484373276,True
Philadelphia,42101027000,-75.133027,40.049332,0.7594713656387665,-0.16288151921941474,-1.459689200977906,False
Philadelphia,42101024500,-75.162337,40.03292,0.8522700541049165,-0.24872549471083738,-2.3041049181128486,True
Philadelphia,42101026500,-75.154716,40.058848,0.9290548424737456,-0.08695051358276225,-0.7546165791776276,False
Philadelphia,42091204702,-75.237612,40.022838,0.03908241291418862,-0.17611176276597681,-1.2468738139415494,False
Philadelphia,42101000402,-75.171069,39.95383,0.03970973594033461,-0.1887487586028377,-1.5350134508955275,False
Philadelphia,42101017000,-75.183764,40.007416,0.6222008957133717,-0.41864079960919776,-3.064550608597887,True
Philadelphia,42101020700,-75.191688,40.012801,0.13213213213213212,-0.4741956247911574,-3.3496306129290057,True
Philadelphia,42101031401,-75.066902,40.045684,0.164431330472103,-0.08455626775208269,-0.7695987939463333,False
Philadelphia,42091205903,-75.384237,40.07349,0.0299625468164794,-0.19665682163131643,-0.8090063946861915,False
Philadelphia,42101031700,-75.067455,40.030804,0.22904350462331363,-0.06930902795093714,-0.6298595110630691,False
Philadelphia,42101013700,-75.183303,39.976973,0.4374482187241094,-0.09968859803023518,-0.7448090451825974,False
Philadelphia,42101024300,-75.171147,40.021836,0.7681794739556472,-0.3361767483111257,-3.0426545269201717,True
Philadelphia,42101012500,-75.171517,39.961278,0.11144130757800892,-0.1904211918877962,-1.5111476768319225,False
Philadelphia,42017100304,-74.891751,40.123649,0.19315121200461716,-0.16682614077948088,-1.4358569378502868,False
Philadelphia,42101021000,-75.214246,40.024461,0.05594149908592322,-0.40360264638507287,-2.7958171131918936,True
Philadelphia,42101034701,-75.032393,40.064909,0.14296318289786222,-0.06716227604484844,-0.4905676296864387,False
Philadelphia,42101001300,-75.181712,39.942943,0.1430680643732467,-0.09464529063666341,-0.7926252081210166,False
Philadelphia,42101020300,-75.148984,40.012103,0.7731514716439339,-0.2784022246443809,-2.733584701770788,True
Philadelphia,42101016702,-75.15838,39.990282,0.8493810178817056,-0.2609476637147382,-2.1195449238395474,True
Philadelphia,42101017702,-75.122429,39.995115,0.1569183762549105,-0.2728234257910246,-2.459451146120739,True
Philadelphia,42101038900,-75.17002,40.055245,0.8945783132530121,-0.14120885555645757,-1.256629669962486,False
Philadelphia,42101003100,-75.177854,39.931756,0.46138730595401845,-0.11963053062055576,-0.9851413878808049,False
Philadelphia,42101029000,-75.117393,40.029763,0.3903147699757869,-0.2456282689865806,-2.50779779356944,True
Philadelphia,42101030000,-75.077769,40.018716,0.5366117265603891,-0.06919466238956934,-0.6207453219177084,False
Philadelphia,42101008500,-75.226786,39.956714,0.7803041488262218,0.1455189642310064,1.1858461232709736,False
Philadelphia,42101026400,-75.161115,40.062431,0.9288324677822658,-0.08903197566961459,-0.7742361368226023,False
Philadelphia,34007605200,-75.107479,39.885201,0.034407027818448024,-0.0895237894740773,-0.5259705702489663,False
Philadelphia,42101017300,-75.162428,39.997893,0.9032033426183844,-0.2670088393104852,-2.224618364254789,True
Philadelphia,42101028700,-75.131544,40.021985,0.1944327288064108,-0.2771725983012552,-2.764334584171709,True
Philadelphia,42101020600,-75.182838,40.021901,0.30983847283406757,-0.41479295998171667,-3.387641951028127,True
Philadelphia,42101017202,-75.174052,39.998791,0.918744971842317,-0.28149396073623445,-2.1032631870868643,True
Philadelphia,42101017201,-75.168897,39.999059,0.9211160868067516,-0.27062455685217746,-2.1265721949984187,True
Philadelphia,42101028600,-75.128182,40.028565,0.4652069586082783,-0.26165476745875427,-2.70757906834064,True
Philadelphia,42101016800,-75.167564,39.991492,0.8998597475455821,-0.22844867490064202,-1.7219663370053602,False
Philadelphia,42091204400,-75.235321,40.008381,0.039617870188255126,-0.13149843030775538,-0.985779017715959,False
Philadelphia,42101012203,-75.211551,40.007034,0.21428571428571427,-0.3285973679536936,-2.312255005030132,True
Philadelphia,42101012204,-75.20885,40.000641,0.7003248511099079,-0.28429983868501274,-2.035926514599846,True
Philadelphia,42101037500,-75.252275,39.985182,0.37776141384388806,-0.048038167060675346,-0.39593558092839065,False
Philadelphia,42101030200,-75.082482,40.026431,0.46898129457677296,-0.10229554882313592,-0.9650345598407686,False
Philadelphia,42101003300,-75.193118,39.935337,0.5460599334073252,-0.007753809264293416,-0.06944353573163475,False
Philadelphia,42101024800,-75.166183,40.047022,0.9053347280334728,-0.16922872493385124,-1.5201976614373882,False
Philadelphia,42101020200,-75.161828,40.008339,0.8872668288726683,-0.28820879968669105,-2.661171636364875,True
Philadelphia,42101016400,-75.142755,39.989745,0.36115761779478595,-0.31229549595182665,-2.6977079670472857,True
Philadelphia,42029307900,-75.955626,39.80456,0.19243542435424354,0.5507237193651846,2.8543739018959884,True
Philadelphia,42101028200,-75.140291,40.034542,0.8189948892674617,-0.23084745424026284,-2.33647261572168,True
Philadelphia,10003014502,-75.746706,39.678763,0.24111743965283428,0.307112763426235,2.468202941432688,True
Philadelphia,42029308000,-75.97929,39.784912,0.06467921896792189,0.5469446325240337,2.9613600944668037,True
Philadelphia,42101036600,-75.140267,39.945766,0.0589590050667895,-0.17811445441302218,-1.4986941873376132,False
Philadelphia,42045410301,-75.500863,39.888598,0.11041616550396921,-0.24226734210695194,-1.8843164819981923,False
Philadelphia,42101027600,-75.139337,40.04335,0.8756345177664975,-0.18117454389496185,-1.7013151597299672,False
Philadelphia,10003011000,-75.497263,39.788919,0.0943455170259294,-0.07272882251677491,-0.5190931138276256,False
Philadelphia,42091201902,-75.111509,40.081679,0.15686610663466483,-0.12616705059962532,-1.0911894497334758,False
Philadelphia,42091201901,-75.097833,40.092625,0.033754441373864984,-0.1182379860495099,-1.0948352492519218,False
Philadelphia,42101031200,-75.077409,40.035684,0.4412989175686928,-0.09893852029946935,-0.9318359472967426,False
Philadelphia,42091203402,-75.392222,40.132576,0.0950650923402967,0.26670420923258104,0.6373825150056682,False
Philadelphia,10003015000,-75.633254,39.670137,0.3120692701890793,0.21326778185966827,1.7687379982287414,False
Philadelphia,42101029100,-75.107713,40.033696,0.34397016162453375,-0.2083941251380989,-2.0710371271195274,True
Philadelphia,42091204800,-75.287506,40.048033,0.014058453570107288,-0.1317262666384502,-0.8785681566105893,False
Philadelphia,42091203801,-75.3498,40.125484,0.24666310731446878,0.11898644882131681,0.3152689788195356,False
Philadelphia,42101000700,-75.173389,39.951198,0.05238698774820448,-0.17637480523633917,-1.4210473667192394,False
Philadelphia,42101034100,-75.080339,40.07667,0.08423400240178418,-0.11102833150564022,-1.023244504773978,False
Philadelphia,10003010300,-75.467679,39.800352,0.24719922065270336,-0.09749790599219237,-0.6771282555221545,False
Philadelphia,42091204002,-75.311393,40.112531,0.12489498739848783,0.028951344793362394,0.16300660240316744,False
Philadelphia,42045410500,-75.25456,39.960009,0.18217710095882686,-0.06053899706088981,-0.5097577677473366,False
Philadelphia,42045400500,-75.27184,39.965899,0.4280490428049043,-0.1372011767881118,-1.1621877856284133,False
Philadelphia,42071014300,-76.036756,39.941307,0.008941116362242943,0.4203113795289719,1.526566357951145,False
Philadelphia,42091204009,-75.277976,40.122007,0.07587460245343026,-0.02664861050446634,-0.189654454763932,False
Philadelphia,10003014808,-75.714638,39.622659,0.32859789993823346,0.26772953172691927,2.207459402864774,True
Philadelphia,42101009300,-75.22419,39.962411,0.856371743722131,0.13827768448886515,1.1466636144971734,False
Philadelphia,42091203103,-75.265245,40.100235,0.017847025495750707,-0.13678638453588404,-1.0362060861742273,False
Philadelphia,42101010100,-75.242426,39.972419,0.9065602836879433,0.013971980825930761,0.11443038936776528,False
Philadelphia,42091210500,-75.191588,40.083325,0.14519650655021835,-0.15322048335008903,-1.2860929334765028,False
Philadelphia,42017101503,-75.033399,40.160628,0.0081799591002045,-0.20718850384988718,-0.9058069246812981,False
Philadelphia,10003016602,-75.688436,39.495513,0.19914691280330046,0.22694904541823127,1.900345859657208,False
Philadelphia,42101038700,-75.212139,40.081461,0.1151622943530458,-0.22455341972438886,-1.7625422013849132,False
Philadelphia,42101025200,-75.176854,40.046818,0.8451905875877254,-0.2101592922551767,-1.8798572847409758,False
Philadelphia,42029302102,-75.550966,40.031393,0.04060913705583756,1.0080385701606156,1.6594838062629467,False
Philadelphia,42045407201,-75.446361,39.918611,0.037404715475979435,-0.3407144158223868,-1.8958691032526793,False
Philadelphia,10003013604,-75.678249,39.721891,0.06496631376323388,0.221609165455749,1.8243818834042351,False
Philadelphia,42029303302,-75.662971,39.850682,0.018361581920903956,0.036556644344075566,0.29362509757136956,False
Philadelphia,42029306504,-75.746329,39.817475,0.018115160664222557,0.28350001555480664,2.319093840274359,True
Philadelphia,10003014706,-75.716555,39.643025,0.396722430863776,0.27304823721446575,2.2375457675906296,True
Philadelphia,42101023800,-75.183129,40.03892,0.546273361855438,-0.29342325233057237,-2.5310738231972634,True
Philadelphia,42091203601,-75.338391,40.122308,0.40808344198174706,0.13341108309233815,0.41309294483030246,False
Philadelphia,42101008602,-75.217286,39.9564,0.5544611819235226,0.14912552104287616,1.300333358235422,False
Philadelphia,42045408500,-75.32749,39.979833,0.04438703616721466,-0.3202182702368715,-2.3466239399731097,True
Philadelphia,42101025500,-75.184915,40.062187,0.47206599175103114,-0.16736062583835554,-1.4526125670710237,False
Philadelphia,42017100208,-74.958336,40.112311,0.11181078175395484,-0.200348820379932,-1.5160970533043718,False
Philadelphia,42029307400,-75.919698,39.95861,0.10771620921802175,0.33856980284890664,1.1314437516277702,False
Philadelphia,34007610900,-75.081405,39.892661,0.013909440662918023,-0.14736214717854948,-0.8011038384196403,False
Philadelphia,42101012000,-75.230048,39.995882,0.5265054040144107,-0.08344523634140374,-0.6543790391434329,False
Philadelphia,10003013614,-75.658103,39.716979,0.10466543891958256,0.2018007421642864,1.6833367252246842,False
Philadelphia,42101001201,-75.178788,39.947009,0.01922590437642297,-0.12103289514296822,-1.0094686341822905,False
Philadelphia,42091205904,-75.347326,40.065142,0.05577005577005577,-0.24653255874514968,-1.468813162699308,False
Philadelphia,42101021500,-75.228495,40.034407,0.07085852478839177,-0.28122117594363627,-1.968500359304841,True
Philadelphia,42101026302,-75.156643,40.068842,0.9183635344666542,-0.07570779820437064,-0.6437390681193952,False
Philadelphia,42101026301,-75.163667,40.072845,0.9294149221685454,-0.08141941770808703,-0.6925586588259167,False
Philadelphia,42101008302,-75.241262,39.956507,0.85734293717487,0.0337725599176273,0.26756733316853426,False
Philadelphia,10001040203,-75.58659,39.287112,0.32246236974141257,0.2636152628239038,2.0617610640773156,True
Philadelphia,42101008200,-75.243785,39.949012,0.9105984138428262,-0.0010932981935152589,-0.009039306880660592,False
Philadelphia,42045403701,-75.285473,39.870338,0.039135514018691586,0.013229154122639178,0.11001901426222235,False
Philadelphia,42101010200,-75.231326,39.968527,0.9196059739434382,0.08941466184916538,0.706500443465312,False
Philadelphia,42101006100,-75.229043,39.916355,0.7576923076923077,0.006896109028148844,0.06645439708634944,False
Philadelphia,42091203803,-75.353291,40.121691,0.25033579583613164,0.08492122921991095,0.2231085610366517,False
Philadelphia,10003011204,-75.486829,39.818107,0.12224569876245095,-0.12877641379203408,-0.9444888233920006,False
Philadelphia,42017102401,-75.294912,40.37692,0.015513420339817778,0.9727681730909159,2.3003612940357523,True
Philadelphia,34007601900,-75.108496,39.912142,0.5723965763195435,0.015167306952156071,0.09437304676966086,False
Philadelphia,42045409300,-75.311806,39.967732,0.0298989898989899,-0.2630120050271851,-2.115658225709429,True
Philadelphia,42029300103,-75.482401,40.044468,0.06996770721205597,0.41367761627300215,0.9170762366468393,False
Philadelphia,42101001101,-75.162472,39.94515,0.13986502210844776,-0.22037486951897964,-1.7663432161539958,False
Philadelphia,10003014402,-75.761724,39.670938,0.058781617385108655,0.3236303417837579,2.5860669326017742,True
Philadelphia,42091204701,-75.255935,40.035328,0.027607361963190184,-0.0834984531466045,-0.5830930329532895,False
Philadelphia,24015030906,-75.962661,39.60321,0.07291568535091851,0.4761190811933889,3.2832531043935345,True
Philadelphia,42091206006,-75.416981,40.130916,0.02532777115613826,0.36289434962968237,0.8603598551684051,False
Philadelphia,42045409701,-75.362306,40.023846,0.0327965205125191,-0.3361742513088121,-2.1224278218860615,True
Philadelphia,42101009400,-75.232305,39.963221,0.9004248539564524,0.09981544365519712,0.7933396739006348,False
Philadelphia,42101008101,-75.236064,39.948376,0.8655616942909761,0.07109269497201884,0.5771092792695861,False
Philadelphia,42091203700,-75.342652,40.13143,0.1750753012048193,0.1742642737953099,0.48414336256193624,False
Philadelphia,10003010101,-75.458112,39.816078,0.3830196749358426,-0.11655139653591272,-0.7924488656618128,False
Philadelphia,42101037600,-75.156953,39.960125,0.16102620087336245,-0.24998052753745967,-2.042996367102745,True
Philadelphia,10003012900,-75.584989,39.724703,0.23470868753887622,0.13176448127065227,1.0685313849691873,False
Philadelphia,24015030503,-75.835968,39.62904,0.14012956017729286,0.3996849401190751,3.0667548286574484,True
Philadelphia,42101024900,-75.15979,40.051393,0.9018171160609613,-0.11962754046995769,-1.0466812624758517,False
Philadelphia,10003011400,-75.519819,39.802349,0.0390625,-0.0832064036799966,-0.6336525032463091,False
Philadelphia,42101021400,-75.22309,40.028669,0.0652122361868627,-0.3249168802804687,-2.2914719348836465,True
Philadelphia,42091204200,-75.315667,40.068643,0.06430006697923643,-0.16667661143312368,-1.0438203826530161,False
Philadelphia,42101038800,-75.194938,40.055908,0.27324233839814577,-0.2423953855975812,-2.002738628818662,True
Philadelphia,34005704200,-74.705204,40.135005,0.11144505890839145,-0.005136481683139312,-0.04452314012942161,False
Philadelphia,42029307800,-75.939717,39.835603,0.02578125,0.5360949109446317,2.5052927515077856,True
Philadelphia,42029308101,-75.938716,39.777165,0.03188073394495413,0.5464908324673473,3.20753826954978,True
Philadelphia,42045406802,-75.435533,39.831146,0.16894553881807647,-0.12637616368737628,-0.8169632705053487,False
Philadelphia,10003013800,-75.662942,39.687348,0.132858837485172,0.22545643080377126,1.868208195738378,False
Philadelphia,42045406801,-75.438597,39.849088,0.1403266620657925,-0.16171194604313632,-1.0038413928675416,False
Philadelphia,34007601200,-75.078257,39.944396,0.24969249692496925,0.16871284977126602,0.9382237863377946,False
Philadelphia,42091203901,-75.341038,40.117819,0.4080476055539813,0.09836031951195845,0.3049721393062899,False
Philadelphia,42101023700,-75.188268,40.048754,0.5515463917525774,-0.2459027399566753,-2.1104501493168675,True
Philadelphia,42029307000,-75.878128,39.816222,0.024273564847625797,0.5139799235505841,3.0408871851182573,True
Philadelphia,42101027100,-75.125092,40.048915,0.6166595835104123,-0.18649435836855136,-1.7305270279277112,False
Philadelphia,42091201608,-75.11059,40.124739,0.06209546925566343,-0.13035781427259738,-1.225467706657186,False
Philadelphia,24025306400,-76.116335,39.553429,0.16858389527965092,0.45793144961290866,2.8633285975125395,True
Philadelphia,42045409200,-75.311967,39.975707,0.02503576537911302,-0.2873627342765293,-2.2101675662771014,True
Philadelphia,42091203304,-75.325964,40.139721,0.1507031042716901,0.23478552473996828,0.8343377233522952,False
Philadelphia,42091203303,-75.314318,40.140745,0.12133168927250308,0.20399511217018085,0.9342637494752345,False
Philadelphia,10003001200,-75.563409,39.758968,0.07165109034267912,0.04983968716549679,0.3864668406209668,False
Philadelphia,10003002700,-75.568784,39.734699,0.42040133779264216,0.10346969548192957,0.8177791665252465,False
Philadelphia,42101023900,-75.186037,40.033417,0.4873451803984922,-0.35456022063785836,-2.9472389085379813,True
Philadelphia,42091204900,-75.325293,40.042341,0.0427797833935018,-0.24676036632784418,-1.6098069455345236,False
Philadelphia,10003016401,-75.678351,39.573689,0.31440917895991655,0.24544473337591421,2.0484179518823535,True
Philadelphia,34007611600,-75.087039,39.910667,0.19729965156794424,-0.015799433080500344,-0.08877041239926672,False
Philadelphia,42029303000,-75.565499,39.917599,0.03210576015108593,-0.13405830599898722,-0.9488065234442008,False
Philadelphia,42091210300,-75.215939,40.101057,0.06521739130434782,-0.1824364705990435,-1.446888776372112,False
Philadelphia,42091204102,-75.304996,40.075044,0.07445469798657718,-0.13537501622992074,-0.864584606987018,False
Philadelphia,42101026100,-75.175982,40.070942,0.9101307189542484,-0.11716181533356425,-1.0156053432478256,False
Philadelphia,42045400401,-75.262577,39.955845,0.4518531976744186,-0.10580007058834612,-0.9010039326254105,False
Philadelphia,42101021600,-75.234971,40.041802,0.14127054642381165,-0.20813084849931962,-1.4900910169873118,False
Philadelphia,42101006500,-75.234515,39.937635,0.9135749517478018,0.054220229481367475,0.4644825869428159,False
Philadelphia,42101027300,-75.119754,40.039232,0.5110065535204167,-0.22577693976248292,-2.297163203766836,True
Philadelphia,10003000400,-75.544988,39.75852,0.47954007439972945,0.034440475582759894,0.25949101376588873,False
Philadelphia,42091205906,-75.33622,40.080592,0.1104014598540146,-0.1579771577201616,-0.852877837793569,False
Philadelphia,42101003800,-75.179551,39.920811,0.01806282722513089,-0.09958141870253254,-0.8542839695069013,False
Philadelphia,42091205700,-75.343009,40.103666,0.0971086739780658,-0.017076835956532425,-0.0654251593201341,False
Philadelphia,42029302901,-75.526174,39.9568,0.03204465577837502,-0.29313365236312555,-1.837426693904838,False
Philadelphia,42101000804,-75.16762,39.948465,0.036679901682737756,-0.20809669112821058,-1.6711713937965311,False
Philadelphia,42101015800,-75.129327,39.973841,0.018250950570342206,-0.25569387000687144,-2.153106262984751,True
Philadelphia,42029302704,-75.600838,40.00116,0.019651092841387607,0.480402304555925,1.5006028426323672,False
Philadelphia,42045404102,-75.341328,39.874187,0.14908034849951599,-0.0285636720970271,-0.23449076388283632,False
Philadelphia,42029302703,-75.613654,39.979827,0.020412792016330235,0.19782474157603924,1.010467180043857,False
Philadelphia,42045406904,-75.446496,39.880449,0.02983787512935495,-0.24329352572876256,-1.4324254373930587,False
Philadelphia,42029300107,-75.480464,40.066142,0.013779527559055118,0.3320889793976018,0.7634437361805987,False
Philadelphia,42029305700,-75.806692,39.983601,0.3251332513325133,0.26692934775671656,0.8532333404669138,False
Philadelphia,24015030100,-75.908799,39.420504,0.032588259870482555,0.29487691418955825,2.25013585389554,True
Philadelphia,42101000500,-75.155759,39.952342,0.2293857221914776,-0.2422170764322376,-1.9725012278724403,True
Philadelphia,42045405400,-75.399409,39.835853,0.7275350370981039,-0.10947916885375514,-0.7150901507383898,False
Philadelphia,42101007800,-75.216037,39.946474,0.2182193666819642,0.12610892385346464,1.164095163958268,False
Philadelphia,42045407502,-75.389706,39.916371,0.08590761988820242,-0.17615523801949878,-1.325693857549983,False
Philadelphia,42101009100,-75.198193,39.959972,0.2951194712760549,0.04015364350324499,0.3462807039622729,False
Philadelphia,42029311401,-75.782084,39.996505,0.1689217464081462,0.2660994489384865,0.8382862561544173,False
Philadelphia,42029305400,-75.833394,39.981559,0.3849282296650718,0.275478201079872,0.8767495208601216,False
Philadelphia,42029304101,-75.696888,40.010918,0.10402833111996458,0.25988494259551326,0.8010589227492573,False
Philadelphia,42029304201,-75.740101,40.002747,0.10050943136444995,0.25812944787504566,0.8015590038583805,False
Philadelphia,42045409902,-75.403642,39.97836,0.021501706484641638,-0.41034966376691323,-2.4528494599950235,True
Philadelphia,42029302204,-75.604228,40.015178,0.04348518636508442,0.48164744746465893,1.41280770638119,False
Philadelphia,42029304102,-75.714504,40.001995,0.09662122110254891,0.2486779315863701,0.7993129371703254,False
Philadelphia,42029302802,-75.559314,40.007304,0.008164040250617049,0.2573279396836321,0.7664782110496504,False
Philadelphia,42045403002,-75.294478,39.912838,0.24619199433227063,-0.060195011331811564,-0.5367601589331038,False
Philadelphia,42029302804,-75.533285,39.986318,0.01988274279887841,-0.22699591165313626,-1.226786422786847,False
Philadelphia,42029304000,-75.684616,40.019218,0.057206537890044575,0.27495698007201763,0.8507655610216391,False
Philadelphia,42045410100,-75.521683,39.919991,0.039831981460023175,-0.2545765016642936,-1.843597509040094,False
Philadelphia,34025811900,-74.544692,40.156937,0.02213666987487969,0.14094276720865803,1.1339437303394915,False
Philadelphia,42045410000,-75.45949,39.955901,0.018678496381041326,-0.4081023147696228,-2.416592828756197,True
Philadelphia,42029302202,-75.636044,40.032725,0.03614457831325301,0.3345506225171557,1.007854301616153,False
Philadelphia,42029302500,-75.606532,39.955001,0.04563439725666051,0.04462539047627182,0.2805569609356932,False
Philadelphia,34011040901,-75.056681,39.513168,0.138174127599577,0.6257796707762604,3.206205999629376,True
Philadelphia,42045408002,-75.369841,39.954119,0.025097360450021637,-0.23641807332054068,-1.9160351678697962,False
Philadelphia,42045409601,-75.34171,40.017341,0.034482758620689655,-0.30883407880222735,-1.9975941543368934,True
Philadelphia,42029300400,-75.517719,40.034846,0.026323486399532026,0.7849962307752519,1.4700361521411767,False
Philadelphia,42045408101,-75.358742,39.986842,0.028704422032583398,-0.32226229482060104,-2.2281626577565965,True
Philadelphia,42029305600,-75.816539,39.981251,0.5275198938992043,0.2719761384204894,0.8795115412045736,False
Philadelphia,42045408103,-75.344514,39.964877,0.037513873473917866,-0.2594877821720533,-2.1083197166521863,True
Philadelphia,42045408102,-75.355619,39.974562,0.015181332583637897,-0.2922415816931732,-2.2472274587186694,True
Philadelphia,42029302400,-75.612989,39.960898,0.12477718360071301,0.08489378371761114,0.5134125638052761,False
Philadelphia,42029305500,-75.814396,39.986551,0.5039030955585464,0.2710144157737703,0.8677511296376749,False
Philadelphia,42029302705,-75.563799,39.96367,0.06164383561643835,-0.11440131776953699,-0.7346878923126575,False
Philadelphia,42045407901,-75.404567,39.944149,0.017651212049894092,-0.2867288623236293,-1.915746602077625,False
Philadelphia,42045407805,-75.319584,39.918428,0.04731308411214953,-0.07757888172173127,-0.6868137959659517,False
Philadelphia,42101009000,-75.190453,39.959803,0.0938393553418248,-0.026622772647460727,-0.22832767387757205,False
Philadelphia,42091201201,-75.245374,40.196778,0.036762434352795796,0.29322281211924234,2.121052050877441,True
Philadelphia,42029300202,-75.441419,40.02428,0.0037306804050453012,-0.13715630046679428,-0.46510255971399256,False
Philadelphia,42029302902,-75.576355,39.934414,0.027703023587145797,-0.09359107117422945,-0.6372188915691216,False
Philadelphia,42017105510,-74.875594,40.212841,0.038805402320715235,-0.0026412791497873594,-0.01996023430977222,False
Philadelphia,42029310400,-75.601562,39.951817,0.11511375947995667,0.02431554006503441,0.1545413253591642,False
Philadelphia,42029301800,-75.659164,40.123546,0.010197960407918417,0.46426205117571584,1.4395204891502085,False
Philadelphia,42029302203,-75.63,40.007088,0.04737031700288184,0.3396141716848717,1.1030972074968863,False
Philadelphia,42091205300,-75.297891,40.008576,0.26453357368183866,-0.21100840180687563,-1.4953703456201262,False
Philadelphia,42091205100,-75.313581,40.023539,0.11741093828399397,-0.2392835946759896,-1.5755023468621205,False
Philadelphia,42091203000,-75.228126,40.123183,0.05144694533762058,-0.08780800985779938,-0.6882845926581627,False
Philadelphia,42091204500,-75.250122,39.999465,0.06054530874097835,-0.07136767831058523,-0.5579706743334611,False
Philadelphia,42029302706,-75.583703,39.952719,0.041036269430051814,-0.03334832738775813,-0.215397957714373,False
Philadelphia,42101031300,-75.070237,40.039981,0.2238403451995685,-0.08503172714507229,-0.778767035542228,False
Philadelphia,42029300104,-75.453499,40.050808,0.017632714312511726,0.2220865713060052,0.5211946547417384,False
Philadelphia,42029302600,-75.597701,39.957611,0.14900888585099112,0.039982051521669455,0.24851204285275427,False
Philadelphia,42045410601,-75.321694,39.89143,0.028105167724388033,-0.025072325968816252,-0.2158211556170703,False
Philadelphia,42029304502,-75.712149,40.068106,0.01248,0.39334935891420947,1.2416545379162442,False
Philadelphia,42029304501,-75.695264,40.093478,0.012240437158469945,0.45218006343602474,1.459554898375445,False
Philadelphia,42029302000,-75.561249,40.086366,0.018663556073987668,0.2873374486482161,0.6518092390092126,False
Philadelphia,42091206104,-75.470837,40.175412,0.04291518537328593,0.8658386240300471,2.103296582644841,True
Philadelphia,42029300101,-75.425854,40.084494,0.015720243824189926,0.08114649744001955,0.22082773398079153,False
Philadelphia,42045409803,-75.395606,40.041997,0.03405657786322439,-0.311570493076043,-1.5658712508246653,False
Philadelphia,34007608404,-75.025692,39.765386,0.2664792252421118,0.18934887570861197,1.051436911430334,False
Philadelphia,42029303801,-75.705264,39.955882,0.018330388692579504,0.1483717326041743,0.6946637152708588,False
Philadelphia,42101033200,-75.048024,40.043395,0.0750303766707169,-0.04452703387425012,-0.34438248595976223,False
Philadelphia,42045406903,-75.438402,39.863837,0.024586939417781273,-0.1929900313380121,-1.1565256068365422,False
Philadelphia,42045406803,-75.456275,39.837229,0.1215395823215153,-0.15067377159589512,-1.02111033697099,False
Philadelphia,42045403702,-75.298823,39.864489,0.025979744605900485,0.016291170490721738,0.13369044634574975,False
Philadelphia,34015501201,-75.067638,39.770314,0.04609752038608753,0.14976034248570175,0.8448265491455317,False
Philadelphia,34015501202,-75.08353,39.755869,0.024824952259707194,0.21678291582317483,1.1974676515469183,False
Philadelphia,10003011201,-75.540534,39.821017,0.06278397356464271,-0.10238626043249452,-0.8117127382597592,False
Philadelphia,42045406902,-75.414827,39.865609,0.02115417160264004,-0.1735217331131385,-1.0483797240813717,False
Philadelphia,42045404103,-75.313853,39.875257,0.03987286911297313,-0.0013644450343079785,-0.011433413065015333,False
Philadelphia,42045407000,-75.472914,39.891648,0.03382809803244736,-0.2792938761088375,-1.952914154657488,False
Philadelphia,10003014200,-75.722076,39.689419,0.071875,0.2799459333969092,2.271916562734399,True
Philadelphia,42045407401,-75.374425,39.912201,0.09855072463768116,-0.13373892380693034,-1.0798403446588678,False
Philadelphia,42045410700,-75.373838,39.840454,0.7019906323185011,-0.07071810150547606,-0.4936833931561857,False
Philadelphia,42101001600,-75.147684,39.940081,0.03264540337711069,-0.19915311515142747,-1.6126289410812984,False
Philadelphia,42029307100,-75.887715,39.864611,0.012924071082390954,0.48374084915491317,2.1095210784645015,True
Philadelphia,42045407202,-75.431637,39.905106,0.03840084166228301,-0.2711262342358602,-1.4699491191051643,False
Philadelphia,34007607100,-75.081579,39.849608,0.024051309460181722,-0.2255512938121625,-1.1913076196098016,False
Philadelphia,42071014202,-76.009682,40.000211,0.014219633373308206,0.32205940684429063,1.0246181226641533,False
Philadelphia,10003014810,-75.726497,39.592259,0.2530001411831145,0.26793252984338145,2.208982716096065,True
Philadelphia,42101016600,-75.153755,39.988589,0.6376496191512514,-0.2809753763276607,-2.3105796926987563,True
Philadelphia,42045404400,-75.358505,39.868172,0.5719225449515906,-0.04915105382022024,-0.3837578730249109,False
Philadelphia,10001043202,-75.429197,39.059594,0.0738850080601827,0.47718309966938377,2.406701691724532,True
Philadelphia,42045410400,-75.491415,39.843953,0.017651974096511387,-0.17537572896450093,-1.340172849240533,False
Philadelphia,42045405000,-75.367822,39.85024,0.8169084542271136,-0.058018678717137145,-0.4201962142538038,False
Philadelphia,42045406402,-75.394912,39.844175,0.7584985835694051,-0.11013853257467998,-0.7270140640275178,False
Philadelphia,42045410302,-75.528152,39.860499,0.016431219316701735,-0.17095285666541904,-1.361647252946236,False
Philadelphia,42101001001,-75.151562,39.945137,0.023387905111927832,-0.22181084913862467,-1.803978252365466,False
Philadelphia,42045407600,-75.349105,39.901346,0.05437884933153072,-0.06787085668660449,-0.5831682521351105,False
Philadelphia,42045403602,-75.294476,39.883121,0.036816459122902004,-0.0026005738572613167,-0.022079865415155605,False
Philadelphia,10003011300,-75.50492,39.810028,0.07798573975044563,-0.10825159329601275,-0.8147172492443135,False
Philadelphia,42045406300,-75.380622,39.856614,0.45436766623207303,-0.08664645591118607,-0.6028562426951857,False
Philadelphia,42045404004,-75.312829,39.903521,0.04393564356435643,-0.04057635048179612,-0.3541051348534923,False
Philadelphia,42091204008,-75.300741,40.088463,0.06835443037974684,-0.1005975347678202,-0.659021702985488,False
Philadelphia,42045410800,-75.376293,39.884356,0.05634140493886358,-0.09433549240507547,-0.6999091662097107,False
Philadelphia,42045404800,-75.350714,39.858461,0.6702025072324012,-0.03309444828462321,-0.2602444441988709,False
Philadelphia,42045407801,-75.348051,39.923496,0.023301824576830072,-0.10823421669182731,-0.9443740775613272,False
Philadelphia,42029300106,-75.45836,40.075198,0.029590017825311943,0.25346881399676713,0.6100646228299806,False
Philadelphia,10003001400,-75.566749,39.751603,0.28530670470756064,0.0680414741988304,0.537230626413934,False
Philadelphia,42029308102,-75.992891,39.762458,0.027260926006057985,0.5458560043975812,3.059667648562295,True
Philadelphia,10003011202,-75.516436,39.83219,0.07019735198601049,-0.14022092207370884,-1.1064105190153473,False
Philadelphia,34015501404,-75.124536,39.712156,0.13270777479892762,0.3771319482259986,2.017556707002397,True
Philadelphia,34007611000,-75.121531,39.896332,0.07831420034596635,-0.04824718799405996,-0.29032497912391164,False
Philadelphia,10003011700,-75.556027,39.794157,0.020892018779342724,-0.036794713569460534,-0.2916199159664025,False
Philadelphia,42045406202,-75.394296,39.875515,0.05662603224537947,-0.13491452292851527,-0.9046389812743917,False
Philadelphia,42091201410,-75.209507,40.160641,0.04780564263322884,0.04245152591018977,0.330296181607966,False
Philadelphia,42045406401,-75.393696,39.854131,0.7781109445277361,-0.11648369037160121,-0.7760249196133849,False
Philadelphia,42029304403,-75.634132,40.057483,0.04227113556778389,0.32759446725257824,1.0032198552646263,False
Philadelphia,42045406700,-75.423374,39.825756,0.2148905109489051,-0.11472469323457646,-0.7440861495899203,False
Philadelphia,10003010800,-75.52414,39.777161,0.10988323603002502,-0.02571169760226043,-0.1896436710357295,False
Philadelphia,42091201204,-75.237414,40.168071,0.1983398864132809,0.14019593149484041,1.0583516695633153,False
Philadelphia,10003013300,-75.660556,39.728736,0.041426324069218666,0.19630357506810028,1.6304012381590238,False
Philadelphia,42045401101,-75.292599,39.959591,0.20710823909531503,-0.1901412871523007,-1.661641261012077,False
Philadelphia,42045407802,-75.338768,39.93841,0.02004421518054532,-0.1475578223102244,-1.2984227131729034,False
Philadelphia,42029311100,-75.631891,39.87091,0.01109391124871001,-0.03994489336469336,-0.29287078896291974,False
Philadelphia,42029306700,-75.822909,39.765193,0.013760433115271826,0.4567662699489599,3.357869235767384,True
Philadelphia,34015502400,-75.353704,39.762023,0.11083333333333334,-0.03581209698422247,-0.24044114161467378,False
Philadelphia,42029302805,-75.543896,39.969955,0.05108982368457587,-0.21933465381188216,-1.298691634262749,False
Philadelphia,42045403901,-75.321013,39.87755,0.06862186788154898,-0.010350705547032796,-0.0875408196454224,False
Philadelphia,42045401502,-75.3053,39.91876,0.25733740314627845,-0.07537552791254182,-0.670468514461023,False
Philadelphia,34015500500,-75.275151,39.823158,0.04067520846044336,0.03768517121011641,0.2927411964212899,False
Philadelphia,34007605100,-75.110161,39.893058,0.020058503969912243,-0.05736865525702878,-0.33820706772391324,False
Philadelphia,42029301000,-75.561465,40.132511,0.01900726392251816,0.472944344794606,1.1402710649581786,False
Philadelphia,42045405200,-75.383089,39.842583,0.9010649261422191,-0.0890400766919544,-0.6045303384593352,False
Philadelphia,42045407404,-75.361818,39.888474,0.04673202614379085,-0.07030215370634715,-0.5641641322569289,False
Philadelphia,42045401000,-75.302413,39.951547,0.19642857142857142,-0.1810412262898829,-1.6089203103357144,False
Philadelphia,42045408001,-75.375808,39.974363,0.008001255098839033,-0.31736776575105236,-2.355014120379603,True
Philadelphia,42045406100,-75.377914,39.867009,0.17966393795777683,-0.08328665006897687,-0.5885931209808549,False
Philadelphia,34015501101,-75.131247,39.847534,0.19085768143261075,-0.03981849080778963,-0.22298833728297632,False
Philadelphia,42045401302,-75.303133,39.944753,0.19230769230769232,-0.15984040585919146,-1.433405823991404,False
Philadelphia,10003011203,-75.479143,39.82509,0.20915712799167535,-0.14105498551917356,-1.0254043356800897,False
Philadelphia,42045404700,-75.357993,39.860999,0.38882063882063883,-0.04451457448779497,-0.3438499175241292,False
Philadelphia,42045401200,-75.31838,39.949963,0.11825613079019073,-0.1862840023689249,-1.6332586947496086,False
Philadelphia,42029307700,-75.946514,39.895119,0.0073200488003253355,0.4628322691242863,1.820053419014995,False
Philadelphia,42029303401,-75.711225,39.840811,0.035513103110457994,0.1559040025067485,1.2844085653570465,False
Philadelphia,42029311200,-75.756624,39.90921,0.0078089113458888375,0.22258995209670696,1.1809361280348973,False
Philadelphia,10003010400,-75.48014,39.793109,0.11457198867349161,-0.08614406880826592,-0.6046042500822602,False
Philadelphia,42045405100,-75.375279,39.84658,0.8824884792626728,-0.07406019607050426,-0.5289201938467327,False
Philadelphia,42101008400,-75.235385,39.957532,0.8807200173498156,0.08635586687459514,0.6801653866280029,False
Philadelphia,34007610800,-75.050882,39.97896,0.24817518248175183,0.055582983729210465,0.3290276837262277,False
Philadelphia,42101011800,-75.236728,39.98688,0.8909124021125479,-0.02081571614183028,-0.16946444416630757,False
Philadelphia,42101010400,-75.219408,39.966578,0.874895046179681,0.12410724874040466,1.0458856229827997,False
Philadelphia,42101011200,-75.233687,39.973715,0.9228295819935691,0.05221940201703718,0.4211698919474009,False
Philadelphia,42101014600,-75.155157,39.976313,0.3398421826935937,-0.2647770684520192,-2.1455490541141837,True
Philadelphia,42091205805,-75.372243,40.097534,0.04298245614035088,-0.1004983989627924,-0.3305561600271578,False
Philadelphia,34005701102,-74.819207,40.051519,0.26404199475065615,-0.13946055140744118,-1.2074456346503715,False
Philadelphia,42045404101,-75.344372,39.884856,0.06989748369058714,-0.04180092198644338,-0.3496221701362973,False
Philadelphia,10003013501,-75.662547,39.773712,0.030223208096492444,0.14970916367528167,1.2630063819971475,False
Philadelphia,10003013503,-75.694831,39.780377,0.032914102221032915,0.1930629375223068,1.6222603545512067,False
Philadelphia,24025305300,-76.233199,39.634719,0.03673272112131464,0.4921505549406628,2.499271263124344,True
Philadelphia,42101031102,-75.083449,40.03663,0.481810307492421,-0.11848765397664218,-1.131984031111427,False
Philadelphia,42045407806,-75.335864,39.908197,0.05080693365212194,-0.0635298278645055,-0.5564842380041621,False
Philadelphia,34007603100,-75.050994,39.949952,0.11047120418848168,0.049208078917790485,0.28118402600489867,False
Philadelphia,10003014906,-75.668157,39.640947,0.47536991946057316,0.24462914144097453,2.024557147234045,True
Philadelphia,42045400801,-75.27268,39.952957,0.7644768856447689,-0.13753485222790413,-1.2065458344207014,False
Philadelphia,42045401104,-75.30078,39.961267,0.14979291302346986,-0.21708444306542277,-1.840126575656457,False
Philadelphia,42101001002,-75.146493,39.944216,0.05654697914427005,-0.20542063745299,-1.6826685926154332,False
Philadelphia,34033021500,-75.508322,39.669734,0.03826384922901199,0.1587153718413247,1.176149691325635,False
Philadelphia,34007606800,-75.072779,39.86645,0.02601010101010101,-0.25346390846016564,-1.3523812260530406,False
Philadelphia,42029311500,-75.825281,40.131095,0.014521083496230103,0.5232265164337437,1.7082698913357102,False
Philadelphia,42045403800,-75.307816,39.886134,0.0777967947720554,-0.009951683690921932,-0.08447407336512927,False
Philadelphia,10003015200,-75.584773,39.695163,0.24831402386304685,0.17063561106371244,1.3748101787572682,False
Philadelphia,42101037800,-75.111041,39.979818,0.041858518208455424,-0.1463200929491665,-1.255206345484563,False
Philadelphia,42101006700,-75.225476,39.923809,0.7706040268456376,0.045910786855682895,0.43047711993122584,False
Philadelphia,34007603602,-75.004144,39.897448,0.009919877909194963,-0.40012811979423557,-1.9447603180424935,False
Philadelphia,42091206202,-75.539703,40.182321,0.08404880253050158,0.8891623041223546,2.1556509184854757,True
Philadelphia,42101014500,-75.148331,39.976543,0.47240618101545256,-0.28347201320364374,-2.362993166792147,True
Philadelphia,42045407700,-75.326576,39.911153,0.21814254859611232,-0.060567284998788225,-0.5293266143425355,False
Philadelphia,42101011400,-75.243744,39.978986,0.9050632911392406,-0.005062618828641503,-0.04141998555168863,False
Philadelphia,10003013612,-75.692994,39.758311,0.03702500811951932,0.21283817365601812,1.7596393326292343,False
Philadelphia,42045400700,-75.27186,39.959968,0.3697339246119734,-0.13996472662189044,-1.1974109719273278,False
Philadelphia,34011041000,-75.002443,39.43734,0.07980782063259041,0.6447155501998101,3.2557140107002702,True
Philadelphia,42045403200,-75.287693,39.922356,0.3685202639019793,-0.08751123025374187,-0.7930097002788475,False
Philadelphia,42091208604,-75.533306,40.204269,0.04323458767013611,1.0575299347020077,2.5699200897975003,True
Philadelphia,42101031000,-75.07479,40.049243,0.214560968896229,-0.10479069579021844,-0.9833047488941807,False
Philadelphia,42091203804,-75.358065,40.119078,0.31317243384704857,0.05624283873739062,0.15099341027765203,False
Philadelphia,10003011206,-75.526388,39.818221,0.043991664737207684,-0.10855665146228445,-0.8480918867268215,False
Philadelphia,42101017800,-75.116315,39.991662,0.23871277617675313,-0.2279089775208759,-2.0487102868917524,True
Philadelphia,42091206801,-75.334472,40.198372,0.038097886540600666,0.7309587464118383,2.1553185472978624,True
Philadelphia,10003016904,-75.602978,39.340278,0.3620801033591731,0.24126211903746875,1.9474744529049268,False
Philadelphia,42091200307,-75.115754,40.153422,0.13227044582226158,-0.14835486046930363,-1.3248324694687321,False
Philadelphia,42045404300,-75.343876,39.860303,0.20699471329808866,-0.025683502648617077,-0.20677588083487747,False
Philadelphia,34007603200,-75.034886,39.940224,0.10923496557994544,-0.13851718446206543,-0.7815678507172781,False
Philadelphia,10003013904,-75.68102,39.654404,0.2622207099920608,0.24886685171207323,2.0588837418125245,True
Philadelphia,10003013700,-75.7107,39.696815,0.20682878899533283,0.269453879354554,2.1834415117924886,True
Philadelphia,42045409802,-75.371985,40.049916,0.037961869411169226,-0.31359487220260657,-1.7726110906526078,False
Philadelphia,42101008102,-75.23465,39.952232,0.8885578069129917,0.09181593363567353,0.7280667702617649,False
Philadelphia,34005703700,-74.754032,39.811623,0.012229102167182662,0.32326644284429396,2.6504195796134145,True
Philadelphia,34015501703,-75.02912,39.564313,0.07476841640935157,0.5995035008216557,3.1215746403569455,True
Philadelphia,10003010104,-75.462484,39.795222,0.35718232044198894,-0.0904830325309838,-0.6168598051003007,False
Philadelphia,42045402800,-75.269925,39.90818,0.6988693049551048,-0.04767328143071368,-0.4359849629968941,False
Philadelphia,42045401402,-75.291944,39.938189,0.34421437271619976,-0.1350113676041644,-1.216015273819596,False
Philadelphia,42045400302,-75.259735,39.946756,0.7115430765538757,-0.09570130064380725,-0.8415968764662743,False
Philadelphia,42045403101,-75.283163,39.913004,0.48628987129266926,-0.061710781553146854,-0.5554248382072771,False
Philadelphia,42101012100,-75.222438,39.997038,0.645367412140575,-0.1329733769961478,-1.0148199053055815,False
Philadelphia,42101002802,-75.161189,39.928915,0.012837209302325582,-0.18861806341649093,-1.4960696274282144,False
Philadelphia,42101006600,-75.231254,39.929186,0.762249443207127,0.04819938665357589,0.43923824483274426,False
Philadelphia,42091206300,-75.458195,40.188033,0.039658933174697604,0.9052690512137068,2.2471103416040394,True
Philadelphia,42091206906,-75.33083,40.226347,0.033356024506466984,0.9397215628097082,2.622000076560569,True
Philadelphia,42045403501,-75.288084,39.89815,0.18164661476763388,-0.02731575627924371,-0.23947017145884328,False
Philadelphia,42045403502,-75.296559,39.902045,0.1648793565683646,-0.032597000718369636,-0.28372763565058734,False
Philadelphia,42101026800,-75.140026,40.056372,0.819823693829284,-0.09877076012045552,-0.8195865767324181,False
Philadelphia,10003011900,-75.60518,39.767194,0.0272892662219527,0.07826504092156875,0.6560688840159026,False
Philadelphia,42045403401,-75.281186,39.897804,0.4520997375328084,-0.026755918394114696,-0.23548815265230325,False
Philadelphia,42045403601,-75.2985,39.890347,0.07666015625,-0.01684090953098733,-0.14574152095622464,False
Philadelphia,42045403402,-75.283709,39.886697,0.4735576923076923,-0.005639368951262111,-0.048400824704554465,False
Philadelphia,42101010300,-75.225428,39.967679,0.8996889580093312,0.1150071567879748,0.9328068227750356,False
Philadelphia,42091203902,-75.33581,40.112561,0.2660481444332999,0.07085756840531598,0.25874917878667264,False
Philadelphia,10003011100,-75.491376,39.804961,0.045968349660889224,-0.10435483609557188,-0.757815662914627,False
Philadelphia,42045401700,-75.260704,39.94384,0.6558585114222549,-0.09696904388927907,-0.8645978792576557,False
Philadelphia,34015501103,-75.09244,39.805117,0.07255577725376383,-0.025151515652810704,-0.1321418633395904,False
Philadelphia,10003010702,-75.508046,39.758615,0.4282132709343139,0.00035095025685705564,0.002492248045610826,False
Philadelphia,42101025400,-75.176437,40.060095,0.8104527938342967,-0.1450079684983284,-1.2771323910262475,False
Philadelphia,34005702906,-74.963751,39.927868,0.0656770130454341,-0.257474378298152,-1.7288828459616379,False
Philadelphia,42101014100,-75.152185,39.970887,0.4957901554404145,-0.2705109894930748,-2.217279793404201,True
Philadelphia,10003012000,-75.627568,39.740005,0.11767420396862022,0.14891239922361088,1.2412380201101305,False
Philadelphia,42101016000,-75.123632,39.979461,0.02611455778386957,-0.24848421617466576,-2.115120002477618,True
Philadelphia,42045402300,-75.250242,39.923571,0.9174836601307189,-0.05377886672080415,-0.500477590134573,False
Philadelphia,42045410602,-75.328344,39.897888,0.04119615223755751,-0.04092898995371124,-0.35730084618432756,False
Philadelphia,42101014300,-75.129692,39.969273,0.027361899845121322,-0.22533382376283206,-1.9296397024705825,False
Philadelphia,34007610300,-75.125236,39.944085,0.39744552967693464,-0.07719905076618844,-0.6264455193352525,False
Philadelphia,24015030602,-75.799339,39.677739,0.17163312693498453,0.3920214828365912,2.9891369927652542,True
Philadelphia,34015501203,-75.061818,39.750424,0.016232771822358345,0.22794545045978845,1.2534263388054172,False
Philadelphia,42101014700,-75.161603,39.978267,0.39761556159799205,-0.23394121470930415,-1.8358096183808779,False
Philadelphia,42101018002,-75.106778,39.983833,0.022982165839308698,-0.12977763724341465,-1.1210447368503544,False
Philadelphia,34005700103,-75.031691,40.008635,0.1269681742043551,-0.02343493958962991,-0.13216299441229273,False
Philadelphia,34007602503,-75.076385,39.939416,0.35940480732544833,0.1388247004746931,0.7764641749254942,False
Philadelphia,34005700605,-74.95882,40.003284,0.047152847152847156,-0.16848383017346277,-1.3512237461080843,False
Philadelphia,34005700602,-74.933674,40.01182,0.08517495395948435,-0.16170224331965782,-1.3198447491274172,False
Philadelphia,34005700603,-74.963057,40.024614,0.13441282817167113,-0.1828590688290347,-1.458020058094566,False
Philadelphia,34005700702,-74.953991,40.034073,0.07567127746135069,-0.18018432011223873,-1.4643176746366688,False
Philadelphia,34005703102,-74.820047,39.955205,0.08884615384615385,-0.09083305600454178,-0.7294002511479932,False
Philadelphia,34005700102,-75.019909,40.000361,0.04943557804593227,-0.07595950191046472,-0.3830038483603161,False
Philadelphia,34005700104,-75.027521,40.003284,0.25902335456475584,-0.035965016678911575,-0.19415776514961364,False
Philadelphia,34005700200,-75.013602,40.009441,0.03328509406657019,-0.11745201520686094,-0.5996356723359145,False
Philadelphia,34005702807,-74.892316,40.046884,0.637245696400626,-0.17428483389407323,-1.4607309549547147,False
Philadelphia,34015500204,-75.184499,39.825815,0.106055851898337,-0.04607215837189077,-0.3259742042677999,False
Philadelphia,34005700303,-74.996749,40.010235,0.1853946397836243,-0.20696988757039406,-1.3459503445222887,False
Philadelphia,34005700307,-74.970168,39.993095,0.03232607167955025,-0.16573990231748578,-1.2819040466657134,False
Philadelphia,34005700306,-74.978259,39.998602,0.02545314307751639,-0.18241659451403777,-1.3756560306605676,False
Philadelphia,34005700305,-74.995316,39.984538,0.029898345624875422,-0.1986417280228157,-1.0988099558865132,False
Philadelphia,34005700304,-75.01383,39.993695,0.05548996458087367,-0.10812125158149295,-0.5048797260924471,False
Philadelphia,34007603400,-74.991455,39.919886,0.0942823187640301,-0.4384933304169097,-2.037590525307737,True
Philadelphia,34007610600,-75.070279,39.931009,0.20287868403015763,0.04604265085129216,0.25911235407774497,False
Philadelphia,34005703802,-74.833844,39.904739,0.021315468940316686,-0.00985618399468294,-0.08020431705106948,False
Philadelphia,42101035200,-74.991991,40.057088,0.051734756723465405,-0.18144899497289896,-1.286784137001865,False
Philadelphia,34005700501,-74.965551,39.957704,0.07363770250368189,-0.14833330840996609,-1.125160544488754,False
Philadelphia,34005700407,-74.983502,39.949153,0.28292046936114734,-0.33201917703253647,-1.8464754042971316,False
Philadelphia,34005700505,-74.921656,39.989048,0.023830935251798562,-0.14242602476257718,-1.16959004592606,False
Philadelphia,34021002500,-74.731004,40.194471,0.16387386198706955,0.0027975273655234177,0.023060591154710642,False
Philadelphia,34015500205,-75.189881,39.844952,0.0746228448275862,-0.10519966270077553,-0.8284253716669632,False
Philadelphia,34005702910,-74.884422,39.938619,0.11043748975913485,-0.09153189316162418,-0.7454094081563116,False
Philadelphia,34005704006,-74.932577,39.887137,0.08112724167378309,-0.16802253656135913,-1.1544050683522424,False
Philadelphia,34007603001,-75.050011,39.956351,0.1279443254817987,0.07694590804233328,0.4417461050854272,False
Philadelphia,34007600800,-75.115409,39.950951,0.2599375650364204,-0.027321778478400435,-0.21435889687886941,False
Philadelphia,34007602602,-75.065178,39.943628,0.21549155908639522,0.10524251129516546,0.5882270725602359,False
Philadelphia,34007603301,-75.018341,39.929787,0.09144001334890706,-0.30585701695100037,-1.5947694520376974,False
Philadelphia,34005702203,-74.675559,39.95445,0.2806909315237508,0.09623609826838231,0.7994544488255435,False
Philadelphia,34005700703,-74.952871,40.037784,0.0749185667752443,-0.18013440149429136,-1.465648697641548,False
Philadelphia,34005702905,-74.937383,39.926518,0.09126819126819127,-0.1318073049752343,-1.0585941143291204,False
Philadelphia,42101029800,-75.067773,40.016198,0.37404580152671757,-0.040204060105176846,-0.33824081687609026,False
Philadelphia,34007604400,-75.072198,39.913236,0.01904761904761905,-0.08009728793839438,-0.442592545322925,False
Philadelphia,34005702806,-74.885247,40.04084,0.6757822771496187,-0.17104109706080867,-1.430678400845542,False
Philadelphia,34015501102,-75.113985,39.842028,0.13609383832673827,-0.08555146873063146,-0.4739180415822765,False
Philadelphia,34005704014,-74.89104,39.907687,0.0451562673784896,-0.06779572852780401,-0.5501012289906665,False
Philadelphia,34005702907,-74.919246,39.923799,0.04162470627727426,-0.09689601921118063,-0.7841503456449261,False
Philadelphia,34007602901,-75.028247,39.963402,0.1458041257760865,-0.03414097869888483,-0.18737882172382808,False
Philadelphia,34007603601,-75.015698,39.88641,0.07137433561123765,-0.38727613439442493,-1.906894977028633,False
Philadelphia,34005702909,-74.926137,39.943858,0.1058580070041388,-0.10353352268336663,-0.8339280306704265,False
Philadelphia,34005701303,-74.777566,40.102045,0.13243587411315264,-0.08602930123947325,-0.7652396853087158,False
Philadelphia,34005700401,-75.002342,39.963408,0.01710654936461388,-0.2380644263789393,-1.1546696813710848,False
Philadelphia,34005700504,-74.938921,39.965377,0.046052631578947366,-0.12301706735866025,-0.9942749694318073,False
Philadelphia,34005700503,-74.951936,39.971381,0.10430247718383312,-0.1313253100323751,-1.050289442906837,False
Philadelphia,34005700502,-74.977571,39.972264,0.02922661870503597,-0.16134135118799994,-1.1511479385165513,False
Philadelphia,42091207101,-75.361531,40.297529,0.012881134844285016,1.2035773047187561,2.9574363971582436,True
Philadelphia,34005701104,-74.879256,40.059923,0.3579587324981577,-0.18439315187925823,-1.5385751607257205,False
Philadelphia,34007602000,-75.104111,39.905393,0.5255322554826317,-0.014585501906876248,-0.08795335688722788,False
Philadelphia,34005702700,-74.820307,40.015029,0.2695976318386142,-0.13548008231257302,-1.1407862683039152,False
Philadelphia,34007609205,-74.904454,39.69792,0.19177018633540371,0.5516195013396177,2.8449227175904883,True
Philadelphia,34005700800,-74.947033,40.051382,0.16666666666666666,-0.18072919661123765,-1.481794287391782,False
Philadelphia,34005700701,-74.961942,40.032244,0.06409841372612496,-0.18360224521071006,-1.4780134523416604,False
Philadelphia,34005702802,-74.873336,40.036461,0.6933497536945813,-0.17071368406344437,-1.4243802888883372,False
Philadelphia,34005702803,-74.868668,40.021677,0.6977236633139227,-0.16282314412701474,-1.3575054728011513,False
Philadelphia,34015500702,-75.146093,39.766613,0.0185500340367597,0.18204035232514285,0.9537612381380755,False
Philadelphia,34005700900,-74.921376,40.063431,0.2613045218087235,-0.1841413259372919,-1.5280605598348769,False
Philadelphia,34007603505,-75.002749,39.865922,0.06595681750961255,-0.3099707048150794,-1.5538802739673525,False
Philadelphia,34011010700,-75.215476,39.479944,0.13590582079790714,0.38888541279705213,1.814547970143588,False
Philadelphia,42101033000,-75.033888,40.034455,0.24461220017046145,-0.03655239645552552,-0.24853454546366485,False
Philadelphia,34007610500,-75.069082,39.961238,0.2659778597785978,0.1438026634877528,0.8514970910654528,False
Philadelphia,34015500703,-75.171561,39.751584,0.028832630098452883,0.14530235459686977,0.8408848041823643,False
Philadelphia,42017100303,-74.863678,40.115412,0.2515576323987539,-0.14241913945018483,-1.2654543516178367,False
Philadelphia,34005702914,-74.869471,39.987967,0.08441706593657312,-0.14178635635261505,-1.1692160565312029,False
Philadelphia,42017100207,-74.944194,40.122177,0.09522711551763892,-0.19709345121890565,-1.5624590213306349,False
Philadelphia,34007611400,-74.977484,39.780478,0.13334788302051506,0.2107778581736789,1.147780459869394,False
Philadelphia,34015500203,-75.174627,39.808488,0.048207922867323415,0.0007164394548010121,0.004744020466757788,False
Philadelphia,34005702208,-74.553246,39.934089,0.12098548174219094,0.22146115931023433,1.7334616744129314,False
Philadelphia,34015501209,-75.090444,39.779849,0.12956354652758714,0.1152191602918903,0.6273401752021055,False
Philadelphia,34015500300,-75.179266,39.866814,0.038995373430270985,-0.11621173313766883,-0.9663907149070871,False
Philadelphia,34015501206,-75.05491,39.737998,0.06536636794939378,0.265937308066071,1.4466728983105606,False
Philadelphia,34007603302,-74.997434,39.934143,0.066898075102556,-0.40636546069132284,-1.9040375718305165,False
Philadelphia,34007608302,-75.074916,39.832954,0.14601769911504425,-0.20609913426639276,-1.0779776225425206,False
Philadelphia,34015501402,-75.109794,39.698284,0.2675184667598323,0.43656920910263997,2.3520298857982844,True
Philadelphia,34015501301,-75.122295,39.733627,0.011156782149148562,0.3112049379761221,1.6560614399093987,False
Philadelphia,34007608304,-75.058249,39.817786,0.09464548878336336,-0.14028949988965858,-0.7530103415096531,False
Philadelphia,34015500600,-75.231051,39.791409,0.05330599692465402,0.07473928337340137,0.5653920012457265,False
Philadelphia,34015501002,-75.149582,39.834014,0.3241344706472654,0.004261782276824038,0.025121637099263464,False
Philadelphia,34015501003,-75.161996,39.837576,0.17212249208025343,-0.03654437332080754,-0.2297998888201942,False
Philadelphia,34007607402,-75.01448,39.84294,0.2087698874660458,-0.2160128506673993,-1.1441176178014367,False
Philadelphia,34015501001,-75.145061,39.847858,0.2165372316126085,-0.024955023578374272,-0.14922800895366503,False
Philadelphia,34015501106,-75.134178,39.79672,0.2434115955917585,0.10071822302732028,0.5336519272578626,False
Philadelphia,34015500201,-75.168286,39.865052,0.031237484981978373,-0.09874539227864983,-0.7643500976003068,False
Philadelphia,34015501104,-75.116259,39.821146,0.07211687907988809,-0.019519060309512306,-0.10516337823742256,False
Philadelphia,34007604700,-75.083754,39.900229,0.0070690592713431215,-0.09948592336872518,-0.5524298528606545,False
Philadelphia,34007603303,-75.007425,39.923515,0.11045909561615465,-0.36673747736052353,-1.8417547679024384,False
Philadelphia,34007606000,-75.052789,39.883351,0.01110550227158001,-0.3081272760363831,-1.6152127204118243,False
Philadelphia,34007603501,-74.972522,39.900706,0.08816914080071975,-0.4131691472368696,-1.9827692133391714,True
Philadelphia,34007605300,-75.120431,39.879877,0.045730027548209366,-0.0826984441935825,-0.4868808386976008,False
Philadelphia,34015501405,-75.105726,39.719995,0.12315400843881856,0.3438394520403099,1.842149025107058,False
Philadelphia,34033022000,-75.462832,39.563974,0.6519916142557652,0.249612171313992,1.830685390740931,False
Philadelphia,34015501107,-75.160128,39.803489,0.034519956850053934,0.03279736366882356,0.2034035723205228,False
Philadelphia,34033021300,-75.404492,39.616402,0.12474576271186441,0.175840807755125,1.1602430044259127,False
Philadelphia,34007608503,-75.004491,39.799293,0.3667591950034698,0.07616137599724639,0.4372232488944671,False
Philadelphia,34005702210,-74.57899,39.982655,0.18885720552752797,0.17317215357331056,1.4063086270460587,False
Philadelphia,42101036700,-75.144424,39.961798,0.09413900414937759,-0.2455991341089577,-2.0867285927530035,True
Philadelphia,34033020800,-75.326698,39.651982,0.10467645459488853,0.1040952060390531,0.7005612752666416,False
Philadelphia,34005701204,-74.854366,40.078137,0.5524079320113314,-0.16826361117381175,-1.4550009184354424,False
Philadelphia,34015500701,-75.180999,39.780238,0.041451430011339295,0.05693405772045968,0.37035269488814315,False
Philadelphia,34015500202,-75.154328,39.852464,0.08218046665290109,-0.03791398068271512,-0.23889317781680347,False
Philadelphia,34033020300,-75.469884,39.724637,0.3728115345005149,0.02908412181925609,0.20112674819814344,False
Philadelphia,34007608303,-75.074138,39.810724,0.10912633972068854,-0.0905291471125831,-0.48204959651289025,False
Philadelphia,34005704004,-74.925974,39.90298,0.060876410390973495,-0.1334524146081055,-1.0585164175800765,False
Philadelphia,34005701105,-74.858655,40.0511,0.30627536684358414,-0.17795973456024547,-1.489873498937217,False
Philadelphia,34015502002,-75.195287,39.724766,0.04946324228835439,0.1548527714449945,0.9147680185912419,False
Philadelphia,34015500900,-75.152397,39.815119,0.03841187863137508,0.03429804631681917,0.20302542100006804,False
Philadelphia,34005702400,-74.713024,40.037954,0.03143297380585516,-0.0005926490162757779,-0.005245605683122683,False
Philadelphia,10003016804,-75.644832,39.426403,0.23722785082992023,0.21467496058631153,1.786153763887112,False
Philadelphia,34007606300,-75.028852,39.894765,0.025010597710894446,-0.3715254580290448,-1.8725138275813105,False
Philadelphia,34015500800,-75.148953,39.792193,0.006570302233902759,0.08345250341461674,0.48357480506894696,False
Philadelphia,10003015400,-75.555008,39.708802,0.7486357435197817,0.13657675417406703,1.0624563784972822,False
Philadelphia,34007610400,-75.120227,39.940418,0.46006178287731686,-0.03244628647271077,-0.2541132115010453,False
Philadelphia,34007611200,-75.02086,39.828534,0.06392896781354052,-0.1386635151456977,-0.7656915022036636,False
Philadelphia,34007600200,-75.107619,39.932043,0.4978678038379531,0.0773647027092742,0.5023641780406511,False
Philadelphia,34007611700,-75.090875,39.886647,0.04565587734241908,-0.1292135294454443,-0.7191475873414033,False
Philadelphia,34007608402,-74.98955,39.761271,0.22680925142999253,0.25011284221061153,1.3354524184457048,False
Philadelphia,34007601700,-75.11101,39.920437,0.5805217391304348,0.03136046901283131,0.2049391375634977,False
Philadelphia,34015502100,-75.24705,39.696464,0.04771723122238586,0.025287228929998087,0.1638979969065216,False
Philadelphia,34005704005,-74.945611,39.905389,0.05704697986577181,-0.22120552907993854,-1.5247364253322941,False
Philadelphia,34015501208,-75.099317,39.744986,0.03184103423509696,0.2656355946798203,1.4417139854969006,False
Philadelphia,34015501204,-75.033321,39.747275,0.03857180088610894,0.24547182706514875,1.3340378165133737,False
Philadelphia,34015501605,-74.942821,39.658185,0.11675005956635692,0.553729285722886,2.9150386992427406,True
Philadelphia,34007607503,-74.937269,39.862477,0.10027972027972028,-0.06440633655281694,-0.3787657247373121,False
Philadelphia,34005704801,-74.608824,40.006523,0.18321273516642547,0.13192342797022036,1.1076127088585763,False
Philadelphia,34005704802,-74.615096,39.999766,0.37587548638132295,0.130580801375422,1.0947131109908488,False
Philadelphia,34015501500,-75.085346,39.658555,0.18950834563415464,0.5194513888350073,2.7683760111717914,True
Philadelphia,34005704008,-74.908669,39.873156,0.024901960784313726,-0.033473041397587534,-0.2627200006108152,False
Philadelphia,42095018002,-75.366775,40.57561,0.014084507042253521,1.0086094806673689,2.0446429182187593,True
Philadelphia,42101008701,-75.210619,39.953422,0.12652403956751782,0.1150694744654185,1.0585101468383993,False
Philadelphia,10003014904,-75.645652,39.652473,0.34579252448530884,0.2298032571737998,1.9013968983452634,False
Philadelphia,42101037200,-75.163318,39.914168,0.05305039787798409,-0.16735159063831295,-1.2671560787942548,False
Philadelphia,34015501302,-75.131424,39.729367,0.010475121586232696,0.3238927347772703,1.6841130739193357,False
Philadelphia,10003016604,-75.697606,39.452464,0.31081956592160676,0.21666345423827407,1.7983428177459804,False
Philadelphia,34007605400,-75.093881,39.87884,0.02250562640660165,-0.14146783721422607,-0.797853829947223,False
Philadelphia,42091200306,-75.086147,40.167209,0.021951864586088336,-0.1498742986419389,-1.2019741007120532,False
Philadelphia,34033021102,-75.110247,39.519749,0.09287410926365795,0.5929863414050255,3.0549134709200914,True
Philadelphia,10003014705,-75.714742,39.66257,0.17518248175182483,0.2757368691106067,2.241637776751788,True
Philadelphia,34007603506,-74.946751,39.888804,0.0399390243902439,-0.2370574867358227,-1.4407870403816556,False
Philadelphia,34015501608,-75.014099,39.705285,0.11775137435715552,0.40243741290355195,2.1637415867849668,True
Philadelphia,34005701401,-74.691801,40.085784,0.10410916896657467,0.007576839837882677,0.0668873209553295,False
Philadelphia,34033020600,-75.459402,39.699351,0.10287168302435477,0.0656475008598752,0.4560992859671718,False
Philadelphia,34007608210,-75.045927,39.79001,0.2760989010989011,0.053812388513247676,0.3040877325193012,False
Philadelphia,34007608211,-75.029027,39.795628,0.29982723417622115,0.044282102218404416,0.2520459599960009,False
Philadelphia,34033021700,-75.504394,39.628905,0.043343653250773995,0.20219667131546376,1.5371577456605094,False
Philadelphia,34007609204,-74.956111,39.707279,0.6777609682299546,0.4599924578516438,2.4353014060282554,True
Philadelphia,34007609201,-74.993545,39.722894,0.40353982300884955,0.3639571254425224,1.9123347478065347,False
Philadelphia,34007609203,-74.976002,39.744334,0.44959884797366795,0.3263675156025857,1.6989488439311748,False
Philadelphia,34007611100,-75.093814,39.868004,0.07228514323784144,-0.16198680991273617,-0.905170650962116,False
Philadelphia,34007608403,-75.011853,39.74758,0.2810116419108792,0.2600383157638869,1.4064698183558686,False
Philadelphia,34015500100,-75.128993,39.867237,0.08888367729831144,-0.06770522001847933,-0.3888840079329048,False
Philadelphia,34005704302,-74.651401,40.129301,0.04350587488091458,0.04690130648404588,0.40218504885807954,False
Philadelphia,42029306900,-75.882526,39.774013,0.014802065404475043,0.5464042575524742,3.4298294238090365,True
Philadelphia,34005703104,-74.793267,39.974088,0.15983920367534457,-0.09004373305618109,-0.7239423502619732,False
Philadelphia,34007603901,-75.054059,39.903232,0.016851704996034892,-0.24582417727340822,-1.3105948854377787,False
Philadelphia,34007603902,-75.066967,39.901481,0.03618628067967275,-0.18361768295737535,-0.9922512257299901,False
Philadelphia,34015501105,-75.13606,39.824787,0.16228351507376523,0.031034496014214392,0.1701728715039483,False
Philadelphia,34007601600,-75.110057,39.926238,0.6401124648547329,0.041633929670426124,0.2797011266617992,False
Philadelphia,34007607000,-75.110657,39.872627,0.03772391991570074,-0.10681926140021852,-0.6245498736844309,False
Philadelphia,34015501212,-75.068563,39.729445,0.1590909090909091,0.294352590716166,1.5897822569213127,False
Philadelphia,34015501210,-75.085203,39.723499,0.04235361000568505,0.3201548869913703,1.733877682461892,False
Philadelphia,34015501403,-75.133425,39.703453,0.1408421489317569,0.4129086089642363,2.208895815833241,True
Philadelphia,34007605700,-75.063647,39.893239,0.02459016393442623,-0.23867445489641506,-1.2715166646572016,False
Philadelphia,34015500400,-75.243122,39.834345,0.35716591349257587,0.038158208185038914,0.302492325098613,False
Philadelphia,34015501606,-74.977524,39.65262,0.15501804089269008,0.5377879707048107,2.8595673749951342,True
Philadelphia,34005703801,-74.800037,39.872784,0.026056826056826056,0.08397128207835503,0.6987525265004373,False
Philadelphia,42045403300,-75.296996,39.929182,0.2714556316479674,-0.10803590514609425,-0.961740266617365,False
Philadelphia,34007605800,-75.075414,39.878115,0.011355815554026153,-0.22528111542730594,-1.2102795413333347,False
Philadelphia,34005704007,-74.90996,39.88784,0.024587873707739592,-0.0842619463560206,-0.6789409107930418,False
Philadelphia,42101006400,-75.240748,39.926799,0.806331061771818,-0.01794819303391479,-0.1624268772434101,False
Philadelphia,34007608700,-74.939179,39.791287,0.04620109493924422,0.2814569744867869,1.4726646417308242,False
Philadelphia,34015501900,-75.152526,39.669337,0.1141500904159132,0.5398001354405072,2.783618142413724,True
Philadelphia,34007608504,-74.99928,39.7857,0.37606060606060604,0.14706818535685487,0.825080247932793,False
Philadelphia,34007607505,-74.943752,39.833299,0.07435344827586207,0.10064146810920149,0.5549125123410446,False
Philadelphia,42045406500,-75.405031,39.831428,0.2940283400809717,-0.11130238549957601,-0.7207603273585053,False
Philadelphia,34007607502,-74.978774,39.849016,0.0633108458744162,-0.11840597224289827,-0.6457687428594175,False
Philadelphia,34007608901,-74.88745,39.771198,0.07059026579219882,0.4869851464551479,2.547682426321941,True
Philadelphia,34007608903,-74.848423,39.767303,0.021793275217932753,0.5638420392999273,3.146514992663283,True
Philadelphia,34007608904,-74.844366,39.726481,0.009893992932862191,0.6401649078949598,3.286934721295866,True
Philadelphia,34007609202,-74.967314,39.717404,0.6014029296472044,0.4182734153805009,2.20254649264146,True
Philadelphia,34015502300,-75.311538,39.746373,0.13980081150866838,0.00086626552992889,0.006070971606135871,False
Philadelphia,34007608401,-74.996738,39.770059,0.11091637456184276,0.2086979367372,1.1508533328483785,False
Philadelphia,34007601400,-75.10032,39.933244,0.7232101076275153,0.10063989830233841,0.6359270477137254,False
Philadelphia,34005703600,-74.716112,39.8534,0.010920897284533649,0.18236196322164924,1.5297360757896235,False
Philadelphia,34007603700,-75.019575,39.908021,0.06760098928276999,-0.3677337766310564,-1.852529064228012,False
Philadelphia,34007606600,-75.044186,39.877268,0.039473684210526314,-0.35409297010698704,-1.7938773870954818,False
Philadelphia,34015501205,-75.032943,39.726367,0.11829474872953134,0.31309477951787484,1.6672603005703897,False
Philadelphia,34007601300,-75.089103,39.941747,0.30656660412757974,0.16193529881299806,0.9321103372710422,False
Philadelphia,34007606200,-75.035349,39.906863,0.007712082262210797,-0.32280927751079613,-1.6684357338881268,False
Philadelphia,34015501604,-74.984025,39.677639,0.15555256789459532,0.49608282992319785,2.645968612819611,True
Philadelphia,34007600700,-75.122274,39.953965,0.2551948051948052,-0.09389741975619306,-0.78789325182089,False
Philadelphia,42045407803,-75.327029,39.926021,0.02304394426580922,-0.10238601212246438,-0.9076722967795343,False
Philadelphia,42017100104,-74.957308,40.093694,0.10724324324324325,-0.19466982150744414,-1.5332430163380202,False
Philadelphia,10003016601,-75.738845,39.483581,0.1997313739432725,0.23395895628579244,1.9482837013523062,False
Philadelphia,34015501609,-75.045533,39.685658,0.19540039708802118,0.44880987235208947,2.42795152484744,True
Philadelphia,34007604300,-75.06555,39.918493,0.03678929765886288,-0.08423050081678782,-0.4718177595593794,False
Philadelphia,34007603800,-75.051221,39.91608,0.01726017441860465,-0.1965167122264275,-1.067623033848854,False
Philadelphia,34015501704,-75.082677,39.618519,0.03427172582619339,0.5679821796637244,2.979259713842954,True
Philadelphia,42101000100,-75.144239,39.952254,0.04058219178082192,-0.21656558097715664,-1.8236736055806466,False
Philadelphia,42017102801,-75.439634,40.426195,0.011255411255411256,1.3980547084356703,3.399372060673338,True
Philadelphia,34007604600,-75.078256,39.904294,0.07747489239598278,-0.10355075853703989,-0.5678265794001431,False
Philadelphia,42029301900,-75.630219,40.083488,0.009443339960238568,0.33586071884893165,1.0298278120330433,False
Philadelphia,34005704700,-74.513477,39.723761,0.018095768374164812,0.5061340733707728,3.2791714040774536,True
Philadelphia,34015501406,-75.105687,39.710448,0.19372822299651568,0.38364824599688335,2.0654885097377056,True
Philadelphia,42101018001,-75.112329,39.981279,0.030985915492957747,-0.1623303951319942,-1.4117448052278876,False
Philadelphia,42091203401,-75.365063,40.134297,0.15374921235034655,0.19807263388051927,0.4616141633878809,False
Philadelphia,42091201603,-75.129825,40.141288,0.36645702306079664,-0.14873694997388792,-1.3471431314962172,False
Philadelphia,42091210400,-75.206626,40.094543,0.1419328750505459,-0.18451183521917602,-1.4887955287427739,False
Philadelphia,10003011800,-75.611805,39.800159,0.025167444692510657,0.02129260612382719,0.1771664965280509,False
Philadelphia,42101013500,-75.16993,39.969803,0.19567262464722485,-0.19209269521271066,-1.5024305490496668,False
Philadelphia,42091203403,-75.378118,40.1239,0.07945796119494919,0.12286649172462917,0.29838902792042704,False
Philadelphia,42017101607,-75.073447,40.183043,0.025027502750275026,-0.1600283156172273,-1.0204457631748605,False
Philadelphia,42101032000,-75.055595,40.026567,0.2273781902552204,-0.040280524570941605,-0.3185010916350181,False
Philadelphia,24029950100,-75.84855,39.312916,0.07565882686313403,0.24152136680511743,1.9033266693432065,False
Philadelphia,42101000300,-75.174162,39.957194,0.06665185514330149,-0.16794636875460783,-1.367575340290015,False
Philadelphia,42091206904,-75.328286,40.254014,0.050348953140578266,1.0858867290139265,2.786167772588039,True
Philadelphia,42091201004,-75.30001,40.229347,0.06146491377838484,0.7591488434995723,2.873465458161399,True
Philadelphia,42091206102,-75.480259,40.143261,0.039716161830120736,0.6700292291821252,1.5526086187176003,False
Philadelphia,42091203500,-75.327499,40.119063,0.36307934014139825,0.1424316574585509,0.5179014855364168,False
Philadelphia,42091203602,-75.333535,40.127549,0.3098835769135497,0.17456149074193641,0.5609996786627494,False
Philadelphia,42101000600,-75.159432,39.949785,0.0466119982736297,-0.23471399321204373,-1.8959806055660438,False
Philadelphia,42091200605,-75.212698,40.232177,0.05334394904458599,0.2574655626358711,1.8998370199029764,False
Philadelphia,42091200602,-75.249335,40.235413,0.06327573618885374,0.4117079395720801,2.738675408757533,True
Philadelphia,42091202100,-75.130714,40.095815,0.07310870947234584,-0.11178733769556624,-0.9502621156083194,False
Philadelphia,42045409400,-75.32933,39.972366,0.04643962848297214,-0.29719767156567195,-2.2896814118225994,True
Philadelphia,42101000200,-75.156331,39.955497,0.07454707454707454,-0.2478647948169523,-2.0158494520960293,True
Philadelphia,42091208603,-75.548946,40.224912,0.04622425629290618,1.147513325888619,2.751759905665682,True
Philadelphia,42091202402,-75.131131,40.063423,0.43776477708291306,-0.11537749083794854,-0.9231484494747968,False
Philadelphia,42091200308,-75.124093,40.149471,0.10181644359464627,-0.152357320446542,-1.3808841213863898,False
Philadelphia,42091203204,-75.291507,40.176406,0.04925170068027211,0.28937042405559926,1.760574622711035,False
Philadelphia,42091201100,-75.275105,40.211211,0.04786923525977817,0.4677563393730609,2.7451593454610754,True
Philadelphia,42017105004,-74.998532,40.194784,0.0067209055535903785,-0.25083129130334175,-0.6192616077933126,False
Philadelphia,42091206004,-75.413815,40.154821,0.14877355136864556,0.5645811109564637,1.3814318002336357,False
Philadelphia,42045409702,-75.340688,40.035216,0.04864311315924219,-0.2930835574988838,-1.8971411774389095,False
Philadelphia,42101014200,-75.141872,39.967231,0.06114364450568378,-0.263782940029368,-2.225186538326757,True
Philadelphia,42017101802,-75.181477,40.261594,0.015062111801242235,0.18065318379546536,1.2229737835163055,False
Philadelphia,42091201800,-75.12555,40.106455,0.08409658617818484,-0.12286990967018953,-1.1086890246828034,False
Philadelphia,42091203302,-75.345645,40.159046,0.09085041148943036,0.4087304853548656,1.061371578334922,False
Philadelphia,42091205200,-75.298619,40.019302,0.018861334264757248,-0.19180977387837428,-1.2947335447125916,False
Philadelphia,42091210600,-75.298285,40.123371,0.10267857142857142,0.04579882902256873,0.2861537533542071,False
Philadelphia,24015030200,-75.834269,39.522628,0.01380223104556627,0.31150337298876035,2.4764355108760365,True
Philadelphia,42101025700,-75.195792,40.072799,0.32783564814814814,-0.18513007899673234,-1.539334208480338,False
Philadelphia,42091203208,-75.261744,40.136317,0.028700419219606577,0.019216468580962882,0.14145326511950784,False
Philadelphia,42091206007,-75.433967,40.132516,0.03692762186115214,0.4568781836381622,1.0746251027921223,False
Philadelphia,42091206005,-75.393175,40.150746,0.028209684584629052,0.4651842361727131,1.136179910371673,False
Philadelphia,42091210700,-75.439168,40.170231,0.022156084656084655,0.7541887220727095,1.8446701511152548,False
Philadelphia,42017101900,-75.211003,40.290774,0.012226663531624736,0.3522872340205154,1.9347175326417174,False
Philadelphia,42091205809,-75.369667,40.107106,0.04842790025298157,-0.04081702642560277,-0.11397356424936864,False
Philadelphia,24015030501,-75.87226,39.659669,0.026156001868285848,0.4655718824697921,3.4072446887008523,True
Philadelphia,42091201404,-75.18987,40.152092,0.037592440427280195,-0.054360631368601545,-0.42738203133676483,False
Philadelphia,42101038600,-75.207054,40.055892,0.09118086696562033,-0.3050272955245778,-2.311222749802269,True
Philadelphia,42017100403,-74.842985,40.12662,0.33192488262910796,-0.11324439526293316,-1.0129704404248177,False
Philadelphia,42017101401,-75.005928,40.143139,0.011936339522546418,-0.2436696305800563,-0.819625210024876,False
Philadelphia,42017104303,-74.990463,40.364036,0.010717410323709537,0.35690006231983434,1.195354185151714,False
Philadelphia,42101033400,-75.052825,40.053948,0.14613548742427024,-0.06390515475945084,-0.5381306004161879,False
Philadelphia,42101030100,-75.087849,40.020127,0.503620273531778,-0.11223787694766693,-1.0535664234800297,False
Philadelphia,42101037900,-75.097757,39.987919,0.02051571616789008,-0.0791703275722718,-0.6712076033403103,False
Philadelphia,42101005500,-75.246693,39.906756,0.812659148781375,-0.03057865041398543,-0.2960872884082993,False
Philadelphia,42017106200,-75.063747,40.196976,0.015955089378046978,-0.1601512942054847,-0.7648690815212302,False
Philadelphia,42101019200,-75.115577,40.000295,0.1831353609189401,-0.23197185425655384,-2.150459563493044,True
Philadelphia,42101007300,-75.2225,39.944244,0.7084502650452136,0.13713287284144954,1.2015041263667188,False
Philadelphia,42101038000,-75.077507,40.006426,0.11390887290167866,-0.04352002130327917,-0.3735021790071114,False
Philadelphia,42101030700,-75.088603,40.0572,0.3499866417312316,-0.1339544996223322,-1.2674644238973174,False
Philadelphia,42091203105,-75.270738,40.084228,0.03736413043478261,-0.15355896102761873,-1.1516500955005362,False
Philadelphia,42101028100,-75.148723,40.030594,0.87180249851279,-0.23920256781848245,-2.365219671050878,True
Philadelphia,42101017900,-75.112047,39.987473,0.1890442132639792,-0.18483639633319543,-1.6388966590155094,False
Philadelphia,42101028902,-75.115063,40.022872,0.24293037870018191,-0.24450041570513575,-2.424270748302876,True
Philadelphia,42101031502,-75.055227,40.038447,0.09629161399072904,-0.050590964923013244,-0.4078182882573938,False
Philadelphia,42017105807,-74.862814,40.172062,0.08015978695073235,-0.066393705690486,-0.5728769168177151,False
Philadelphia,42101019000,-75.099084,40.009044,0.17640276710222905,-0.15059215212262408,-1.3869110806267833,False
Philadelphia,42017100206,-74.938102,40.136239,0.0832129963898917,-0.19757638805451316,-1.5354750946598497,False
Philadelphia,42091201705,-75.14926,40.105466,0.05938189845474614,-0.11720301876065553,-0.9939882222668616,False
Philadelphia,42101026700,-75.147551,40.054723,0.9256460631706211,-0.08928293142898557,-0.7585994398524133,False
Philadelphia,42101033900,-75.08485,40.067507,0.1577591757887959,-0.12038327577284337,-1.1233471110209483,False
Philadelphia,42101019800,-75.140776,40.010505,0.29967031060211696,-0.2867022445268218,-2.782532867655157,True
Philadelphia,42101033500,-75.064574,40.055246,0.13194114855244424,-0.08399434637178252,-0.7494248709504637,False
Philadelphia,42101020400,-75.152995,40.020124,0.8843381389252949,-0.2701364973325183,-2.6832602092091364,True
Philadelphia,42101028000,-75.153701,40.025523,0.8877990430622009,-0.2605221110490955,-2.5726436411080247,True
Philadelphia,42017101405,-74.987388,40.150929,0.029096699478865083,-0.2586754012928267,-0.8359993434463434,False
Philadelphia,42101029900,-75.07441,40.013724,0.4290664933939788,-0.051029060169802715,-0.4460191046928375,False
Philadelphia,42091205503,-75.27154,39.985054,0.11176470588235295,-0.12320335168940215,-1.0239569999091074,False
Philadelphia,42101027402,-75.124856,40.04044,0.585320818587475,-0.22386573481676825,-2.2756346138406593,True
Philadelphia,42101027401,-75.128371,40.039373,0.5191024863553669,-0.22683665345389628,-2.3103955260421647,True
Philadelphia,42101016300,-75.133257,39.988507,0.16188714153561518,-0.31028117154212576,-2.702498200468284,True
Philadelphia,42101001500,-75.158473,39.941872,0.1195326542840024,-0.21606664426113628,-1.742331307758819,False
Philadelphia,42101010800,-75.198808,39.965282,0.7400914634146342,0.03673127839662851,0.3117923439598677,False
Philadelphia,42101028300,-75.143771,40.026454,0.7836034318398475,-0.2574220273191974,-2.589385839299503,True
Philadelphia,42101026600,-75.148778,40.064944,0.938211889530348,-0.0728976483380702,-0.606800335131478,False
Philadelphia,42101033800,-75.073718,40.062041,0.15258552108194112,-0.10454334153743652,-0.9653441291376764,False
Philadelphia,42101027200,-75.117483,40.047459,0.7657424812030075,-0.19717620106000738,-1.8800102168929185,False
Philadelphia,42101030502,-75.104569,40.045958,0.5202668034889687,-0.18165659754436214,-1.7424551625151743,False
Philadelphia,42101030501,-75.099847,40.042305,0.515045871559633,-0.1731459076753547,-1.67471366759886,False
Philadelphia,42101028901,-75.115697,40.019265,0.19557477110885046,-0.2462711910297284,-2.424315588235355,True
Philadelphia,42101019700,-75.138347,40.015736,0.2649625935162095,-0.28625193787508924,-2.7959281075934594,True
Philadelphia,42101030800,-75.08224,40.054613,0.23705722070844687,-0.12202398273575976,-1.154357088650225,False
Philadelphia,42101031900,-75.063371,40.023038,0.3054743814533411,-0.04681964544237039,-0.3963905464113965,False
Philadelphia,42101035900,-75.018526,40.111941,0.04010445812348443,-0.20746726535877036,-1.0351683157509672,False
Philadelphia,42101013200,-75.156893,39.966023,0.5734244023595156,-0.2524628582552392,-2.0734478850893567,True
Philadelphia,42091201607,-75.122747,40.125552,0.1334628190899001,-0.1367210591859392,-1.2879930354574327,False
Philadelphia,42091200507,-75.152941,40.177946,0.045739579490962745,-0.08286645518075479,-0.6259643401761756,False
Philadelphia,42101031402,-75.06062,40.043275,0.11937541974479517,-0.06767737588614803,-0.5856425298841417,False
Philadelphia,42101031600,-75.058762,40.032707,0.12899390696983207,-0.052716496970446454,-0.4396517715576706,False
Philadelphia,42101030600,-75.094152,40.050097,0.3531223746849622,-0.1510983390918448,-1.4486907484363347,False
Philadelphia,42101034000,-75.073384,40.071019,0.06866374957926624,-0.10493052820782978,-0.9705060293056924,False
Philadelphia,42091200402,-75.101598,40.183307,0.04469646430953969,-0.14151697583987077,-1.0870516081436183,False
Philadelphia,42101035500,-75.027747,40.090559,0.05740987983978638,-0.13149278599469352,-0.8598462558440874,False
Philadelphia,42101036301,-74.967575,40.093495,0.05880822274264897,-0.19662465217288094,-1.4896587047479992,False
Philadelphia,42101028800,-75.124141,40.022171,0.21477299458950835,-0.2666730551287043,-2.6964543151333644,True
Philadelphia,42101029400,-75.085224,40.009891,0.3808948004836759,-0.07920565756967372,-0.7071099373374281,False
Philadelphia,34011010600,-75.271483,39.443388,0.06204756980351603,0.30453333909735203,1.4684076469560823,False
Philadelphia,34007608206,-75.055078,39.844409,0.059422750424448216,-0.27902650573485566,-1.4405904639198275,False
Philadelphia,34021003001,-74.648496,40.172547,0.060283123906473675,0.05275445148807629,0.43843434918748875,False
Philadelphia,34007608001,-75.008006,39.831854,0.16485454011166617,-0.11758018382790184,-0.654026870783173,False
Philadelphia,34011010800,-75.138473,39.466914,0.11001275510204081,0.504164815341462,2.6002903953878245,True
Philadelphia,34011010500,-75.339659,39.440671,0.03216514642342775,0.2940320774747723,1.7310977942664283,False
Philadelphia,34007608600,-74.985016,39.80654,0.2199325590108655,0.09063073171215244,0.511762525454596,False
Philadelphia,42091205808,-75.387907,40.104817,0.062119584675975656,-0.023163028682725437,-0.058498414517953276,False
Philadelphia,42091203203,-75.308308,40.155341,0.08540591271703425,0.23632002723452522,1.205655976151171,False
Philadelphia,42091206106,-75.521067,40.182073,0.03647214854111406,0.9255389659141612,2.2473460749791485,True
Philadelphia,42091206105,-75.497652,40.186317,0.03264910295781477,0.9671802739201047,2.371965038920423,True
Philadelphia,42091206704,-75.420651,40.208169,0.026934097421203437,0.9375305795427724,2.406397555224971,True
Philadelphia,42091200310,-75.097439,40.146995,0.026263297872340427,-0.1357706765040825,-1.2163339711617518,False
Philadelphia,42091206501,-75.467296,40.218314,0.03858210754762479,1.0655141477712877,2.7615241160074784,True
Philadelphia,42091208601,-75.518054,40.24175,0.03329851136066858,1.228092880299816,3.0700251008684742,True
Philadelphia,42017104506,-75.066246,40.35398,0.008849557522123894,0.27699324605973663,0.661126779275574,False
Philadelphia,42091206703,-75.413039,40.231824,0.0217032318943147,1.0302682481876417,2.711938662394361,True
Philadelphia,42011011902,-75.77846,40.241313,0.01878538342768914,0.7840958148553516,2.498452386350191,True
Philadelphia,42045407102,-75.399945,39.895914,0.014810045074050225,-0.1718630660932558,-1.1471156780772631,False
Philadelphia,42045405300,-75.396192,39.839981,0.6227891156462585,-0.10883599350209189,-0.7136459054088465,False
Philadelphia,42101018300,-75.074166,39.998327,0.007165973185390661,-0.01301591130368698,-0.10357997417059482,False
Philadelphia,42045404600,-75.370621,39.861838,0.740868070477009,-0.06622485198275092,-0.48370700740188793,False
Philadelphia,42045404900,-75.357324,39.855877,0.6963696369636964,-0.041352279550175106,-0.31718326292034343,False
Philadelphia,42045404500,-75.36718,39.867229,0.6663135593220338,-0.062373795481772375,-0.46697666320366854,False
Philadelphia,34007607507,-75.000521,39.849989,0.12718805203147582,-0.20358437632974463,-1.0829343838460446,False
Philadelphia,42091207001,-75.384209,40.259667,0.032013897505894034,1.1314195225765258,2.9359524429681554,True
Philadelphia,42101025800,-75.182601,40.073771,0.8743235117257967,-0.13442607685713312,-1.1564817708095179,False
Philadelphia,42017100807,-74.9052,40.182912,0.041028059419948124,-0.07614052010032084,-0.6320544939928098,False
Philadelphia,10003016301,-75.675979,39.619584,0.2720379146919431,0.25088712030173826,2.074280613564861,True
Philadelphia,10003014903,-75.690755,39.626843,0.4138492871690428,0.25547110198428813,2.1169767738894123,True
Philadelphia,10003016302,-75.645433,39.629736,0.39325537122654336,0.23618686453912618,1.9574199608631886,False
Philadelphia,10003014909,-75.626888,39.659578,0.5119624959586162,0.2173418080735051,1.7920394055514675,False
Philadelphia,10003012400,-75.600824,39.736144,0.13306016821220618,0.12661334519192513,1.050129488018433,False
Philadelphia,10003012500,-75.589694,39.730185,0.142226148409894,0.1265296155960204,1.0350910237011859,False
Philadelphia,10003014501,-75.747539,39.686104,0.13402061855670103,0.3098778406096528,2.482762317143481,True
Philadelphia,42029306501,-75.750953,39.784351,0.028516191396810053,0.31977028627316095,2.5494434631325698,True
Philadelphia,10003013903,-75.69336,39.641552,0.2970954356846473,0.2553302690732165,2.1189568589123984,True
Philadelphia,10003014703,-75.72485,39.669356,0.1564118500103584,0.2817458704895057,2.2948447703463404,True
Philadelphia,10003015100,-75.581058,39.678938,0.2020033388981636,0.18538337404567187,1.4912946800110267,False
Philadelphia,10003002600,-75.566705,39.740057,0.4865951742627346,0.09160921662628098,0.7218152807549159,False
Philadelphia,10003012700,-75.62208,39.715827,0.11520947176684881,0.1712253141389464,1.418414622868043,False
Philadelphia,10003014809,-75.699846,39.59592,0.32607655502392346,0.2563730191322025,2.1241473246731193,True
Philadelphia,10001040201,-75.626122,39.295492,0.24127800220345208,0.24558779201461997,1.935167927774777,False
Philadelphia,34029734001,-74.277417,39.765553,0.02564102564102564,0.41609622837698285,2.5033823500325716,True
Philadelphia,34005702204,-74.670566,39.976006,0.22015281757402103,0.08685741556100125,0.7338211406114431,False
Philadelphia,34005702915,-74.875176,39.961964,0.20130780009341429,-0.11890224522328141,-0.9754174387791676,False
Philadelphia,34005704011,-74.891668,39.8097,0.024251497005988023,0.3649722775397391,2.0630792915591116,True
Philadelphia,34005701700,-74.709221,40.147084,0.08014024542950163,-0.0057057053741204735,-0.04916204574567778,False
Philadelphia,34005703804,-74.837883,39.84531,0.012887304633945709,0.17764344224564566,1.5064750572959216,False
Philadelphia,34005704013,-74.905415,39.90045,0.042751282538476154,-0.08553601563190638,-0.6943191007171753,False
Philadelphia,34007607600,-74.969931,39.836394,0.03380539058931019,-0.014693869585438352,-0.08123464565119262,False
Philadelphia,34007609103,-74.909144,39.758429,0.215433515804344,0.4478544292933862,2.318827762470686,True
Philadelphia,34007603504,-74.994701,39.873326,0.0625,-0.3282809181423973,-1.6169820732145495,False
Philadelphia,34005703803,-74.837501,39.875954,0.008297115764519953,0.05651794918798606,0.4695692493606978,False
Philadelphia,34007608800,-74.930394,39.80665,0.08232486790523266,0.2579826003632616,1.3727389440922044,False
Philadelphia,34005704012,-74.879213,39.850449,0.04586530264279625,0.13087459891072445,1.0395020183038792,False
Philadelphia,34005704009,-74.875476,39.880271,0.0826003003647286,0.003290602548451786,0.027607783661219278,False
Philadelphia,42101002702,-75.149694,39.927656,0.02788191190253046,-0.1851942872074835,-1.4139658051707749,False
Philadelphia,34005702917,-74.863231,39.966457,0.1281657712970069,-0.12148118845541052,-0.9926789915848466,False
Philadelphia,34005703000,-74.834572,39.977401,0.07174813587406793,-0.12436029097458728,-1.0182424373103143,False
Philadelphia,34015502001,-75.236526,39.740155,0.054122890799108564,0.05038094312938622,0.3539371935737333,False
Philadelphia,34007607504,-74.920753,39.828622,0.052618697993147334,0.20267805990408516,1.1302976709541868,False
Philadelphia,42091200401,-75.108606,40.173464,0.0363539160652232,-0.14345814628442233,-1.17163405031592,False
Philadelphia,42045409602,-75.334954,40.026692,0.0609202851587816,-0.28961729153262805,-1.8768883651438821,False
Philadelphia,42101001202,-75.169824,39.945991,0.03732237630542715,-0.18821995568109104,-1.5296631568891297,False
Philadelphia,10003015502,-75.544759,39.706994,0.5610573343261355,0.131330950525739,1.0124142283342255,False
Philadelphia,10003014805,-75.757579,39.577273,0.18761124955500177,0.2815139169186898,2.3076604998235863,True
Philadelphia,34005702809,-74.90984,40.036026,0.70432480141218,-0.1682234693315748,-1.3983256500681083,False
Philadelphia,42029303802,-75.729814,39.975853,0.02748263179403351,0.21526505773705026,0.7522786820907408,False
Philadelphia,42017100404,-74.83245,40.14142,0.06207455429497569,-0.08993034413941174,-0.8005306587020874,False
Philadelphia,42091202201,-75.099408,40.064323,0.27774320680356773,-0.14425037707594693,-1.3186288974691,False
Philadelphia,34007600900,-75.099975,39.952091,0.19241192411924118,0.09883486030839735,0.6540079559992283,False
Philadelphia,42017100212,-74.915911,40.135144,0.030396702730551263,-0.18136465995284845,-1.4996178300784764,False
Philadelphia,42101035100,-74.987342,40.04746,0.06654170571696345,-0.18756301871822725,-1.3965697406436892,False
Philadelphia,34007603507,-74.954653,39.873522,0.050973891421467056,-0.21636710843833484,-1.153513677181824,False
Philadelphia,34021003800,-74.835991,40.322458,0.03724178062263602,0.17729188094009476,0.8708275315123032,False
Philadelphia,34005703202,-74.760192,39.913765,0.02043906131718395,0.0111725818323512,0.08820837282073023,False
Philadelphia,34005701203,-74.840763,40.078031,0.3253968253968254,-0.15458277033385381,-1.3503464838491408,False
Philadelphia,34005702918,-74.866558,39.946796,0.11644591611479028,-0.09563566813668405,-0.781646596631911,False
Philadelphia,42017100803,-74.885431,40.168258,0.03784235835249843,-0.08648765344256018,-0.7484294581401324,False
Philadelphia,34005702500,-74.760403,39.999641,0.1691164593765143,-0.03596005010608258,-0.30851453107143295,False
Philadelphia,34007603603,-74.997804,39.90768,0.03123732251521298,-0.4156766289843723,-1.9820445385877514,True
Philadelphia,42101980200,-75.044983,40.065274,0.09523809523809523,-0.06496460263116265,-0.5164441265610491,False
Philadelphia,42101003902,-75.174516,39.917189,0.009654203967000176,-0.12183059808552109,-1.026727849830877,False
Philadelphia,34005702811,-74.877792,40.007953,0.7184579439252337,-0.15313242248315223,-1.2743379736592657,False
Philadelphia,34007607506,-74.992499,39.852318,0.1403453689167975,-0.1930358212149857,-1.0235550742708335,False
Philadelphia,42101036000,-75.015661,40.100537,0.08777332922697875,-0.17068644421143958,-0.8988767163926203,False
Philadelphia,34001011201,-74.85794,39.596733,0.025952512424075095,0.661738207805454,3.330318578266474,True
Philadelphia,34001010700,-74.68628,39.591812,0.03851444291609354,0.8441295379755636,4.230695284918841,True
Philadelphia,10003014100,-75.715301,39.677447,0.2308926780341023,0.2750784591667256,2.2356809339609605,True
Philadelphia,42091209100,-75.635139,40.280508,0.09454855195911414,1.162897799237873,2.6878078065730806,True
Philadelphia,42091206905,-75.351002,40.24,0.056347150259067356,1.0588432155786256,2.7478700913105025,True
Philadelphia,42091208203,-75.60958,40.319745,0.018415841584158415,1.3651642735920821,3.0839333806745444,True
Philadelphia,10003012200,-75.598871,39.747207,0.12938408896492729,0.10734200074386428,0.8892474125996029,False
Philadelphia,10003013505,-75.716827,39.764021,0.027801662367440527,0.24994172066617887,2.040220361672072,True
Philadelphia,10003013607,-75.700319,39.73497,0.07258193445243805,0.24445438553732218,1.9770107554078575,True
Philadelphia,42091208302,-75.580444,40.286903,0.034736842105263156,1.3351028898855422,3.0805312668752007,True
Philadelphia,10003012300,-75.592551,39.742281,0.18948521358159912,0.10959846427123558,0.9004327008387503,False
Philadelphia,10003000601,-75.529051,39.752499,0.860800576992427,0.03490294284504619,0.2522028576616291,False
Philadelphia,42011013200,-75.636135,40.332097,0.012195121951219513,1.342913550521922,3.0190786120944306,True
Philadelphia,42011013100,-75.644804,40.341094,0.003325508607198748,1.3357949535686826,3.022309475305873,True
Philadelphia,10003014702,-75.74332,39.654981,0.16335078534031414,0.29925013854978394,2.4198919723346757,True
Philadelphia,10003011600,-75.53879,39.790513,0.04076665652570733,-0.04295285225408092,-0.3283380297626835,False
Philadelphia,10003000300,-75.538955,39.760047,0.7682602921646746,0.025041307067176655,0.18859803862315924,False
Philadelphia,42091208500,-75.47141,40.277833,0.02401656314699793,1.2322335133736035,3.292518864898627,True
Philadelphia,10003013400,-75.655406,39.741351,0.04313099041533546,0.1790282954315752,1.4901898432593301,False
Philadelphia,10003012600,-75.606436,39.721829,0.0699490662139219,0.1514498355351575,1.250204951456903,False
Philadelphia,10003013100,-75.644362,39.727031,0.056494661921708184,0.1800557367892246,1.5034509332136141,False
Philadelphia,42011013302,-75.608172,40.386999,0.011899313501144164,1.4795000422857267,3.3417007947218185,True
Philadelphia,42091206702,-75.431666,40.233357,0.6107255520504732,1.0582331532190448,2.8041880549350395,True
Philadelphia,10003014000,-75.689595,39.684089,0.25969490902407644,0.24878224959805798,2.0494003996243326,True
Philadelphia,42091206600,-75.466285,40.256878,0.04243827160493827,1.1726534148372583,3.1497117230429934,True
Philadelphia,10003013611,-75.707176,39.724059,0.12347451543431442,0.2584086993445842,2.0881817843004487,True
Philadelphia,10003013613,-75.674349,39.745167,0.057981262153084676,0.19857365584743544,1.6460459317849274,False
Philadelphia,10003013615,-75.677635,39.706324,0.07207207207207207,0.23032729429797438,1.8948114506304907,False
Philadelphia,42011013000,-75.692649,40.318079,0.040195064282547655,1.1061558350128542,2.6550014918684472,True
Philadelphia,42091206502,-75.466453,40.238346,0.04405652535328346,1.1308961756869735,2.994113857482102,True
Philadelphia,10003014807,-75.761184,39.625471,0.20324324324324325,0.31027080766496185,2.4955239995470313,True
Philadelphia,10003016200,-75.575359,39.661007,0.19501802687643396,0.19772436162725732,1.5942334390510027,False
Philadelphia,10003013000,-75.644874,39.718305,0.05396990140114167,0.18798199360090107,1.5698078310260666,False
Philadelphia,42017105702,-74.775257,40.20619,0.1550995775497888,-0.004004921315242034,-0.032516786773955274,False
Philadelphia,34021001000,-74.760868,40.210775,0.40980326775591863,0.003405355549268794,0.02742684987602545,False
Philadelphia,42017105600,-74.836872,40.240915,0.022648752399232246,0.039282376124820786,0.28027761315871286,False
Philadelphia,34005701502,-74.694835,40.166992,0.07551887971992999,0.012674768514787747,0.10714968518159994,False
Philadelphia,42091200301,-75.119228,40.172564,0.0906801007556675,-0.13982553654595392,-1.1486662941978896,False
Philadelphia,42017100402,-74.856834,40.139734,0.07094175960346964,-0.10749578239295156,-0.9577356853042075,False
Philadelphia,42017100900,-74.936123,40.164046,0.023524824538601507,-0.17466240989171405,-1.3097961309204214,False
Philadelphia,42101018400,-75.067886,40.002029,0.004389815627743635,-0.011225735611617854,-0.08761992653411567,False
Philadelphia,42017105805,-74.80371,40.17141,0.06814159292035399,-0.04554769428941023,-0.3913709122730857,False
Philadelphia,42017105801,-74.817804,40.20047,0.12449669834111773,-0.016485200337830824,-0.13525257816789504,False
Philadelphia,42017100808,-74.926948,40.203972,0.02185792349726776,-0.042591082079132606,-0.28815806810060296,False
Philadelphia,42091200505,-75.199454,40.212906,0.04596541786743516,0.18478435126590712,1.3575637085413053,False
Philadelphia,42017105809,-74.834881,40.180314,0.03627295397868964,-0.044487426414611835,-0.3790489803459326,False
Philadelphia,42017105808,-74.850736,40.182414,0.0236368520010744,-0.04686249981253554,-0.398191268332883,False
Philadelphia,42017101808,-75.130767,40.224681,0.034482758620689655,-0.057875053595299215,-0.4041706122897454,False
Philadelphia,42017101100,-74.913294,40.155799,0.0831013916500994,-0.14437645923739204,-1.2116227463234228,False
Philadelphia,42017100401,-74.870657,40.137081,0.07775309425579181,-0.12296410389954071,-1.0905948629081552,False
Philadelphia,42017100201,-74.974796,40.141798,0.12435628456990273,-0.21835702099829152,-1.0805340968332713,False
Philadelphia,42017103900,-75.111651,40.480674,0.006809848088004191,0.4620396915612521,0.9720314129990124,False
Philadelphia,42017105208,-74.938524,40.253645,0.004214075010535188,0.1292039840884855,0.5548064490189164,False
Philadelphia,42017105811,-74.821744,40.164916,0.034622229412716386,-0.058996820707778466,-0.5144685833604193,False
Philadelphia,42017105400,-74.908396,40.294589,0.006435587670768884,0.2038363475764746,0.8415802924963998,False
Philadelphia,42091200902,-75.281222,40.243002,0.07168983174835405,0.6962002433665057,2.9145346610333127,True
Philadelphia,42017105704,-74.78895,40.208391,0.24611507769844604,-0.0032553969179005744,-0.0262783214556204,False
Philadelphia,42017105509,-74.864218,40.243212,0.014245629181955537,0.05208854589939621,0.34675761527780213,False
Philadelphia,42017100805,-74.871257,40.151363,0.025020048115477145,-0.10223710012149718,-0.9031326316458856,False
Philadelphia,42045402700,-75.253215,39.912299,0.8294260307194826,-0.0437159916925407,-0.41109196783319296,False
Philadelphia,42101006000,-75.238061,39.912566,0.7572271832904495,-0.01829131413915336,-0.17693927487081915,False
Philadelphia,42101001900,-75.172694,39.940424,0.19887337741856478,-0.1606671935513486,-1.316665007853338,False
Philadelphia,42101028500,-75.133574,40.029058,0.44376899696048633,-0.2605357162375006,-2.6714055674626236,True
Philadelphia,42101008000,-75.226745,39.950498,0.624048706240487,0.1424128404170674,1.1888587553796979,False
Philadelphia,42045402400,-75.254108,39.916354,0.8428611658687694,-0.05150177252636106,-0.4818157048953317,False
Philadelphia,42101011500,-75.252041,39.977414,0.8776803118908382,-0.03868497096299465,-0.3216005920222313,False
Philadelphia,42091201003,-75.271539,40.218367,0.04613918017159199,0.47316186315717645,2.846749230366841,True
Philadelphia,42091205400,-75.275742,40.006649,0.04093402728935153,-0.1178991646855211,-0.9178901456257169,False
Philadelphia,42101008601,-75.215757,39.953736,0.2537359900373599,0.1433923304413257,1.2708726697431076,False
Philadelphia,42045402100,-75.248901,39.933644,0.8845960020157904,-0.0563677200913649,-0.5074708269355134,False
Philadelphia,42101008301,-75.24578,39.957941,0.839907192575406,-0.004311306818331251,-0.0349733494365614,False
Philadelphia,42101000803,-75.174459,39.949366,0.025095227425498544,-0.16546936598845022,-1.3417011431587933,False
Philadelphia,42045402500,-75.25822,39.920058,0.8670183231538034,-0.06220742084253352,-0.5813673167084993,False
Philadelphia,42045400301,-75.259193,39.95092,0.6845986984815619,-0.09400603111195684,-0.8110087596711459,False
Philadelphia,42101010900,-75.190976,39.964689,0.6001514577811435,-0.02458670997950961,-0.20447345575903333,False
Philadelphia,42101009600,-75.243309,39.96526,0.903625730994152,0.017288784980243103,0.13965215502494902,False
Philadelphia,42101001800,-75.158603,39.939899,0.1283084004602992,-0.21304366800822483,-1.7078193236325707,False
Philadelphia,42101011300,-75.235408,39.978296,0.9368383909668313,0.02286391220704573,0.18792179604343703,False
Philadelphia,42101006900,-75.216939,39.931388,0.8797050834303454,0.08132389319905352,0.7629659779921425,False
Philadelphia,42101005400,-75.251857,39.893636,0.727120067170445,-0.021476629451727954,-0.20386474013974742,False
Philadelphia,42101011900,-75.22846,39.985731,0.8855661881977671,-0.01566557387164768,-0.12811031511419083,False
Philadelphia,42101007101,-75.22537,39.938019,0.8703323758719738,0.11013730837996868,0.977157981787126,False
Philadelphia,42101007102,-75.22803,39.940885,0.8990158322635858,0.11083738030529072,0.9577404698542086,False
Philadelphia,42101004001,-75.165524,39.923816,0.02345320527138709,-0.17327351236510638,-1.3656411844707708,False
Philadelphia,42101007200,-75.232636,39.944225,0.9033762772101288,0.09027350688305233,0.7552355362935511,False
Philadelphia,42101010000,-75.249732,39.971012,0.8651353195360473,-0.024640418518799598,-0.2049070839434527,False
Philadelphia,42101009200,-75.207144,39.960275,0.5367388022143935,0.09767109394827769,0.8783006929515709,False
Philadelphia,42017104400,-74.957209,40.36004,0.009954058192955589,0.33394521404569727,1.1495745807154816,False
Philadelphia,42017100211,-74.93195,40.145882,0.05515196441808747,-0.18859003108329517,-1.4841030853072552,False
Philadelphia,42017106000,-74.90471,40.149643,0.03711066931742876,-0.14104814302486626,-1.2099482680313867,False
Philadelphia,42017100406,-74.851829,40.166759,0.07688098495212038,-0.0686772018505167,-0.5990369772730583,False
Philadelphia,42017100407,-74.833626,40.16607,0.025347506132461162,-0.06203118970657652,-0.5417787693764369,False
Philadelphia,42017100408,-74.841978,40.155736,0.040813362381989834,-0.07804760374009442,-0.6897369636088115,False
Philadelphia,42017100500,-74.843748,40.107833,0.041237113402061855,-0.13533280837828515,-1.202029443075426,False
Philadelphia,34021003003,-74.677376,40.186326,0.04509582863585118,0.032578748675254926,0.26902614563404226,False
Philadelphia,34019011500,-75.02731,40.503832,0.011214230471771076,0.5015713334878391,1.4563840145718654,False
Philadelphia,34021001200,-74.798075,40.235086,0.7161560617962818,0.028040193207046694,0.21074254743010484,False
Philadelphia,42017100811,-74.891866,40.144716,0.16358303249097472,-0.13228490728497785,-1.157189317490924,False
Philadelphia,42017105207,-74.95654,40.260644,0.00874925432491549,0.12935728136298383,0.502811343137819,False
Philadelphia,34021003705,-74.814468,40.258907,0.21502808988764044,0.061791750627511174,0.4223036094852756,False
Philadelphia,42017105505,-74.807556,40.225638,0.01645986325652064,0.015610055525288843,0.12029410992183658,False
Philadelphia,42017105507,-74.82506,40.216364,0.015126958400864398,0.002832679850100461,0.022286936091816423,False
Philadelphia,42101036400,-74.986611,40.113225,0.12976313079299692,-0.21936062213486013,-1.1642986116336536,False
Philadelphia,42017100809,-74.890707,40.207339,0.02341364099083814,-0.0177470891003373,-0.1365697052896052,False
Philadelphia,42017105810,-74.823653,40.175185,0.013179571663920923,-0.04808608269949531,-0.4143937308860697,False
Philadelphia,34021000100,-74.756398,40.201563,0.21794871794871795,-0.0028204603913981542,-0.022993476671292475,False
Philadelphia,42101033600,-75.05979,40.061654,0.13120784794604537,-0.0803637446568162,-0.707916915220364,False
Philadelphia,42101035601,-75.036507,40.097226,0.025025888850535038,-0.1362242085188133,-1.02570525661714,False
Philadelphia,42101033102,-75.028211,40.044684,0.11902635104957571,-0.040098931453409356,-0.25725206568837583,False
Philadelphia,42101036100,-74.988418,40.097193,0.14916852817076198,-0.20691152448061542,-1.2217793736521252,False
Philadelphia,42101036303,-74.97195,40.100903,0.027781926811053025,-0.20155776715887883,-1.4558069742555075,False
Philadelphia,42101029300,-75.09064,40.012912,0.33608724388631855,-0.11077689655479317,-1.0121148317350945,False
Philadelphia,42101033702,-75.056699,40.070365,0.10001760873393203,-0.08030418205485675,-0.6918144154025981,False
Philadelphia,42091206901,-75.310316,40.244312,0.06921510970368695,0.9344670023838614,2.8342762246932787,True
Philadelphia,42017102104,-75.291449,40.321456,0.028032704822292673,0.972653187806451,2.5193892380304073,True
Philadelphia,42101000902,-75.1566,39.947286,0.05137227304714989,-0.23274138748797382,-1.8802035075839463,False
Philadelphia,42091207500,-75.442442,40.300227,0.0069356872635561164,1.245914053393646,3.371438156987935,True
Philadelphia,42091200708,-75.310675,40.274323,0.04051415554832411,1.0294949097519515,2.8213393371191096,True
Philadelphia,42091200704,-75.28088,40.2588,0.06874820968203953,0.7506979226664116,2.8605551010712817,True
Philadelphia,42091200703,-75.265549,40.271972,0.050042955326460484,0.6494107263541894,2.713693411967328,True
Philadelphia,34005702913,-74.879457,39.973954,0.17707676130389063,-0.13133458716913113,-1.0808226247365578,False
Philadelphia,42091200903,-75.281474,40.23392,0.0910841517427306,0.6330736236483626,2.957477496640344,True
Philadelphia,42091206400,-75.475898,40.198089,0.04547726136931534,1.0071305990385657,2.516295917963976,True
Philadelphia,42017102004,-75.210099,40.273108,0.02072017702675518,0.30069452884034203,1.9197863384175098,False
Philadelphia,42091200908,-75.292117,40.249385,0.0618042226487524,0.8044752363122089,2.9105792341614185,True
Philadelphia,42091201203,-75.220731,40.182778,0.03501358285541805,0.17074455291161025,1.281775842321099,False
Philadelphia,42091201302,-75.2214,40.152541,0.1623931623931624,0.030385957543417455,0.23756594379548104,False
Philadelphia,42091206802,-75.384272,40.17302,0.02272,0.6520528856818054,1.6427963093044573,False
Philadelphia,42017103103,-75.354498,40.437644,0.03711426188490409,1.1706391390866842,2.500066432771201,True
Philadelphia,42017104201,-75.094849,40.399258,0.010891763104152484,0.4584967649198002,1.0813573997676584,False
Philadelphia,42017106500,-75.342886,40.463408,0.015864479698843775,1.0686451335802312,2.1754522127773606,True
Philadelphia,42045403902,-75.326957,39.880856,0.020958083832335328,-0.017196613279227186,-0.1454654946253512,False
Philadelphia,42091207300,-75.330808,40.323352,0.05130084279956028,1.1432534764526838,2.70024388333222,True
Philadelphia,42091207104,-75.32397,40.305928,0.01252884932410155,1.1186297802757752,2.7365096984207256,True
Philadelphia,42091200901,-75.28033,40.24829,0.07412945951719718,0.6894611101063274,2.92873991450559,True
Philadelphia,42045409000,-75.295567,39.973955,0.04570673712021136,-0.2276241709219029,-1.8563258145816925,False
Philadelphia,42017105203,-74.960319,40.244922,0.014395393474088292,0.06336926079817762,0.24680930646260973,False
Philadelphia,42091200607,-75.221749,40.252571,0.049440715883668905,0.3146494714683755,2.1793641314200984,True
Philadelphia,42091200606,-75.232982,40.248891,0.04246487867177522,0.3580244043748736,2.418552115087024,True
Philadelphia,42091200603,-75.243268,40.259275,0.05608718766613503,0.43141021902889914,2.548934704455603,True
Philadelphia,42091207202,-75.321725,40.313206,0.04108108108108108,1.1122906088788,2.6905621894112217,True
Philadelphia,42091207201,-75.324539,40.306776,0.03507404520654715,1.1199499222961333,2.737321157710929,True
Philadelphia,42045400600,-75.284329,39.965503,0.2765567765567766,-0.17793566238095826,-1.53947569958763,False
Philadelphia,42017102700,-75.337789,40.362373,0.013220018885741265,1.167960197270685,2.6290647775576006,True
Philadelphia,42101017400,-75.150239,39.995826,0.8144776766363242,-0.2889896002744342,-2.584020565091846,True
Philadelphia,42017104901,-75.102516,40.253663,0.010305028854080791,-0.05877485609012343,-0.29682074453388657,False
Philadelphia,42091200502,-75.130659,40.182494,0.0730585529807182,-0.11925819574090564,-0.9527659058837039,False
Philadelphia,42017101803,-75.150175,40.242002,0.014121981170691772,0.024627862356696888,0.16493578719230717,False
Philadelphia,42017102003,-75.232583,40.287805,0.018555779119159403,0.4667859502885538,2.1987818367791676,True
Philadelphia,42091203207,-75.277477,40.15554,0.03348148148148148,0.14551286595640864,0.9889656540069616,False
Philadelphia,42091205501,-75.290732,40.002742,0.16510660426417056,-0.1857135124406093,-1.3961753923220077,False
Philadelphia,42091202301,-75.122807,40.07691,0.19982394366197184,-0.12242875174474296,-1.009490074750157,False
Philadelphia,42091202603,-75.157044,40.097493,0.13630490956072353,-0.1033699753530905,-0.8654400034528119,False
Philadelphia,42091203205,-75.243658,40.152587,0.10556792873051225,0.0789937094090245,0.5975351425693599,False
Philadelphia,42091202202,-75.115026,40.055703,0.47768860353130016,-0.17413165309788436,-1.5156705233721637,False
Philadelphia,42101011700,-75.239166,39.992401,0.32382461701003695,-0.04731372631094141,-0.38075346253486547,False
Philadelphia,42017101609,-75.090203,40.215731,0.017009056770488182,-0.12703896085817154,-0.7464505953564735,False
Philadelphia,42017106402,-75.390631,40.430348,0.0206977349648529,1.3073005661089268,3.025759823043855,True
Philadelphia,42091200506,-75.172795,40.189539,0.03297442799461642,0.023423993194280693,0.1744266537280197,False
Philadelphia,42091208704,-75.597158,40.249241,0.1943866943866944,1.1462368699976264,2.6476036668445175,True
Philadelphia,42101013300,-75.163625,39.966164,0.22011338427409416,-0.2308698499521272,-1.838798969553337,False
Philadelphia,42101007400,-75.21537,39.940874,0.7578698224852071,0.11007625360719088,1.0283040158566703,False
Philadelphia,42101014000,-75.162493,39.973647,0.40579178885630496,-0.2313391464689169,-1.822277735559098,False
Philadelphia,42029300700,-75.517606,40.129971,0.04148995021205974,0.5332688426882775,1.258417641522305,False
Philadelphia,42101014800,-75.169029,39.980382,0.7916287534121929,-0.19103079783018512,-1.4366667279280998,False
Philadelphia,42101021200,-75.21201,40.034299,0.1172100701609575,-0.41053356346642517,-2.8737381551633074,True
Philadelphia,42045407804,-75.319108,39.936204,0.024789825393403752,-0.13375541408702166,-1.1956467821682777,False
Philadelphia,42101024600,-75.171567,40.039608,0.8416779431664412,-0.24373092166743374,-2.1549278525090947,True
Philadelphia,42101027901,-75.154356,40.045715,0.9085879873551106,-0.1438415150493839,-1.29189992032983,False
Philadelphia,42101021300,-75.21819,40.032196,0.06661069129582983,-0.3695507067667769,-2.6104878779309226,True
Philadelphia,42091201704,-75.162171,40.113618,0.16526374859708193,-0.1364160214462412,-1.1710503556932745,False
Philadelphia,42101025900,-75.176451,40.079839,0.920410783055199,-0.11039211301164667,-0.9401979819054718,False
Philadelphia,42101009801,-75.265903,39.977288,0.8077969174977334,-0.10213001061767311,-0.8528939282933076,False
Philadelphia,42101023600,-75.194353,40.043566,0.3080059303187546,-0.31801981617075886,-2.5794093531846682,True
Philadelphia,42101025300,-75.182182,40.054091,0.7898419279606116,-0.19127351616164043,-1.674178666157669,False
Philadelphia,42101021700,-75.224592,40.045389,0.1168943454954176,-0.33086781296723133,-2.2769113670161767,True
Philadelphia,42101009500,-75.237911,39.965929,0.9264214046822743,0.05549218740475059,0.4397966004559579,False
Philadelphia,42101025600,-75.188946,40.066388,0.37715599846684555,-0.17220344607317908,-1.4625521253195621,False
Philadelphia,42101017701,-75.116666,39.996935,0.2767454954954955,-0.23383186971496775,-2.1569972973523925,True
Philadelphia,42101024400,-75.164078,40.024879,0.8518401015228426,-0.28768749980133457,-2.727607317006345,True
Philadelphia,42091201606,-75.129868,40.127034,0.33043478260869563,-0.14003340388755475,-1.2968429070784233,False
Philadelphia,42101024200,-75.169593,40.027945,0.7716994894237783,-0.3047681016815156,-2.7694848087208808,True
Philadelphia,42101002100,-75.176956,39.936855,0.3952071486596263,-0.1276608940280704,-1.0563326165187894,False
Philadelphia,34033020900,-75.191038,39.616709,0.020104895104895104,0.5027272276070948,2.5179571869455666,True
Philadelphia,42101032300,-75.051767,40.021562,0.2864149092692496,-0.03032171022300991,-0.2245460564762751,False
Philadelphia,42017101404,-75.000912,40.159845,0.026671974522292995,-0.2551102199689149,-0.7307552351124653,False
Philadelphia,34007601101,-75.087511,39.948346,0.14601916088536504,0.16305104768502002,0.9582161760463103,False
Philadelphia,34007604100,-75.095892,39.917122,0.3173673328738801,0.04139974578761291,0.24772261777687268,False
Philadelphia,34007604200,-75.078022,39.92099,0.05969211435752435,0.016015319574549422,0.08951206429154394,False
Philadelphia,34007603002,-75.063165,39.956715,0.22863971320454093,0.14236412843371068,0.8187410626993161,False
Philadelphia,42101003200,-75.185045,39.933049,0.6045222788738639,-0.06293312795189608,-0.5499369163492424,False
Philadelphia,42029304300,-75.753825,40.036041,0.01838159786403779,0.3154498973163457,0.9746906334485916,False
Philadelphia,42101014400,-75.140772,39.972046,0.11641557425161417,-0.27398865057105815,-2.332970870441884,True
Philadelphia,42101013900,-75.171538,39.975821,0.6579365079365079,-0.17654364122923025,-1.3478381123005378,False
Philadelphia,42101013100,-75.150451,39.964893,0.545348156816852,-0.26358934126663386,-2.1854887413142836,True
Philadelphia,42101015600,-75.141624,39.97945,0.19032597266035753,-0.3053541873399279,-2.5413890208613554,True
Philadelphia,42101002500,-75.15,39.934394,0.23992715684042795,-0.19370958156952733,-1.5427277887175914,False
Philadelphia,42101001400,-75.17207,39.94302,0.14717060810810811,-0.1705938430376751,-1.3896047902436763,False
Philadelphia,42091202401,-75.147718,40.072671,0.7220172201722017,-0.07333547423290163,-0.6011876458014607,False
Philadelphia,42101003002,-75.171006,39.932687,0.32672145083593085,-0.16194541345427105,-1.3105503649757977,False
Philadelphia,42101002400,-75.158218,39.936424,0.06276671408250356,-0.21179540594368293,-1.6632570889378238,False
Philadelphia,42101034900,-75.012875,40.04468,0.2304878048780488,-0.11213013850851261,-0.6590013892972758,False
Philadelphia,42101032900,-75.027543,40.037174,0.25118483412322273,-0.04369752810073196,-0.2794848103848603,False
Philadelphia,42029300201,-75.438451,40.043626,0.02707749766573296,0.047208741019591605,0.1310559068850798,False
Philadelphia,42101035301,-74.987722,40.068491,0.060266159695817494,-0.18329887895893782,-1.3180457833297725,False
Philadelphia,42101012201,-75.207865,40.004076,0.4631870031109575,-0.336808341503631,-2.350236981052126,True
Philadelphia,42045408900,-75.287237,39.980345,0.028728211749515817,-0.19197829703390243,-1.5776523323249587,False
Philadelphia,42045409100,-75.301501,39.981372,0.011672224868985231,-0.2630931291142482,-2.0001056476665338,True
Philadelphia,42045408700,-75.305515,39.990296,0.023195876288659795,-0.2751680238837433,-2.0059329925503375,True
Philadelphia,42045401103,-75.310963,39.956115,0.13695781342840166,-0.20961230721777616,-1.8060639021533182,False
Philadelphia,42101007700,-75.207602,39.946981,0.22458731537793222,0.08753318791404541,0.8248612564165194,False
Philadelphia,42101002300,-75.162578,39.934849,0.04436411436082813,-0.19415993363358347,-1.564059910793095,False
Philadelphia,42101032100,-75.058959,40.017071,0.2644918444165621,-0.030696680720997536,-0.24120299936306136,False
Philadelphia,42029300108,-75.416069,40.055547,0.028272251308900525,-0.10981311627914903,-0.41031267829304247,False
Philadelphia,42091201411,-75.210525,40.14437,0.05451884376143432,-0.022210576222858328,-0.17689107990362646,False
Philadelphia,42101038400,-75.234576,40.069351,0.08461219411032767,-0.18505017926619746,-1.2773489890247118,False
Philadelphia,42101036201,-74.987012,40.080577,0.07893186726880032,-0.19420801614967914,-1.3009569071649498,False
Philadelphia,42017105506,-74.854059,40.225199,0.017925430210325048,0.017233538954464837,0.1277776421190591,False
Philadelphia,42101036501,-75.013491,40.129258,0.08792558792558793,-0.2357911842321146,-0.9315056433348258,False
Philadelphia,42091208702,-75.609005,40.263609,0.043215211754537596,1.214880423138988,2.7339509968256412,True
Philadelphia,42101004202,-75.152259,39.917431,0.0553126781980612,-0.17364128552067215,-1.274650284478349,False
Philadelphia,42017104502,-75.056137,40.297785,0.013822041219301494,0.12376349077412806,0.31806216283933353,False
Philadelphia,42017105009,-74.968978,40.203565,0.0097757331799885,-0.2086904074893017,-0.7497208007919663,False
Philadelphia,42045409904,-75.409322,40.004934,0.01336950203448944,-0.40541460547549724,-2.0698809629653083,True
Philadelphia,42091207900,-75.484561,40.37741,0.018830128205128204,1.4048843896415504,3.5544565569337685,True
Philadelphia,42017103700,-75.172782,40.524677,0.0056229653743711154,0.2550999628260702,0.5350198034178417,False
Philadelphia,42045402900,-75.268517,39.897258,0.9055704498063747,-0.026303292322502426,-0.23827722780225527,False
Philadelphia,42017100209,-74.931316,40.096794,0.10566583953680728,-0.19376159062596024,-1.60841132307254,False
Philadelphia,42017104902,-75.080686,40.243776,0.012148422025617325,-0.07116682308017873,-0.2727180263180293,False
Philadelphia,42029303402,-75.711014,39.848121,0.048569886670264434,0.14677785128091314,1.1969731987421661,False
Philadelphia,42029306300,-75.827824,39.820152,0.04007220216606498,0.45602222104419504,3.09553624265264,True
Philadelphia,42029306000,-75.818239,39.961171,0.10280618935221611,0.28023230864563414,0.9466460903165996,False
Philadelphia,42029301500,-75.672315,40.180498,0.012160228898426323,0.599198723673751,1.7342810786560885,False
Philadelphia,42029305101,-75.86732,40.01691,0.028483266081177308,0.2873687615712345,0.9005057714796908,False
Philadelphia,42029304406,-75.688895,40.057034,0.014362151506617854,0.35489480118307587,1.1036996651735265,False
Philadelphia,42029304405,-75.685513,40.041497,0.01885917452465605,0.3134177278105952,0.9572627932880288,False
Philadelphia,42029304404,-75.649861,40.047415,0.0320824421543846,0.32616503776163175,0.9954413287497522,False
Philadelphia,42029302300,-75.603947,39.966235,0.04073816155988858,0.08770601572894157,0.5266866732971749,False
Philadelphia,42029306503,-75.749806,39.842544,0.028979907264296754,0.2645384029598784,2.136199117869967,True
Philadelphia,42029311404,-75.804275,40.053521,0.020263424518743668,0.3492441760119089,1.0942523545493978,False
Philadelphia,42045408300,-75.313622,40.010012,0.05850396991224405,-0.2664861345238301,-1.7824627049937425,False
Philadelphia,42017102300,-75.284702,40.396489,0.010654751675545627,0.899073618378258,2.110559052423377,True
Philadelphia,42091202302,-75.134734,40.077083,0.3079497907949791,-0.09451011013995997,-0.7610758564380726,False
Philadelphia,42091208400,-75.504282,40.306032,0.012152308938698352,1.3125240277873453,3.392463913528409,True
Philadelphia,42091207103,-75.349669,40.324764,0.03249450280967506,1.2053671848485925,2.8102517351749645,True
Philadelphia,42029301300,-75.616754,40.204124,0.02490096208262592,0.8366374336202224,2.0240544072790354,True
Philadelphia,42029305000,-75.910349,40.094094,0.017970401691331923,0.39608620142471,1.2626543006624165,False
Philadelphia,42091208901,-75.652843,40.255893,0.1801728795245813,0.9754457125055371,2.365322938769476,True
Philadelphia,42101003001,-75.172086,39.929034,0.13681948424068768,-0.14738777374174275,-1.2067889046100397,False
Philadelphia,42101001102,-75.157126,39.944439,0.0375,-0.222996157095319,-1.8041698519073468,False
Philadelphia,42101007900,-75.218295,39.950497,0.22554002541296062,0.14287280813985628,1.2795057719158305,False
Philadelphia,42101002200,-75.17032,39.936304,0.34145454545454546,-0.16829146473745366,-1.3712050488269574,False
Philadelphia,42101002900,-75.165883,39.930296,0.019765571133072857,-0.17912265669029973,-1.4376939823041976,False
Philadelphia,42029307300,-75.897996,39.976003,0.096,0.3056561027620195,0.9913631497907812,False
Philadelphia,42029303902,-75.641382,39.967769,0.016226415094339624,0.13584891017517708,0.7420221103494108,False
Philadelphia,24015030400,-75.834732,39.608362,0.1777643260694108,0.38542007823978314,2.969278781910106,True
Philadelphia,34033021400,-75.500076,39.662399,0.030340557275541795,0.16178564646714938,1.196202283107833,False
Philadelphia,24015030905,-75.99231,39.640491,0.018867924528301886,0.5056607302377695,3.3117183532031227,True
Philadelphia,24015030505,-75.820211,39.587498,0.11941056910569106,0.34962034558996474,2.7515307988226922,True
Philadelphia,24015030903,-75.923162,39.599885,0.08346709470304976,0.4575897591105907,3.2747108288552402,True
Philadelphia,24025306100,-76.095881,39.548526,0.18778860954335558,0.45117632443166666,2.896183016246184,True
Philadelphia,24015030506,-75.801874,39.613224,0.1810887544747562,0.3512981417045099,2.758524413245644,True
Philadelphia,42017105508,-74.885102,40.254322,0.014174541411895497,0.08570280051457249,0.4990218375327823,False
Philadelphia,34029718000,-74.498081,40.081727,0.01325569871159564,0.1873186437796972,1.4933369637824458,False
Philadelphia,42017104503,-75.09567,40.324015,0.010484927916120577,0.20108113773966166,0.5737364184045479,False
Philadelphia,42017104604,-75.154206,40.317933,0.010054988216810683,0.25971733322107937,1.109432474594033,False
Philadelphia,42017104701,-75.134354,40.318904,0.013333333333333334,0.2049900951254904,0.856994268664947,False
Philadelphia,42017104703,-75.120163,40.313579,0.007184553210597216,0.1590171496786311,0.6167888998199383,False
Philadelphia,42017101610,-75.110908,40.225619,0.02076777847702958,-0.09641211704070123,-0.628957499759601,False
Philadelphia,42017101611,-75.118193,40.207723,0.013180033651149748,-0.10565419571476146,-0.7800004064459548,False
Philadelphia,42017106600,-75.208461,40.580973,0.0030911901081916537,0.13692756219943006,0.25265296684094024,False
Philadelphia,42017103300,-75.261782,40.476722,0.0031803725579282144,0.6199138841430893,1.333161153934571,False
Philadelphia,34019010500,-75.118181,40.596522,0.005988023952095809,0.17885011557402347,0.30583059075624647,False
Philadelphia,42091201605,-75.142476,40.131735,0.14823889739663093,-0.1478435793736754,-1.3203906395654177,False
Philadelphia,42101026200,-75.168774,40.067213,0.9300785083415113,-0.10249534360397657,-0.8959368646921315,False
Philadelphia,10003000900,-75.541977,39.744137,0.8169386854874283,0.06355432233866773,0.47492504684955633,False
Philadelphia,42101026900,-75.131296,40.055014,0.7149260421335724,-0.13728303331713582,-1.137745173841545,False
Philadelphia,42101026000,-75.170718,40.075635,0.9175438596491228,-0.0945718924772597,-0.8034482720883424,False
Philadelphia,42101037300,-75.181786,39.9085,0.09690512430238457,-0.09536810884817237,-0.8356752828969892,False
Philadelphia,42045401600,-75.276639,39.92749,0.4003303964757709,-0.09521249290259032,-0.8725620422075271,False
Philadelphia,42045401401,-75.298992,39.939883,0.25692582663092045,-0.14288208625075038,-1.2848221665660835,False
Philadelphia,42017104204,-75.152645,40.36432,0.015356151711378354,0.4705184848228823,1.3983089500673063,False
Philadelphia,42045401501,-75.307063,39.932852,0.08316604531115572,-0.12006728742406675,-1.075523366780697,False
Philadelphia,42101010600,-75.207997,39.964489,0.7920054200542005,0.10064738619385047,0.8722364201277136,False
Philadelphia,42045404003,-75.308536,39.910351,0.20712996389891697,-0.05461589521502565,-0.48112705701731845,False
Philadelphia,42045400802,-75.286138,39.947168,0.3321627158326017,-0.15206061003775495,-1.3639270217984203,False
Philadelphia,42045403001,-75.300882,39.908902,0.10134912800263245,-0.04876320356720615,-0.42807553350175126,False
Philadelphia,42045400402,-75.26677,39.956397,0.6059447983014862,-0.12338100447971115,-1.0492910441779149,False
Philadelphia,42045407902,-75.394403,39.91999,0.03082532316871064,-0.19523165671523662,-1.42304242993959,False
Philadelphia,42091201301,-75.220454,40.160116,0.0940243557065987,0.058359992778750314,0.4596913577281878,False
Philadelphia,42091204010,-75.294621,40.133898,0.03737604881769641,0.0733348753046585,0.4788503491769957,False
Philadelphia,42017105008,-75.043888,40.226487,0.014329580348004094,-0.08293523861749999,-0.24266019554081147,False
Philadelphia,42017104601,-75.111375,40.28855,0.007300750354897587,0.051461581406821326,0.20974206188304664,False
Philadelphia,42101036203,-74.972894,40.078138,0.03876119984417608,-0.18957904759034283,-1.4683674966975202,False
Philadelphia,42091207400,-75.400447,40.337423,0.013179571663920923,1.3163502949130963,3.3021672901925876,True
Philadelphia,42091200501,-75.125088,40.196147,0.014177462723050599,-0.10760919099087089,-0.8280621843821667,False
Philadelphia,10003001902,-75.546621,39.730706,0.6663511594888784,0.0952873860709936,0.7166729508918732,False
Philadelphia,34007602601,-75.058588,39.940347,0.18971389645776568,0.03447144391513636,0.19589447248347167,False
Philadelphia,42017100103,-74.971529,40.068064,0.08448347971560016,-0.18643860372586862,-1.4719189987257757,False
Philadelphia,10003016801,-75.709615,39.39116,0.220817843866171,0.21469447729709246,1.7627481134998206,False
Philadelphia,42101007000,-75.221852,39.935894,0.8997944501541624,0.10740110476868486,0.9696637067580843,False
Philadelphia,34007601500,-75.101027,39.924822,0.5740774738388104,0.08101635612598991,0.4982373902093533,False
Philadelphia,42101038500,-75.210895,40.074828,0.03504043126684636,-0.2388070558344558,-1.8623126935742473,False
Philadelphia,42101033701,-75.048078,40.067129,0.10807475317348378,-0.07027719718721803,-0.5758180838279512,False
Philadelphia,42091205000,-75.316972,40.026733,0.08523364485981308,-0.24543731203950572,-1.6018070683799799,False
Philadelphia,42045401800,-75.27024,39.945594,0.5918107833163785,-0.12349609632679753,-1.1001815363490424,False
Philadelphia,42101005600,-75.245475,39.899503,0.7917059377945335,-0.028266736504474203,-0.2750130328450421,False
Philadelphia,42101006300,-75.238099,39.922441,0.7170561909497762,-0.009145862309093845,-0.08376342682892439,False
Philadelphia,42045403104,-75.271238,39.914001,0.6665330661322645,-0.06101342144790342,-0.5612498187274159,False
Philadelphia,42045408800,-75.297617,39.997062,0.05252803462522133,-0.22771020400674666,-1.6942115107011728,False
Philadelphia,42045402600,-75.265271,39.923938,0.7672655811341943,-0.0758430765189497,-0.7069698856658191,False
Philadelphia,42045401900,-75.281349,39.941614,0.48880757640981487,-0.1328484732899439,-1.2019454097002746,False
Philadelphia,42017100600,-74.851504,40.099639,0.08112449799196787,-0.1509710619247238,-1.3293705588698947,False
Philadelphia,42091208000,-75.497001,40.394327,0.03599897145795834,1.4263632208157266,3.5527786510585013,True
Philadelphia,42017100700,-74.858718,40.102439,0.1410557184750733,-0.15397247776068304,-1.3560794237268627,False
Philadelphia,42017105511,-74.857232,40.206513,0.030084235860409144,-0.013641393020653347,-0.10871782530077455,False
Philadelphia,34005704600,-74.793309,39.9944,0.2978066110596231,-0.08776861406223854,-0.7333471407502183,False
Philadelphia,42017100302,-74.899464,40.08874,0.0397783494953493,-0.19654295793183876,-1.6398440858454926,False
Philadelphia,42017105900,-74.818522,40.146174,0.04557405784399649,-0.07781691690997994,-0.6881980637556266,False
Philadelphia,42017105812,-74.821875,40.154178,0.02104032729398013,-0.0707575215422884,-0.6223735539086434,False
Philadelphia,42017100307,-74.898664,40.09954,0.09168485810676721,-0.19702440674888527,-1.6390923044492607,False
Philadelphia,42017100804,-74.882786,40.155675,0.019698132514709643,-0.10516884458156982,-0.9225752717508912,False
Philadelphia,34033021201,-75.330585,39.55652,0.031069144075540664,0.2298372642921243,1.3821521075278387,False
Philadelphia,34033020500,-75.465659,39.710327,0.22539275408784867,0.052320339994254964,0.3643266925679151,False
Philadelphia,42017105003,-74.995971,40.222711,0.003662258392675483,-0.20487814229899334,-0.5021126194762832,False
Philadelphia,34007607401,-75.029346,39.845399,0.20040147206423553,-0.27880085003641464,-1.4284937995243832,False
Philadelphia,34001011100,-74.816376,39.636792,0.019954940457032506,0.7087105942336174,3.5500426747569764,True
Philadelphia,34007607702,-74.987054,39.821714,0.2969288624255719,0.006919156609401829,0.03900202702602727,False
Philadelphia,34007607801,-75.016766,39.810559,0.428028339381372,-0.015370009174836911,-0.08765906868629368,False
Philadelphia,34033020400,-75.457214,39.734828,0.2735814962052765,0.001306156494882544,0.009083170888540982,False
Philadelphia,34005701103,-74.818827,40.082266,0.27774323904258624,-0.13302757103347357,-1.1729029810056146,False
Philadelphia,34007601102,-75.077621,39.952926,0.21756994717276462,0.16688545416669567,0.9628999620586551,False
Philadelphia,34007607300,-75.036944,39.855518,0.16590073529411764,-0.32132498365830225,-1.6318319867763271,False
Philadelphia,34015501603,-74.992232,39.694721,0.1013299556681444,0.45172919058176003,2.409652992791022,True
Philadelphia,34015501303,-75.136791,39.733052,0.01554979637171418,0.30408932967956614,1.595384928892326,False
Philadelphia,34005701201,-74.855855,40.066967,0.2845997286295794,-0.17349036062445938,-1.4831901287031382,False
Philadelphia,34007608202,-75.034585,39.819093,0.17270263611727027,-0.11185738561989284,-0.6222280702204134,False
Philadelphia,34007608205,-75.040069,39.836913,0.06490201068974294,-0.24468991573552404,-1.2754294684974317,False
Philadelphia,34005702801,-74.860605,40.034291,0.7,-0.17234525933285755,-1.4362444064133795,False
Philadelphia,34007609000,-74.878369,39.730518,0.3860677083333333,0.5629615430734508,2.8933075213675203,True
Philadelphia,34033021900,-75.461613,39.570981,0.5904284919309961,0.245739780184962,1.7879875810869836,False
Philadelphia,34033021600,-75.525777,39.639834,0.025325238508239374,0.1979931362177898,1.5507411659458608,False
Philadelphia,34005704500,-74.588433,40.065136,0.07033754478597021,0.12461027142776358,1.047850830889469,False
Philadelphia,34029739100,-74.394062,39.957627,0.015178050204319907,0.29564845354249203,2.212713469568779,True
Philadelphia,34021003706,-74.84068,40.275978,0.1956114530371956,0.10310226165552054,0.6102152755420907,False
Philadelphia,34001010800,-74.801386,39.650464,0.021028793270786154,0.7303233163276989,3.6590944173615156,True
Philadelphia,34001010900,-74.781752,39.637594,0.040388548057259714,0.7562396896084561,3.7582575858185314,True
Philadelphia,34001010401,-74.592244,39.509884,0.05779546634365807,0.9011807023937926,4.470674085179935,True
Philadelphia,34001010501,-74.466208,39.4964,0.04283819628647215,0.866529713172215,4.322902609463346,True
Philadelphia,34007611500,-74.862933,39.700189,0.08233312276268688,0.6212680376808181,3.1647903268308624,True
Philadelphia,42045406600,-75.415222,39.81984,0.2306438467807661,-0.10425569472586392,-0.680953123884081,False
Philadelphia,42045407501,-75.388224,39.923304,0.0539568345323741,-0.188361968365985,-1.4202293171035796,False
Philadelphia,42091208703,-75.582349,40.253594,0.054115853658536585,1.1894348225183136,2.7852018289954255,True
Philadelphia,42101004101,-75.159196,39.922821,0.1288026793190064,-0.18340858277598335,-1.4133679208665322,False
Philadelphia,42101006200,-75.232284,39.919014,0.8265895953757225,0.00859118293571548,0.08168274474784713,False
Philadelphia,42017105100,-74.994745,40.275536,0.016737674984783932,0.11592173892169574,0.3837055237102451,False
Philadelphia,42017104000,-75.194403,40.403937,0.008752154886619812,0.5708340559828812,1.5577684211307214,False
Philadelphia,10003001500,-75.560741,39.748856,0.43478260869565216,0.06909295455250072,0.5369098694707579,False
Philadelphia,10003016100,-75.56261,39.669637,0.28403875573686893,0.18398757653734793,1.4760566013788126,False
Philadelphia,10003002100,-75.556711,39.742519,0.7390823659480376,0.07762243470079724,0.605114737507823,False
Philadelphia,10003001300,-75.569469,39.761749,0.02564102564102564,0.048685006905661,0.385833664376016,False
Philadelphia,42029311300,-75.658185,39.904483,0.05701459034792368,0.007575738092777247,0.05130977111844087,False
Philadelphia,42101015700,-75.135638,39.978601,0.07147742818057455,-0.30744383412700677,-2.536631562209913,True
Philadelphia,42017105202,-74.943707,40.220544,0.013916111328890632,0.0008761173605947798,0.004414150773959903,False
Philadelphia,42101016701,-75.161682,39.990642,0.8873985174726439,-0.24878417754628898,-1.9492837993254166,False
Philadelphia,10003002400,-75.578336,39.750774,0.39576470588235296,0.08023702040391818,0.6471704507090189,False
Philadelphia,10003016000,-75.57125,39.67963,0.5085028342780927,0.17860353914491187,1.4353715077885736,False
Philadelphia,10003000602,-75.535981,39.751256,0.8184979137691237,0.04184119690820256,0.31278085543861955,False
Philadelphia,10003002300,-75.569221,39.747061,0.5011655011655012,0.08003217350051582,0.6320317073862621,False
Philadelphia,10003002200,-75.563795,39.74466,0.49965205288796105,0.08043314839588041,0.6284598216840676,False
Philadelphia,10003002900,-75.544889,39.739645,0.8485281509002572,0.07435366977121861,0.5637272088792219,False
Philadelphia,10003014908,-75.627828,39.653702,0.6049484536082474,0.2198080670403048,1.8172811581412414,False
Philadelphia,10003003002,-75.529893,39.744034,0.757516339869281,0.0533051016908814,0.3880335005297923,False
Philadelphia,10003002500,-75.575154,39.741585,0.3057187017001546,0.09494860176321548,0.7631538540719439,False
Philadelphia,10003001600,-75.555159,39.746479,0.6924348904505995,0.06848938906743526,0.5311138797195131,False
Philadelphia,10003015600,-75.561231,39.701762,0.4400341442594964,0.14813644870647102,1.173851679202021,False
Philadelphia,42101013402,-75.169187,39.965342,0.10894085281980742,-0.20116020100279042,-1.5982974142094801,False
Philadelphia,42091210100,-75.189722,40.115575,0.06546532846715329,-0.14613221012819866,-1.212847608529332,False
Philadelphia,34005702209,-74.559026,39.981212,0.132485781197725,0.18807594318343862,1.5119543251934915,False
Philadelphia,34005702206,-74.548089,39.968859,0.08022922636103152,0.20425559187009037,1.6200935489470012,False
Philadelphia,34005702207,-74.585465,39.960976,0.16201780415430267,0.1796166383981745,1.4508995883756701,False
Philadelphia,34005703103,-74.782208,39.970937,0.3121108656356698,-0.06638927285450787,-0.5392231686652685,False
Philadelphia,34005702804,-74.879184,40.020356,0.7031611410948342,-0.16037418160999792,-1.338678855634147,False
Philadelphia,34005701301,-74.806111,40.118375,0.15369897959183673,-0.09756618567824563,-0.8691487287591574,False
Philadelphia,34005702601,-74.783486,40.002913,0.14837153196622438,-0.07239210093858722,-0.6159768680822786,False
Philadelphia,34005702603,-74.785522,39.994243,0.2100808003078107,-0.0731953766961604,-0.615618339988033,False
Philadelphia,42029300600,-75.520232,40.141892,0.07842504437631112,0.6238670538891464,1.471296293418329,False
Philadelphia,42101003702,-75.182273,39.924523,0.3814573137574769,-0.08552220473333187,-0.7361317826958446,False
Philadelphia,42101003901,-75.173467,39.923669,0.07557485126226081,-0.13136810950593647,-1.0926501309022656,False
Philadelphia,34005702805,-74.88945,40.025202,0.6803615447822514,-0.16169361143792724,-1.3432730080362494,False
Philadelphia,34005701205,-74.864032,40.075429,0.23281393217231897,-0.17963635786610005,-1.5301647269167826,False
Philadelphia,34005701302,-74.779519,40.116836,0.06166219839142091,-0.07979007508461522,-0.7069579707639861,False
Philadelphia,34005700403,-74.999876,39.952102,0.029270523667962497,-0.31384053162924735,-1.5607381532307907,False
Philadelphia,34007605900,-75.06386,39.877749,0.011886503067484663,-0.27855981797026147,-1.4685612752994002,False
Philadelphia,34005702808,-74.9015,40.03199,0.6801213960546282,-0.16523784040451026,-1.3796896844296305,False
Philadelphia,34005702101,-74.586193,40.04964,0.12307692307692308,0.13244167788219963,1.1103596659313177,False
Philadelphia,34005700405,-74.992657,39.947916,0.0421865715983363,-0.38229541127190414,-1.837253159252276,False
Philadelphia,34005701001,-74.91213,40.05046,0.27348892878515857,-0.17643995442287597,-1.4667297690702061,False
Philadelphia,10003013200,-75.646527,39.734584,0.09837919336600075,0.17577960004588747,1.4635004231569113,False
Philadelphia,10003013610,-75.736144,39.707004,0.038644688644688646,0.2961478531091893,2.38204887959155,True
Philadelphia,42029311800,-75.96358,39.963685,0.047479327820752204,0.3487328272516867,1.1523578725482642,False
Philadelphia,24015031400,-76.157654,39.69395,0.008809463881198087,0.5100995712445676,2.6220299533098967,True
Philadelphia,42029306600,-75.788187,39.748988,0.009122365523749607,0.3953043863696221,3.0292297958778596,True
Philadelphia,42017102402,-75.288903,40.368094,0.012650721486459775,0.9539328198096658,2.312523391993228,True
Philadelphia,42091207003,-75.399578,40.284524,0.02800503461296413,1.2034936728097352,3.1476566015401857,True
Philadelphia,42017106401,-75.34362,40.422825,0.021932653851115987,1.1466811032087154,2.3977069511645994,True
Philadelphia,34033020100,-75.410489,39.741453,0.06910994764397906,-0.027419090227385784,-0.1932959883627864,False
Philadelphia,10003000200,-75.529695,39.763337,0.7359380898452246,0.01089628563700134,0.07958794916426666,False
Philadelphia,10003015900,-75.562945,39.688056,0.2840909090909091,0.16811452244088124,1.330052472290025,False
Philadelphia,34033020200,-75.468368,39.732708,0.4022869022869023,0.014879870067369183,0.10334607967973033,False
Philadelphia,10003013901,-75.689506,39.672589,0.21620847651775488,0.2513422295952535,2.072520838783335,True
Philadelphia,10003000500,-75.539124,39.75516,0.8007529684332465,0.03584147424303118,0.27032185959237737,False
Philadelphia,10003010900,-75.512418,39.789006,0.04075009015506671,-0.06188654709802478,-0.4567675771444677,False
Philadelphia,10003010200,-75.468504,39.808729,0.22713864306784662,-0.1106412300129132,-0.7712084770094361,False
Philadelphia,42101001700,-75.14885,39.93788,0.0363697030363697,-0.19497363563378597,-1.5838239924996864,False
Philadelphia,34007606500,-75.030216,39.866907,0.7499153976311337,-0.3555068950234928,-1.7771994344672017,False
Philadelphia,34007608209,-75.038177,39.81242,0.28056206088992974,-0.07419565126967394,-0.417359643476849,False
Philadelphia,34007607200,-75.065539,39.852619,0.07223919685726757,-0.28293463176114647,-1.4633784794658156,False
Philadelphia,34033022100,-75.47414,39.569447,0.4984286612193589,0.24414725859238304,1.8287143300304818,False
Philadelphia,34007601000,-75.088826,39.959442,0.14780987884436161,0.13448202229526768,0.8447187476496523,False
Philadelphia,42045400900,-75.290769,39.950493,0.15950920245398773,-0.16677295782858934,-1.4854532119998416,False
Philadelphia,42101004201,-75.151657,39.921867,0.03555891810100246,-0.18452593741667553,-1.3447632236064542,False
Philadelphia,42017101605,-75.084061,40.189512,0.11001124859392576,-0.14756632631633876,-0.9565254720908211,False
Philadelphia,42101016902,-75.183004,39.994439,0.9196819085487078,-0.25884244567612963,-1.8636426465848104,False
Philadelphia,42017103400,-75.308874,40.524647,0.006956521739130435,0.7391602820935721,1.400834891214627,False
Philadelphia,42101004102,-75.160171,39.917898,0.053429929816617615,-0.17778449039156122,-1.3396883891547733,False
Philadelphia,42101034702,-75.02778,40.058129,0.09394250513347023,-0.055761553129728234,-0.3764807515776594,False
Philadelphia,42101027500,-75.132114,40.039958,0.6560071063735288,-0.22026004955400347,-2.222758200902595,True
Philadelphia,42101034400,-75.054463,40.092691,0.051190171487074485,-0.10594174887861717,-0.9383835440920322,False
Philadelphia,42101034200,-75.072004,40.081288,0.11736334405144695,-0.10277099613529943,-0.9422932452313204,False
Philadelphia,42101031101,-75.078741,40.042473,0.39776665383134385,-0.10929806972875919,-1.031191011194599,False
Philadelphia,42101034802,-75.014127,40.064701,0.2513464991023339,-0.09894535114163984,-0.5941137947182851,False
Philadelphia,42101034803,-75.004574,40.062613,0.07927369353410098,-0.15271548211181254,-0.9270093562867676,False
Philadelphia,42091202000,-75.089379,40.082361,0.028051554207733132,-0.1166094535872255,-1.0760690191399147,False
Philadelphia,42101035302,-74.993987,40.07563,0.10404746768383132,-0.18988705408707998,-1.1913924588225546,False
Philadelphia,42091201502,-75.093243,40.109265,0.04106280193236715,-0.12047717195052819,-1.1634439759479824,False
Philadelphia,42091201501,-75.077355,40.105711,0.05301837270341207,-0.11380561658945723,-1.0979556939832988,False
Philadelphia,42101017601,-75.1338,39.994039,0.08454346528744779,-0.3051122126725403,-2.7514676835000653,True
Philadelphia,42091210200,-75.184307,40.106897,0.09820813232253618,-0.13812858347056878,-1.157003612243186,False
Philadelphia,42091201604,-75.134952,40.134757,0.315921963499056,-0.1459460442027073,-1.319456006126422,False
Philadelphia,42091201703,-75.153873,40.122357,0.06598004505954297,-0.14325903431443313,-1.23837903087253,False
Philadelphia,42091201706,-75.140103,40.113173,0.12481551760489142,-0.12729182684935464,-1.1106961322077376,False
Philadelphia,42095018100,-75.221217,40.641322,0.056945642795513375,0.03809461246384587,0.06320963100908071,False
Philadelphia,42077006903,-75.389431,40.543171,0.06698289492597384,1.15894515861008,2.486399679964375,True
Philadelphia,42045409500,-75.325152,39.960938,0.030112923462986198,-0.23675154233545354,-1.9853085167639586,True
Philadelphia,42017104702,-75.130158,40.310425,0.017605633802816902,0.1638271493683045,0.6941928046148034,False
Philadelphia,42091205502,-75.282169,39.994595,0.0270199370409234,-0.15814004395532918,-1.2532695512803087,False
Philadelphia,42045402200,-75.265047,39.932843,0.7985136251032204,-0.09113627947341443,-0.8424923439398554,False
Philadelphia,34005703900,-74.806889,39.858207,0.006097560975609756,0.13713855270782155,1.1569038249422572,False
Philadelphia,42045401301,-75.313276,39.945857,0.348068669527897,-0.16682943304453288,-1.4874207331733218,False
Philadelphia,42029300501,-75.486005,40.106671,0.017779533781114184,0.4291706104400361,1.009410508839007,False
Philadelphia,42029301100,-75.549079,40.177488,0.04493417286777333,0.8443346598436037,2.0288834452158224,True
Philadelphia,34033021202,-75.391375,39.531514,0.10193798449612403,0.27326998946096714,1.7769735227560743,False
Philadelphia,34033021000,-75.172518,39.591607,0.021529324424647365,0.5587519683710049,2.715854832737938,True
Philadelphia,10003001100,-75.558112,39.755031,0.16503703703703704,0.053929083127600044,0.41452632667636236,False
Philadelphia,34011040902,-75.020842,39.519928,0.09254267744833783,0.6216366077648467,3.199814784894185,True
Philadelphia,34033021101,-75.147502,39.564496,0.01751696956426538,0.580686049657586,2.8976238029108745,True
Philadelphia,10003014300,-75.766148,39.694778,0.14795180722891565,0.3435304827816539,2.6879790285487157,True
Philadelphia,24015030601,-75.8783,39.693351,0.013772616797191467,0.4905122637071092,3.515249896223188,True
Philadelphia,10003013506,-75.735312,39.755676,0.03306328005255091,0.2862313832180843,2.3208635891653824,True
Philadelphia,42017102600,-75.323819,40.327776,0.02910413824465666,1.1156487391054475,2.6497026098507757,True
Philadelphia,42091200105,-75.056547,40.115809,0.004384485666104553,-0.13924660035459477,-1.2661714540190903,False
Philadelphia,42011011701,-75.877721,40.237506,0.008490315733616343,0.6895959360971352,2.303707034791707,True
Philadelphia,42101004002,-75.166916,39.918746,0.009143496921067364,-0.16094418692320853,-1.2674531224169363,False
Philadelphia,42101002701,-75.153958,39.928416,0.11785714285714285,-0.19626863969336225,-1.4953605611662828,False
Philadelphia,42101002801,-75.156823,39.929004,0.04651695692025665,-0.19340210929551754,-1.514194017459671,False
Philadelphia,42101022000,-75.246237,40.063511,0.10719225449515905,-0.16806185694101353,-1.1889247285061588,False
Philadelphia,42101011000,-75.206256,39.973901,0.8706335109532267,0.035763839373735,0.2962649897092774,False
Philadelphia,42101010700,-75.207381,39.969084,0.8465076171313596,0.07852417631552323,0.6622677319133288,False
Philadelphia,42101032600,-75.039698,40.0308,0.2074474938796547,-0.03476500201450167,-0.24554223529638308,False
Philadelphia,42101019502,-75.129839,40.002907,0.1179164281625644,-0.28142526060110595,-2.6748418892000974,True
Philadelphia,42045407903,-75.380929,39.930218,0.05688789737869492,-0.187449341703489,-1.4737934356337163,False
Philadelphia,42091203106,-75.289931,40.083194,0.05201342281879195,-0.1233039919295481,-0.8606529972463132,False
Philadelphia,42101009802,-75.26687,39.974346,0.8564149226569608,-0.10822451550227677,-0.9023673785260005,False
Philadelphia,42029303901,-75.619696,39.934262,0.09228021432823973,0.00701249813812811,0.045692340959829214,False
Philadelphia,42091208906,-75.642012,40.253589,0.23032904148783978,1.0065212116154225,2.4086525242177736,True
Philadelphia,42029300109,-75.3919,40.061459,0.03477124183006536,-0.22801916237012163,-1.022479997243573,False
Philadelphia,42101036202,-74.978965,40.085095,0.08528509126150864,-0.19353337547229163,-1.4118115090087493,False
Philadelphia,42091208802,-75.625311,40.241571,0.13144493952896244,1.0213747974146299,2.4009600935537097,True
Philadelphia,42091204600,-75.253824,40.015957,0.017405383525602103,-0.09350778715996932,-0.6912588749933616,False
Philadelphia,42045409903,-75.387177,39.990948,0.013815624215021352,-0.3702110075195752,-2.2330744331611334,True
Philadelphia,42029303502,-75.730618,39.879941,0.010906612133605999,0.17116471764746252,1.2139921150732464,False
Philadelphia,34015501213,-75.067128,39.717637,0.050865800865800864,0.33808772192801706,1.8185153741014182,False
Philadelphia,34005701402,-74.747958,40.065678,0.03705263157894737,-0.05751560916804448,-0.5119436412719551,False
Philadelphia,34005702810,-74.899271,40.01946,0.7089715536105032,-0.15905031077992676,-1.32271495084373,False
Philadelphia,42091200106,-75.074806,40.12344,0.024644549763033177,-0.12257628726701661,-1.1768036799355894,False
Philadelphia,34007607701,-74.973987,39.815074,0.31539675706701104,0.08308193082547731,0.46204875644033233,False
Philadelphia,42101003701,-75.180484,39.927524,0.522109400589584,-0.09725274310182784,-0.8220957051038996,False
Philadelphia,42091204101,-75.300145,40.08033,0.02270198085911418,-0.12300531199890408,-0.8106327863032962,False
Philadelphia,42017104505,-75.091784,40.348704,0.009852216748768473,0.30121675312467383,0.7695944643378699,False
Philadelphia,42101036502,-74.997321,40.123399,0.03268765133171913,-0.22851116295800378,-0.8932309112465331,False
Philadelphia,42017104203,-75.127452,40.369106,0.011095456146530468,0.4535260508876625,1.2504745679672793,False
Philadelphia,42017104800,-75.17573,40.29796,0.03561354019746121,0.25795961303979276,1.333952684339783,False
Philadelphia,42017101603,-75.09751,40.196559,0.026203534430225474,-0.13709384985967202,-0.9868656879792085,False
Philadelphia,42091200103,-75.054509,40.151787,0.010236578707916288,-0.18486966863324758,-1.2881308689595883,False
Philadelphia,42091200104,-75.033161,40.136077,0.009221772379667117,-0.2180395689677739,-1.2045602184374193,False
Philadelphia,42017102002,-75.196292,40.31539,0.013180714533472077,0.38145718124793576,1.6980634912782782,False
Philadelphia,42017104603,-75.144957,40.284465,0.04514774261286936,0.10684105005839392,0.5827540933214824,False
Philadelphia,34019011600,-74.950126,40.44413,0.00771513353115727,0.4222186821127817,1.4088507410271827,False
Philadelphia,42101036302,-74.980551,40.097332,0.1783405172413793,-0.2052298856725155,-1.3545960408493944,False
Philadelphia,34019010600,-75.041732,40.585609,0.013573911604039066,0.4727318039515354,1.2821050474624045,False
Philadelphia,42011013301,-75.578128,40.448505,0.004388926401080351,1.5017889626790213,3.4628464626405,True
Philadelphia,42017101805,-75.120763,40.25704,0.00135623869801085,-0.03263992067360624,-0.191045076252852,False
Philadelphia,42091200309,-75.106099,40.140101,0.037184115523465705,-0.13478645238077286,-1.2409866351630392,False
Philadelphia,42017101807,-75.127901,40.24069,0.030812937062937064,-0.044310975518317,-0.29534021773283753,False
Philadelphia,42091201406,-75.157394,40.137752,0.07571288102261553,-0.15226504674508398,-1.3108460971190488,False
Philadelphia,42101035602,-75.043323,40.105001,0.057676685621445976,-0.1442705844025812,-1.1710431709000133,False
Philadelphia,34007605602,-75.07144,39.886668,0.017259978425026967,-0.21886720842254984,-1.1862514160416893,False
Philadelphia,34007606100,-75.043948,39.896733,0.004838709677419355,-0.32169772514285727,-1.6628514766994908,False
Philadelphia,24025302100,-76.184179,39.590419,0.018682858477347034,0.4819238597428616,2.7014073773528215,True
Philadelphia,42091205600,-75.262955,40.007767,0.03406055209260908,-0.0882000044822003,-0.6806698628858385,False
Philadelphia,34001010600,-74.640622,39.532632,0.1910828025477707,0.8863297016373931,4.376469614850342,True
Philadelphia,42029311403,-75.806885,40.017527,0.04463493940289684,0.2838111297011014,0.8766876258322057,False
Philadelphia,42071014201,-75.984091,40.067289,0.00795474633197808,0.3419565442515302,1.0787609737811708,False
Philadelphia,42029311600,-75.813007,39.968294,0.32819794584500467,0.27168530038430916,0.8957586807097955,False
Philadelphia,42029305102,-75.904566,40.032739,0.049393229721098574,0.3077796722916756,0.9730606002504646,False
Philadelphia,42045408600,-75.31895,39.987256,0.020391292367043262,-0.32176854443658703,-2.2693619649542227,True
Philadelphia,42029311000,-75.582584,40.17049,0.054486748284676444,0.7236423824307258,1.7236446782464134,False
Philadelphia,42091208903,-75.630674,40.247121,0.2482598607888631,1.014367921031124,2.4103100448838,True
Philadelphia,24015030904,-75.918098,39.543202,0.028720259045473744,0.3841319019103288,2.907183099854918,True
Philadelphia,10003014404,-75.781256,39.67988,0.08175042077422458,0.36140746199458906,2.8089580192068704,True
Philadelphia,34007607802,-75.002692,39.813643,0.21733919296843787,0.004675850531725494,0.026651071217627605,False
Philadelphia,24015030700,-75.967163,39.685709,0.011786716557530403,0.5340120298821122,3.420456129454469,True
Philadelphia,24015031201,-76.101478,39.626666,0.039020408163265304,0.5061869196063398,2.936890494212339,True
Philadelphia,24015031301,-76.070753,39.656277,0.009473060982830076,0.5222543109294154,3.0245753641764983,True
Philadelphia,42045403103,-75.275923,39.917953,0.5121521662557238,-0.0725812263130365,-0.6619539780140002,False
Philadelphia,42017100210,-74.91331,40.114887,0.052916497496278254,-0.19456253315057243,-1.6125579105252617,False
Philadelphia,34007606700,-75.057087,39.865184,0.07382690302398331,-0.3085013325033825,-1.5985884455852637,False
Philadelphia,34005702908,-74.90335,39.929781,0.02819463392451114,-0.08653830160634139,-0.7042176479028668,False
Philadelphia,34007611300,-75.061203,39.794923,0.07999093587128937,0.014677458487696651,0.0823517719766147,False
Philadelphia,34007600400,-75.118468,39.93357,0.43402061855670104,-0.00425420316800804,-0.03136697688888715,False
Philadelphia,34015501701,-75.033079,39.629774,0.08263993948562784,0.548866984603349,2.9221663853497253,True
Philadelphia,42017105006,-74.970526,40.18434,0.005232950708980419,-0.26276021513535675,-0.9382544753343715,False
Philadelphia,42029301600,-75.746636,40.175304,0.0007722007722007722,0.6591979087141957,2.1725266154925644,True
Philadelphia,42029300800,-75.534254,40.126737,0.06104129263913824,0.47393611366655813,1.1358600526278848,False
Philadelphia,34007606400,-75.038253,39.887647,0.008718395815170008,-0.3613037043009693,-1.8305565530630732,False
Philadelphia,10003011205,-75.513926,39.823099,0.061991869918699184,-0.1259758564242316,-0.9869095483555215,False
Philadelphia,34007602902,-75.036513,39.961172,0.20161290322580644,0.01233067044273023,0.07037159471118416,False
Philadelphia,34005700402,-75.011832,39.958362,0.013723150357995227,-0.1912534024513568,-0.9950949261920619,False
Philadelphia,42101002000,-75.183801,39.937673,0.4931020890815924,-0.07170707258443386,-0.6183228600177586,False
Philadelphia,10003013608,-75.688269,39.709465,0.10260336906584992,0.24030601276870922,1.9670715461438666,True
Philadelphia,34015501800,-75.018566,39.549081,0.03156708004509583,0.6075904697873482,3.1526673949005666,True
Philadelphia,34015501702,-74.982046,39.596232,0.04084108370400324,0.5873940496883994,3.073772432872949,True
Philadelphia,34005701002,-74.901636,40.059496,0.2930814398774572,-0.18199796095872006,-1.5232756916391303,False
Philadelphia,42101031501,-75.048193,40.036789,0.08535428803685137,-0.04136525512951421,-0.31579298305285314,False
Philadelphia,42101032500,-75.045883,40.026145,0.25877616747181964,-0.032718068575935476,-0.23673965042799533,False
Philadelphia,42101033101,-75.037927,40.040389,0.12486105965172287,-0.036643971275794635,-0.25914302411086415,False
Philadelphia,42101034801,-75.016409,40.055231,0.07291895453547112,-0.08658669896414166,-0.5100250853181832,False
Philadelphia,42017101403,-74.96493,40.162607,0.012031859006947974,-0.21672599824831518,-1.0634157340038892,False
Philadelphia,10003015802,-75.552754,39.68663,0.18233743409490333,0.16521566294107876,1.2908160936243522,False
Philadelphia,24029950200,-76.057623,39.305286,0.13959165557035064,0.3041908249390653,2.1633596401221546,True
Philadelphia,34007603503,-74.981592,39.876235,0.03801652892561983,-0.3114101612692249,-1.5244571063684538,False
Philadelphia,42101035800,-75.025879,40.121146,0.05380452085323145,-0.2183794925697603,-1.159443945167827,False
Philadelphia,42101034501,-75.03905,40.074492,0.16732751784298175,-0.07693318752325119,-0.5790913861746149,False
Philadelphia,42091200200,-75.062081,40.133514,0.04245283018867924,-0.15320832232709733,-1.3154608775025753,False
Philadelphia,42101017500,-75.142566,39.997487,0.26061689763075546,-0.30221337927773745,-2.7574015903693874,True
Philadelphia,42091202602,-75.142701,40.090878,0.19700374531835205,-0.08994881695903308,-0.731594143393606,False
Philadelphia,42091208904,-75.648273,40.247468,0.29635036496350364,0.957501548015962,2.317658774924297,True
Philadelphia,42091200305,-75.08952,40.175933,0.010728654447921324,-0.14888774223164075,-1.1405397661497896,False
Philadelphia,42091208905,-75.631949,40.260176,0.0906485130777499,1.0919642926344957,2.541851317277133,True
Philadelphia,42029300502,-75.522072,40.119054,0.015330823023130715,0.4384080594705163,1.04878917057153,False
Philadelphia,34029736101,-74.374837,39.587061,0.02403087177688125,0.6564230764076252,3.6462266769414895,True
Philadelphia,34029736001,-74.326402,39.6292,0.006171025565677344,0.5671809132676175,3.214943160027219,True
Philadelphia,42071014602,-76.088831,39.816562,0.006374203224596925,0.5145646513611359,2.3272282154961332,True
Philadelphia,34001011202,-74.889136,39.529466,0.10479169628892365,0.647040961752043,3.252223774991763,True
Philadelphia,42091201407,-75.17054,40.12057,0.20967741935483872,-0.1466632131803187,-1.2517330924692895,False
Philadelphia,42017105012,-75.019837,40.193922,0.003303964757709251,-0.18251809878194186,-0.5416885059049438,False
Philadelphia,10003014907,-75.662151,39.648759,0.4789676894940053,0.24012302466787183,1.9859736783643893,True
Philadelphia,10003014403,-75.766546,39.679852,0.1337579617834395,0.3352068302063639,2.6528328422384906,True
Philadelphia,34001011300,-74.945985,39.520983,0.07087313930237725,0.6291682837333992,3.2093870459858485,True
Philadelphia,42017104301,-75.03816,40.378922,0.005192107995846314,0.3885913979103149,1.02702110761688,False
Philadelphia,42017105010,-74.963746,40.213334,0.014267834793491864,-0.12832862180847282,-0.4949625077446711,False
Philadelphia,24015031302,-76.071376,39.697349,0.006269155753691837,0.5203992219104592,2.966232164236191,True
Philadelphia,42101021900,-75.24056,40.050426,0.07841823056300268,-0.14394201430803885,-1.019086690447939,False
Philadelphia,42101017602,-75.129116,39.996485,0.1452560873215785,-0.2905239957847714,-2.666149633766263,True
Philadelphia,34007607900,-75.005375,39.821463,0.08240647118301314,-0.04758415668831377,-0.2695288874592846,False
Philadelphia,42017105011,-74.948157,40.200421,0.01143837575064341,-0.10550524403433184,-0.5798786268512822,False
Philadelphia,42017103101,-75.330365,40.443007,0.01738024586689275,1.0387587379578376,2.139868437323623,True
Philadelphia,10001040100,-75.682914,39.237565,0.07901572112098428,0.24098829626955512,1.834097749557084,False
Philadelphia,34005703203,-74.708901,39.89916,0.02884848484848485,0.09433613205051464,0.7605613803383957,False
Philadelphia,42095018001,-75.304034,40.594009,0.008704061895551257,0.5887242485409587,1.0504162353268338,False
Philadelphia,42101016200,-75.137703,39.984016,0.18768046198267566,-0.32368948419412763,-2.6886647387913514,True
Philadelphia,42091208100,-75.50684,40.405583,0.018003790271636132,1.4516623126395967,3.5381826934028955,True
Philadelphia,42091208204,-75.623428,40.30725,0.012220566318926976,1.3227776527919735,2.952708280450295,True
Philadelphia,42045402000,-75.273445,39.935791,0.5183867141162515,-0.10959997162676557,-1.001677838224169,False
Philadelphia,42029308200,-76.044348,39.743656,0.014109985528219971,0.5412334740781075,2.8976907221487767,True
Philadelphia,24025306300,-76.134861,39.536579,0.21222791293213827,0.4473741122820654,2.800775721141322,True
Philadelphia,42017105013,-75.025181,40.211995,0.004810996563573883,-0.1403744378774672,-0.4030499727763905,False
Philadelphia,42017105206,-74.916524,40.239917,0.00942151874882231,0.07928476444675606,0.4277380120499813,False
Philadelphia,42091208201,-75.574129,40.363223,0.003669724770642202,1.4443558255019826,3.3850316816554775,True
Philadelphia,24025305100,-76.345417,39.67963,0.013365091967712055,0.4747271096503109,2.1034136453821257,True
